cluster_id,jdfn_member_count,wjq_members_dropped,deduped_duty_count,distinct_normalized_titles,modal_group_fraction,core_skill_count,security_qual_count,members_with_context,summary_in_range_available,chosen_summary_words,education_bar_spread,experience_bar_spread,flags
000cebb7-beef-55f2-98e4-4fe8d700a9e9,3,0,1,1,1.0000,23,0,0,True,143,0,0,sections_not_merged
001da53c-6fb3-5916-9baa-384cb4b0131f,3,0,11,1,1.0000,0,0,0,True,117,,,no_core_skills|sections_not_merged
0058a3e0-e0d3-535e-9d58-79cb1db8ff60,2,0,7,1,1.0000,0,0,0,True,130,,,no_core_skills|sections_not_merged
00b6c63e-9a7c-5b91-b4c5-3b1bdded3a8d,2,0,9,1,1.0000,0,0,0,False,87,,,no_core_skills|sections_not_merged
01182e7e-3cd3-5116-9755-ac02b18e4e86,2,0,6,1,1.0000,20,0,0,False,91,,,sections_not_merged
0121bf86-7a7f-5c88-809c-06eecb1e514e,3,0,1,1,1.0000,30,0,0,False,35,,0,sections_not_merged
01675ddc-4564-543b-8f82-f640a3042365,2,0,12,1,1.0000,0,0,0,True,117,,,no_core_skills|sections_not_merged
017608da-f6a4-5f00-afe8-d3c2c1457cdc,4,0,7,2,0.5000,18,0,0,False,64,0,0,sections_not_merged
0190d70b-8174-581b-afb5-04a5fd8e7894,2,0,3,1,1.0000,24,0,0,False,81,,,
01bb2702-8fcb-5e0f-9df9-ce6ec97d2fe5,2,0,12,1,1.0000,0,0,0,False,91,,,no_core_skills|sections_not_merged
01c17f61-0e0d-5b0b-b203-cd6ca417527c,3,0,3,2,0.6667,24,0,0,True,119,0,0,sections_not_merged
01cd7eb4-7cbd-5003-a1bb-031395f034bd,2,0,5,1,1.0000,29,0,0,True,101,,,sections_not_merged
01d23caf-8c4d-5851-9b80-adde5f11d3ca,2,0,5,1,1.0000,30,0,0,False,51,0,0,sections_not_merged
02182bbf-c7b0-54b1-b7a2-3e791bc4e498,2,0,7,1,1.0000,0,0,0,True,108,,,no_core_skills|sections_not_merged
022636e7-d515-59a6-9565-3e214a4750d5,2,0,4,1,1.0000,20,0,0,False,205,0,0,sections_not_merged
025d6b97-4a9c-5bca-8500-a59d73a2ff20,2,0,6,1,1.0000,20,0,0,False,185,0,0,sections_not_merged
02b81449-caa1-58e3-817a-cd11d0e4e727,2,0,5,1,1.0000,31,0,0,True,121,0,0,sections_not_merged
02cd0b91-2142-5d4a-b25e-375a1c3c3a2b,6,0,1,1,1.0000,0,0,0,False,215,,,no_core_skills|sections_not_merged
02d8e434-de8d-578e-9586-050274b792df,3,0,6,1,1.0000,27,0,0,False,96,0,0,sections_not_merged
02ffaab3-a45e-56c8-9d9e-9161c7f68e32,2,0,1,1,1.0000,0,0,0,False,167,,,no_core_skills|sections_not_merged
0332dca3-6a59-5990-b764-02ded64bfac8,3,0,1,1,1.0000,24,0,0,True,112,0,0,sections_not_merged
03572d6f-626c-5d3d-b1de-6942838a45b5,2,0,4,1,1.0000,26,0,0,False,58,0,0,sections_not_merged
0360a265-4122-53b2-a574-a41dff0cd651,2,0,1,2,0.5000,19,0,0,True,111,0,0,sections_not_merged
03b65553-bb07-5167-bd55-ea5e41be3e51,2,0,4,1,1.0000,0,0,0,True,122,,,no_core_skills|sections_not_merged
03e6781a-ab74-5c43-a3ea-83d07f2c4449,4,0,1,1,1.0000,0,0,0,False,158,,,no_core_skills|sections_not_merged
043bafc2-e97e-5f87-b772-857691de82b3,2,0,12,1,1.0000,0,0,0,True,126,,,no_core_skills|sections_not_merged
043f4981-09ae-5735-9a56-86bbe556a23a,2,0,4,1,1.0000,22,0,0,False,97,0,0,sections_not_merged
04963941-49b3-5ab4-b548-470ba259f663,7,0,1,2,0.7143,20,0,0,False,53,0,0,sections_not_merged
04e3e6f9-f8f3-58fc-b652-1760f197a621,2,0,12,2,0.5000,0,0,0,False,160,,,no_core_skills|sections_not_merged
04e3f489-32e1-581a-a0bc-8e64e5f0cc5e,2,0,1,1,1.0000,0,0,0,False,50,,,no_core_skills|sections_not_merged
05000322-43e3-5fbc-a92c-e1834be79fb7,2,0,1,1,1.0000,24,0,0,True,130,0,0,sections_not_merged
0522037a-f9f9-5f3a-bc7c-17d20c53537e,4,0,2,2,0.7500,23,0,0,False,213,0,,sections_not_merged
05730403-a0fc-5f6a-8e26-499b5fb1a0fc,3,0,1,1,1.0000,0,0,0,False,78,,,no_core_skills|sections_not_merged
05781a43-4ff7-5002-8546-95c6c9807ec8,6,0,13,1,1.0000,0,0,0,False,194,,,duties_over_max|no_core_skills|sections_not_merged
05b5ad60-05aa-5be3-be71-8405a3af069e,2,0,1,1,1.0000,25,0,0,False,89,0,0,sections_not_merged
05e3755b-d6b6-51ce-b24d-69f512c514d6,4,0,12,1,1.0000,0,0,0,True,121,,,no_core_skills|sections_not_merged
05f668da-d553-5609-b810-07ee7af0ae97,2,0,1,1,1.0000,26,0,0,True,142,,,sections_not_merged
06009b16-c63f-51d5-818f-be617911e13d,2,0,5,1,1.0000,0,0,0,False,43,,,no_core_skills|sections_not_merged
0604d8e8-cee5-5b00-9a7a-ce4cac9c1c68,5,0,1,2,0.8000,0,0,0,False,163,,,no_core_skills|sections_not_merged
061a357b-a247-551b-bca1-4523ab5e06ab,18,0,2,1,1.0000,26,0,0,False,75,0,0,sections_not_merged
0640c551-1a70-50f0-9b59-5f467727f56b,2,0,7,1,1.0000,21,0,0,False,172,,,sections_not_merged
064e00c7-5974-56a6-b80b-e6eb28abac2f,3,0,1,1,1.0000,25,0,0,True,123,0,0,sections_not_merged
06598669-130f-5e5c-b6f7-d03801bb6392,2,0,13,1,1.0000,0,0,0,False,171,,,duties_over_max|no_core_skills|sections_not_merged
065d008a-cd93-553c-9390-06fab0f11103,3,0,10,1,1.0000,24,0,0,False,152,0,0,sections_not_merged
06a3b006-6cff-504a-b0a7-29cfe33e51e6,5,0,3,1,1.0000,0,0,0,True,101,,,no_core_skills|sections_not_merged
06b310a1-d6c9-533a-af6e-123892e8ce52,6,0,10,1,1.0000,0,0,0,False,41,,,no_core_skills|sections_not_merged
06c0d082-29aa-5d38-b7c7-6d1e3aa48093,3,0,13,2,0.6667,19,0,0,True,131,0,0,duties_over_max|sections_not_merged
06cb5f27-4ffa-52a3-8042-0797e97e7d4a,2,0,12,1,1.0000,0,0,0,True,131,,,no_core_skills|sections_not_merged
06e22672-faf5-5eff-be14-5c0469142595,7,0,5,1,1.0000,0,0,0,True,110,,,no_core_skills|sections_not_merged
06e90150-f99f-5458-b123-b7c0fbeff883,4,0,3,1,1.0000,0,0,0,False,51,,,no_core_skills|sections_not_merged
070997bf-c9e5-5ea9-bb04-aa9df3d93c6e,7,0,1,1,1.0000,0,0,0,True,122,,,no_core_skills|sections_not_merged
0731878f-0d9a-5dfb-8487-6a809137e6f8,2,0,0,2,0.5000,23,0,0,False,533,0,0,sections_not_merged
07520dab-4309-513b-b80d-a181e76e2c7c,2,0,2,1,1.0000,28,0,0,True,129,0,0,sections_not_merged
075f81bf-3629-56a8-b1d3-3e52becedf94,4,0,12,1,1.0000,0,0,0,False,229,,,no_core_skills|sections_not_merged
07d44516-901b-52c9-b6aa-852d9c35b333,3,0,5,1,1.0000,0,0,0,False,205,,,no_core_skills|sections_not_merged
07e5214c-747f-5e37-bbb4-d935626b02cd,3,0,0,3,0.3333,12,0,0,False,,,,sections_not_merged
081c3c29-33d5-5bf2-8cbd-15b127426726,2,0,1,1,1.0000,0,0,0,True,119,,,no_core_skills|sections_not_merged
087a8148-36f3-5f00-b679-8fbb0ad5b11e,4,0,2,2,0.7500,0,0,0,False,282,,,no_core_skills|sections_not_merged
08a77beb-4143-53a8-a46e-be90ee13e2eb,2,0,1,2,0.5000,24,0,0,True,127,0,0,sections_not_merged
08bf6123-0253-52d3-b2df-38678b1f79d3,2,0,2,2,0.5000,27,0,0,True,108,0,0,sections_not_merged
08ffd62e-9b81-5538-afd1-9039b6b1c6cc,2,0,1,1,1.0000,0,0,0,True,137,,,no_core_skills|sections_not_merged
0968633a-1b04-5c75-85b2-ca702a82fd32,2,0,1,1,1.0000,25,0,0,True,110,0,0,sections_not_merged
09896dc2-846d-5f4c-8d41-2801a8b135b2,2,0,13,1,1.0000,0,0,0,False,290,,,duties_over_max|no_core_skills|sections_not_merged
098b9a95-7ea2-551b-820b-8c792117657f,2,0,6,1,1.0000,0,0,0,False,157,,,no_core_skills|sections_not_merged
09d79d9c-55de-5c66-9e1a-566855e296f4,2,0,0,1,1.0000,20,0,0,True,126,0,0,
09ddb2b2-2732-58dc-b504-0b83daa019ff,5,0,3,2,0.8000,24,0,0,True,123,0,0,sections_not_merged
0a1981e3-c1a1-5599-8433-be636d0e3f0d,3,0,19,2,0.6667,21,0,0,True,102,0,0,duties_over_max|sections_not_merged
0a19e0e8-5216-5fb9-83b9-d53c412f97bf,3,0,1,1,1.0000,0,0,0,False,165,,,no_core_skills|sections_not_merged
0a4aaaa8-be83-51e9-be10-fab8be763116,6,0,1,1,1.0000,0,0,0,False,69,,,no_core_skills|sections_not_merged
0a9fc1b5-e7a3-5aa7-affa-719570e69891,12,0,23,5,0.3333,22,0,0,True,117,0,0,duties_over_max|sections_not_merged
0aa38753-f9e9-5b5e-b55b-c52519cf245e,10,0,5,1,1.0000,0,0,0,True,142,,,no_core_skills|sections_not_merged
0ae51e96-d67e-5375-a17b-9fa79612b87b,5,0,3,1,1.0000,27,0,0,False,28,,,sections_not_merged
0af186b5-95d3-5ec0-b83f-4173a152e44b,2,0,5,1,1.0000,0,0,0,False,245,,,no_core_skills|sections_not_merged
0b055d92-a150-5f9c-8b9c-e0074f97686a,13,0,1,3,0.6154,26,0,0,True,106,0,0,sections_not_merged
0b0c295f-e3f0-5672-b66a-66c57f524dfd,2,0,1,1,1.0000,24,0,0,False,184,0,0,sections_not_merged
0b25bc54-c6ff-5e3f-a43f-805651005f18,2,0,7,1,1.0000,27,0,0,False,49,0,0,sections_not_merged
0b420d2a-6ab3-533d-9804-500f19bd3783,2,0,1,1,1.0000,0,0,0,False,72,,,no_core_skills|sections_not_merged
0b78544a-4108-51b7-92ff-b41758d1803e,2,0,1,1,1.0000,0,0,0,False,74,,,no_core_skills|sections_not_merged
0bc64d1b-2909-5918-8a38-e27e90b92a7b,4,0,11,2,0.7500,27,0,0,True,103,0,0,sections_not_merged
0be0c291-9b62-5ad5-b545-95f1863b4b0e,2,0,3,1,1.0000,0,0,0,True,100,,,no_core_skills|sections_not_merged
0bed1443-cae5-5df0-9f91-996a63710c5d,3,0,10,1,1.0000,25,0,0,True,113,0,3,sections_not_merged
0bfd0dd5-d822-5cfc-a742-021534a3e9a9,2,0,1,1,1.0000,0,0,0,False,93,,,no_core_skills|sections_not_merged
0c21b63e-b3ad-5393-bbc3-7e16de783f4c,2,0,8,1,1.0000,0,0,0,True,101,,,no_core_skills|sections_not_merged
0c7fabaf-d07e-5025-8509-7405e9fc2397,2,0,8,1,1.0000,24,0,0,False,91,0,0,sections_not_merged
0cb32b78-d213-5882-8ab4-00c1e009a4d8,2,0,12,1,1.0000,0,0,0,False,196,,,no_core_skills|sections_not_merged
0cd305a9-4680-5ffb-876d-2a6a4f2a13f6,2,0,1,1,1.0000,0,0,0,True,149,,,no_core_skills|sections_not_merged
0cd4a6a4-e552-5bb7-acff-00136d01ac6c,2,0,1,1,1.0000,25,0,0,True,138,0,0,sections_not_merged
0e1c6229-e3cc-53df-b5cf-7a62e7398e1e,4,0,1,1,1.0000,21,0,0,False,96,0,0,sections_not_merged
0e4f2718-fdae-5ed9-9f88-8c49efc104b9,3,0,12,1,1.0000,0,0,0,False,85,,,no_core_skills|sections_not_merged
0e646e21-6b37-540f-a8a7-8e09296998ce,2,0,5,1,1.0000,26,0,0,False,162,0,0,sections_not_merged
0e89b58f-3d98-5e64-91e4-ef93f80eff59,2,0,4,2,0.5000,20,0,0,False,82,0,0,sections_not_merged
0ef07eb8-a67c-539c-baa5-fcbc779d5bc6,2,0,1,1,1.0000,32,0,0,True,126,0,0,sections_not_merged
0f211429-9f4c-5217-89e8-0aa5431aac62,2,0,5,2,0.5000,24,0,0,True,149,0,2,sections_not_merged
0f28130f-1131-5e1e-b52e-8de7b14c2a2a,3,0,11,1,1.0000,21,0,0,True,134,0,0,sections_not_merged
0f8e7f0a-6815-5a4b-9e16-4ccf833945ea,3,0,3,1,1.0000,23,0,0,True,106,,,sections_not_merged
0f99379e-fa8e-53dd-ab47-54b8e984a101,3,0,1,1,1.0000,0,0,0,False,87,,,no_core_skills|sections_not_merged
0fbce0c6-e96f-5725-9965-440dbb2165d1,2,0,9,1,1.0000,0,0,0,True,113,,,no_core_skills|sections_not_merged
0ff17c64-31a3-5597-9d21-149fb9e579a6,2,0,1,1,1.0000,0,0,0,True,117,,,no_core_skills|sections_not_merged
0ff47f79-4e37-5008-a189-51ef3072f160,2,0,4,1,1.0000,32,0,0,False,98,0,0,sections_not_merged
1070699c-aa56-5521-a6e6-8f1b0c19628b,2,0,12,1,1.0000,0,0,0,False,206,,,no_core_skills|sections_not_merged
10a0f6e2-c0b7-510f-b64f-72ac8026b654,2,0,12,1,1.0000,0,0,0,False,51,,,no_core_skills|sections_not_merged
10c8ec9d-cf13-5baf-97d2-b43042b7a51e,2,0,6,1,1.0000,0,0,0,False,175,,,no_core_skills|sections_not_merged
10caaa2d-a5f6-5d6a-abe9-af31ebd8a265,2,0,9,1,1.0000,20,0,0,False,161,0,0,sections_not_merged
112bf772-543b-505f-ad0a-f4e921cb674b,2,0,1,1,1.0000,0,0,0,True,147,,,no_core_skills|sections_not_merged
1143163a-c1ee-5f80-91a9-1bbff0e0125e,2,0,1,1,1.0000,25,0,0,True,133,0,0,sections_not_merged
114ed563-371f-53da-b6e4-0c2ad0c2779f,2,0,0,1,1.0000,20,0,0,True,129,0,0,
117c3e2c-6876-5b6f-9bdf-68a4abd43508,3,0,1,1,1.0000,19,0,0,True,135,0,0,sections_not_merged
11a3e66c-0579-5906-b01e-1be21e64f054,2,0,8,1,1.0000,0,0,0,True,149,,,no_core_skills|sections_not_merged
11b19322-3d38-5900-b8cd-35e470fb48a4,2,0,9,1,1.0000,19,0,0,True,107,0,0,sections_not_merged
11b468c5-18b2-5ceb-8d0f-03da2512c204,3,0,15,1,1.0000,21,0,0,True,135,0,0,duties_over_max|sections_not_merged
11ded474-c8a0-5407-a39d-fb6aef663bc8,2,0,0,1,1.0000,0,0,0,False,537,,,no_core_skills|sections_not_merged
11f5b782-caf7-52ed-9f48-1e05edc8c599,8,0,2,2,0.6250,24,0,0,False,58,0,3,sections_not_merged
12118023-069b-5df5-86d7-76475bcee721,3,0,12,1,1.0000,0,0,0,True,109,,,no_core_skills|sections_not_merged
12318a1b-3f95-5423-9062-fcbce7c93c7b,3,0,5,2,0.6667,24,0,0,True,147,0,0,sections_not_merged
124cec44-c49a-5ebd-8a75-aa5a1ed429ba,3,0,8,2,0.6667,27,0,0,True,121,0,0,sections_not_merged
1255208a-c5b2-5380-9697-249d1a62d359,9,0,12,2,0.8889,0,0,0,False,95,,,no_core_skills|sections_not_merged
12851f4a-f2c7-5882-9aed-cea8951514e7,2,0,1,1,1.0000,0,0,0,True,127,,,no_core_skills|sections_not_merged
128dcdc2-35e9-5bb6-ba68-7b09c384180e,3,0,7,1,1.0000,22,0,0,False,177,,,sections_not_merged
12b697a0-d7ef-5efc-9458-9892415de7b9,4,0,1,1,1.0000,0,0,0,True,103,,,no_core_skills|sections_not_merged
1314be50-9535-525c-9ba6-35a06ffeab80,4,0,1,2,0.7500,21,0,0,False,78,0,0,sections_not_merged
132249c5-3fef-577f-9a85-b11bbeb2087a,3,0,1,1,1.0000,0,0,0,False,155,,,no_core_skills|sections_not_merged
134b24b4-b52a-5c1a-9b12-c8d7041725d6,2,0,3,1,1.0000,26,0,0,True,114,0,0,sections_not_merged
1354d0e8-92ae-536b-bd0b-bd213462473e,2,0,6,1,1.0000,29,0,0,False,94,0,0,sections_not_merged
13677a15-5b8e-5aca-8f98-dda3127b9ea3,4,0,1,2,0.7500,0,0,0,False,37,,,no_core_skills|sections_not_merged
137dcd77-17ca-5f34-890b-cd73cbfa19fe,3,0,13,3,0.3333,24,0,0,True,139,1,0,duties_over_max|sections_not_merged
13824a6c-ae19-5c64-9e23-c6d156472db7,2,0,5,1,1.0000,0,0,0,False,89,,,no_core_skills|sections_not_merged
13b9aa5d-4f90-5f31-94af-47f834f1e9a7,2,0,1,1,1.0000,0,0,0,True,127,,,no_core_skills|sections_not_merged
13c4b510-4bc8-56bf-ae7d-37f3eb783459,2,0,1,1,1.0000,0,0,0,False,54,,,no_core_skills|sections_not_merged
13e2a01d-d8c1-5dff-b85d-fc9a34b5ed06,2,0,1,1,1.0000,0,0,0,True,143,,,no_core_skills|sections_not_merged
13ee2428-25e1-5a4d-a9bc-39cbebf5e91f,3,0,4,1,1.0000,86,0,0,False,69,0,,sections_not_merged
13ee2c84-3970-557f-b984-8abbdb1b29c1,2,0,9,1,1.0000,0,0,0,False,254,,,no_core_skills|sections_not_merged
140a19b6-b3e7-50c9-90b6-21f8d5b3d02a,8,0,5,3,0.6250,25,0,0,True,103,0,0,sections_not_merged
144192c8-bbac-5dd3-adef-431f0e003a25,3,0,12,1,1.0000,0,0,0,False,260,,,no_core_skills|sections_not_merged
1443369c-7323-50af-aa15-bf7d8307de24,2,0,1,1,1.0000,22,0,0,False,46,0,0,sections_not_merged
1449d0b4-f5c6-5db9-b80d-0c43113b7bcc,2,0,1,1,1.0000,0,0,0,True,129,,,no_core_skills|sections_not_merged
145bb8ab-ce69-57b8-b171-976a4d15d0c0,8,0,9,2,0.6250,24,0,0,False,47,0,0,sections_not_merged
14663001-dd5c-5f1d-8f80-ccb8b5264bb7,7,0,1,2,0.8571,24,0,0,False,85,0,0,sections_not_merged
146cfb15-0e00-5626-851a-02197395e48f,2,0,1,1,1.0000,28,0,0,False,92,0,0,sections_not_merged
146efe8d-be5c-5327-9cf2-ab46f84841db,2,0,1,1,1.0000,0,0,0,False,61,,,no_core_skills|sections_not_merged
147faa04-875a-53c1-825b-afe89784283c,20,0,1,1,1.0000,0,0,0,False,171,,,no_core_skills|sections_not_merged
148a1df5-ded7-5487-b121-fc233fcd8ed1,2,0,4,1,1.0000,24,0,0,True,132,0,0,sections_not_merged
14ad9b2b-b8bb-560f-8f56-2321f1424bd9,2,0,1,1,1.0000,25,0,0,False,165,0,0,sections_not_merged
14f5c990-db43-5876-8309-196ee55e2857,2,0,4,1,1.0000,23,0,0,True,141,0,0,sections_not_merged
14fa5a33-3bff-598d-ac6d-6aaa5283462f,2,0,1,1,1.0000,32,0,0,False,76,0,0,sections_not_merged
14fdc842-ed35-54c6-bb15-db8321ee7618,3,0,12,2,0.6667,25,0,0,True,146,0,0,sections_not_merged
151c17e0-985b-5081-a979-74bb7ffa0a93,4,0,4,2,0.7500,22,0,0,True,101,0,0,sections_not_merged
15538fde-fdfc-5db8-8ee2-58317212fa2b,10,0,4,2,0.8000,21,0,0,False,52,0,0,sections_not_merged
155c8c5c-66e4-5da6-80c1-dd0d33a40196,4,0,2,3,0.5000,25,0,0,True,141,0,0,sections_not_merged
1567d28d-64c3-5d0a-8a34-a42d079e0f15,3,0,5,3,0.3333,27,0,0,True,104,0,1,sections_not_merged
1573c4c5-ac9a-590c-94a4-1f53b1d14cec,2,0,8,1,1.0000,0,0,0,False,195,,,no_core_skills|sections_not_merged
15e6cafe-b89b-54d7-b450-e46e7030d5e2,2,0,12,1,1.0000,0,0,0,False,95,,,no_core_skills|sections_not_merged
162b5c80-0ad4-509d-8584-d742b938c502,2,0,11,1,1.0000,27,0,0,False,50,0,0,sections_not_merged
163840ba-0641-5c41-8d78-f9a4464afca8,4,0,1,1,1.0000,28,0,0,False,48,,,sections_not_merged
16692d77-7c42-5b9e-b78c-94a5a80a9450,5,0,1,1,1.0000,0,0,0,True,150,,,no_core_skills|sections_not_merged
16733929-f965-5f71-bd8f-1396caae1a4a,2,0,14,2,0.5000,27,0,0,True,102,0,,duties_over_max|sections_not_merged
16771fa2-9f01-5ee0-bfe3-93b29aeaff35,2,0,1,1,1.0000,0,0,0,False,77,,,no_core_skills|sections_not_merged
16df1b2d-50a0-5d19-b7f7-d0a7aad4efef,3,0,13,1,1.0000,0,0,0,True,128,,,duties_over_max|no_core_skills|sections_not_merged
172595bb-3019-5dab-8a34-2c7b7a3afaf6,4,0,0,1,1.0000,0,0,0,False,172,,,no_core_skills
173db4d3-f932-5afe-b5c6-13047ebf50ad,13,0,0,1,1.0000,0,0,0,False,,,,no_core_skills
1756205e-747f-55fd-9846-2ca1ff3de573,2,0,12,1,1.0000,0,0,0,False,165,,,no_core_skills|sections_not_merged
1771dab6-6e77-5311-9bba-1a8c696d453f,7,0,7,3,0.4286,20,0,0,True,128,1,2,sections_not_merged
17ed8bb0-9355-5f96-aae2-7686ac4622ee,15,0,7,1,1.0000,27,0,0,False,167,1,0,sections_not_merged
1829b82d-934a-5587-be08-b75c9df35d82,15,0,17,3,0.6667,18,0,0,True,119,0,0,duties_over_max|sections_not_merged
1858dbe0-7723-57aa-9b0c-a909c9464f75,2,0,7,1,1.0000,0,0,0,False,80,,,no_core_skills|sections_not_merged
185b25de-3b16-5de7-8e51-ca78d86b1148,3,0,3,2,0.6667,0,0,0,True,139,,,no_core_skills|sections_not_merged
18633857-762d-541f-911f-db35130951dd,17,0,2,3,0.5294,25,0,0,True,140,0,0,sections_not_merged
1887dbf1-6ac4-5877-9d8d-0916f769aa74,3,0,9,1,1.0000,0,0,0,False,75,,,no_core_skills|sections_not_merged
1888824c-d23d-5c08-a373-93fb653db4cc,4,0,4,2,0.7500,16,0,0,True,137,0,0,sections_not_merged
18b40399-7bb1-5dfb-9bf4-67958c1f838a,2,0,4,1,1.0000,0,0,0,True,114,,,no_core_skills|sections_not_merged
18c0e573-b586-5916-b39c-41555bf696c0,4,0,2,2,0.7500,26,0,0,True,101,0,0,sections_not_merged
18dc946c-c4ab-58f6-86d5-050cb910fe59,2,0,0,1,1.0000,21,0,0,False,220,0,0,
19295ca3-8190-5ba3-8e37-de95c6f96b9f,2,0,12,1,1.0000,0,0,0,True,110,,,no_core_skills|sections_not_merged
192a17db-a97f-5fac-b39a-57b9d221a648,2,0,4,1,1.0000,26,0,0,False,90,0,0,sections_not_merged
193029fe-f189-5ead-ace6-46369086e7c9,4,0,1,1,1.0000,24,0,0,False,44,0,0,sections_not_merged
19340f44-69bc-50fe-93c6-6c99dab91883,4,0,1,2,0.5000,19,0,0,False,159,0,0,sections_not_merged
19656623-ab79-5baf-bc16-1eb411d85c4c,2,0,1,1,1.0000,25,0,0,False,61,0,0,sections_not_merged
19a30afd-a5f6-5ce4-accd-c8f618756ac1,2,0,6,1,1.0000,0,0,0,True,132,,,no_core_skills|sections_not_merged
19babe9b-eeef-57ae-82d3-aaa563bead82,3,0,12,1,1.0000,0,0,0,False,85,,,no_core_skills|sections_not_merged
19bfbffa-cb2e-578f-b85a-7242a3ad7da0,2,0,12,1,1.0000,21,0,0,False,98,0,0,sections_not_merged
19eff5ea-83f1-52e3-b0c3-4adc6cfe8029,3,0,6,1,1.0000,24,0,0,True,128,0,0,sections_not_merged
1a64b23c-a672-508d-9c7e-080a729215a9,2,0,5,1,1.0000,0,0,0,True,122,,,no_core_skills|sections_not_merged
1a717180-ace4-50be-af27-554011a824e3,3,0,1,1,1.0000,0,0,0,True,107,,,no_core_skills|sections_not_merged
1a836fac-397b-5d31-9a6d-698c8faffe2b,5,0,7,1,1.0000,24,0,0,True,103,0,0,sections_not_merged
1aa86546-e4f7-5bfe-8af5-744f28b2c5e8,2,0,12,1,1.0000,0,0,0,False,71,,,no_core_skills|sections_not_merged
1aad3709-0d6f-5e3e-af8e-ab5508ee9b7e,7,0,2,1,1.0000,0,0,0,False,248,,,no_core_skills|sections_not_merged
1acee3d0-50b3-549d-83ce-5377d3c5d471,2,0,5,1,1.0000,0,0,0,True,115,,,no_core_skills|sections_not_merged
1ae5d1b8-7c02-5a33-8674-43c0c7eef001,2,0,1,2,0.5000,0,0,0,False,51,,,no_core_skills|sections_not_merged
1af4db97-6496-5218-b2e4-acbc13e19adf,2,0,2,1,1.0000,28,0,0,False,60,0,2,sections_not_merged
1b1feb9c-0b70-5c39-a626-12ba676b6c4b,7,0,2,2,0.5714,19,0,0,True,111,0,0,sections_not_merged
1b531dc5-e20a-5c3b-9d11-e0d3c1611844,3,0,1,1,1.0000,24,0,0,True,106,0,0,sections_not_merged
1b828baf-83d1-50ce-8fbd-3b7c939532e5,2,0,11,1,1.0000,21,0,0,False,93,0,0,sections_not_merged
1b963a71-3aa2-505e-88b1-5034fb2997f3,2,0,1,1,1.0000,23,0,0,False,91,0,0,sections_not_merged
1ba91a29-dc21-5781-bc1f-9bf1546e2f6f,2,0,2,1,1.0000,23,0,0,True,143,0,0,sections_not_merged
1c1677c6-fdfc-558d-8069-ce89fdb1373e,10,0,9,1,1.0000,0,0,0,True,121,,,no_core_skills|sections_not_merged
1c83fe82-2731-5a7e-8014-8b90bc859d41,3,0,10,1,1.0000,0,0,0,True,135,,,no_core_skills|sections_not_merged
1c94dc8a-7f00-5dcb-b08a-aaa7f448d788,10,0,5,3,0.4000,31,0,0,False,70,0,0,sections_not_merged
1ca9ff41-b01b-5702-b46d-06841ea9309f,3,0,12,1,1.0000,22,0,0,False,92,0,0,sections_not_merged
1d01d49e-fa46-5b04-afbf-d1307ea44280,2,0,1,1,1.0000,20,0,0,False,65,0,0,sections_not_merged
1d16be5e-e5b9-5678-8472-8bcc287c94bf,2,0,1,1,1.0000,0,0,0,False,57,,,no_core_skills|sections_not_merged
1d5c9888-f315-5086-8eac-944fa522183c,2,0,1,1,1.0000,0,0,0,True,141,,,no_core_skills|sections_not_merged
1d68c603-c225-58e8-9d77-559696fccff7,2,0,13,2,0.5000,21,0,0,False,219,0,0,duties_over_max|sections_not_merged
1d950d62-5ee0-51dd-9b5b-b98b413d4127,22,0,8,7,0.6818,24,0,0,True,106,,,sections_not_merged
1dc83819-db8d-5d09-ac47-5b3b42790646,4,0,1,1,1.0000,0,0,0,True,142,,,no_core_skills|sections_not_merged
1dd2e0f3-1cfc-56a8-abbc-8251ba642ca8,2,0,1,1,1.0000,0,0,0,True,111,,,no_core_skills|sections_not_merged
1e00a9ff-78c7-549e-89f6-3a5ab3ab30c4,2,0,1,1,1.0000,23,0,0,False,99,0,0,sections_not_merged
1e1ae3fa-2f67-5210-ba3c-16339bcbd798,4,0,10,1,1.0000,91,0,0,False,47,0,,sections_not_merged
1e1f5237-f1eb-5076-918b-0d3419f5eeeb,3,0,1,2,0.6667,28,0,0,True,130,0,0,sections_not_merged
1e245383-d911-58f3-9760-804c82176f3b,3,0,9,1,1.0000,23,0,0,False,199,0,0,sections_not_merged
1e940c14-8a42-502c-8353-5048aec3b631,2,0,5,1,1.0000,0,0,0,False,283,,,no_core_skills|sections_not_merged
1edcdc3e-51e6-5704-b075-0c80a4dc937d,2,0,1,1,1.0000,22,0,0,True,132,0,0,sections_not_merged
1ef2bd20-e244-5803-bef9-73d181d1da81,8,0,5,6,0.2500,32,0,0,True,131,0,0,sections_not_merged
1ef3ea63-8366-53ed-8e98-b3c5e3ed9e69,5,0,1,1,1.0000,0,0,0,True,112,,,no_core_skills|sections_not_merged
1f2c9ab6-9711-53d5-bbda-41a113a18fb4,2,0,0,1,1.0000,0,0,0,False,,,,no_core_skills|sections_not_merged
1f4b3731-e35c-543e-8176-cb60fb3dbce4,3,0,5,1,1.0000,0,0,0,False,92,,,no_core_skills|sections_not_merged
1f7bea9f-6132-50ea-a43c-a4d77455a718,3,0,5,2,0.6667,27,0,0,True,103,0,0,sections_not_merged
1fb01a4d-16af-5073-8785-94947a543cb3,3,0,2,1,1.0000,23,0,0,True,117,0,3,sections_not_merged
1fdefce2-ff01-564a-be78-a42c7f753546,2,0,11,2,0.5000,33,0,0,True,132,0,0,sections_not_merged
1ff53145-312e-5ebc-9736-b983e7eaa55a,2,0,7,1,1.0000,0,0,0,False,152,,,no_core_skills|sections_not_merged
20189149-4beb-5d7b-b7f2-b57800dfbbad,2,0,12,1,1.0000,0,0,0,True,113,,,no_core_skills|sections_not_merged
20812077-efc5-52f0-92b1-7558cd048cf0,4,0,1,1,1.0000,21,0,0,False,65,0,0,sections_not_merged
20cf1674-99bc-59fe-a720-ae3d3cfc30dd,2,0,1,2,0.5000,0,0,0,False,54,,,no_core_skills|sections_not_merged
20ddfb53-df66-5aaf-a97c-2a28eaaa2210,2,0,12,2,0.5000,0,0,0,True,114,,,no_core_skills|sections_not_merged
20eb5627-7e75-53a0-bb2f-30596f7d0309,13,0,12,1,1.0000,94,0,0,False,49,0,,sections_not_merged
20f30fcd-69aa-58fd-9d2b-3dc1a6780ac2,3,0,1,1,1.0000,27,0,0,False,70,0,0,sections_not_merged
2101dff3-12e6-5293-82b5-12b7fe17fc9b,3,0,6,1,1.0000,18,0,0,False,95,0,0,
21140d18-1a24-5205-b842-5e644bdedf3e,2,0,3,1,1.0000,19,0,0,True,117,0,0,sections_not_merged
218eb7a0-e261-5d84-aa1b-7e2290c44891,4,0,1,1,1.0000,0,0,0,True,104,,,no_core_skills|sections_not_merged
21973da6-7f81-5b82-802a-3ba57dd37270,2,0,1,1,1.0000,0,0,0,False,153,,,no_core_skills|sections_not_merged
2198e4ee-1d5a-594f-9c63-d1388c95d3d0,2,0,5,2,0.5000,21,0,0,False,95,0,0,sections_not_merged
219b3136-6580-56f1-8949-9783ab7ed37b,4,0,12,4,0.2500,0,0,0,False,32,,,no_core_skills|sections_not_merged
21a4b983-b69c-5a74-95b7-776ec9158a24,2,0,1,1,1.0000,25,0,0,True,124,0,0,sections_not_merged
21c00be8-d0a3-5ebd-96c2-8fc3839ef9fe,2,0,12,1,1.0000,0,0,0,True,124,,,no_core_skills|sections_not_merged
21fedf24-6ae8-5ed0-8cf0-2a981ae287f5,5,0,12,1,1.0000,0,0,0,False,74,,,no_core_skills|sections_not_merged
226556c8-5f8c-5d7e-9b35-5fa57a924b8e,2,0,8,2,0.5000,0,0,0,False,175,,,no_core_skills|sections_not_merged
227344f2-b25f-5b2a-bda4-a84edbd56a30,2,0,11,2,0.5000,0,0,0,False,74,,,no_core_skills|sections_not_merged
2280210c-3e30-586d-b3ac-1a31b63cd894,2,0,12,1,1.0000,0,0,0,True,114,,,no_core_skills|sections_not_merged
228fa938-1634-5af5-994b-01525a9b4dd1,3,0,1,1,1.0000,0,0,0,True,100,,,no_core_skills|sections_not_merged
22994d3a-3b59-5c0a-a6d1-6d5074f1282d,2,0,4,1,1.0000,0,0,0,False,168,,,no_core_skills|sections_not_merged
22a221bb-d8b4-5bad-911b-7e73adc5f835,3,0,12,2,0.6667,25,0,0,True,118,0,0,sections_not_merged
22cb499b-77b3-5df7-b372-2d369f365b94,2,0,3,1,1.0000,0,0,0,False,76,,,no_core_skills|sections_not_merged
22e5db04-0a45-51d4-9518-97c849ee7d6f,57,0,12,3,0.5439,24,0,0,False,68,0,0,sections_not_merged
22f0b64d-c6f2-51e2-a52c-d1e1d8672ac1,2,0,1,2,0.5000,0,0,0,True,128,,,no_core_skills|sections_not_merged
23078b62-0d19-5a4f-8784-031878b2b06c,3,0,11,1,1.0000,27,0,0,False,178,0,0,sections_not_merged
23187a76-eb72-5530-a1b3-d139d2590044,2,0,3,1,1.0000,26,0,0,True,140,0,0,sections_not_merged
23201bc7-04b3-5413-9d51-838ce50479c6,20,0,17,2,0.8500,22,0,0,True,131,0,1,duties_over_max|sections_not_merged
23320c88-99b3-598a-8b64-b2ad10535fff,2,0,5,1,1.0000,0,0,0,False,155,,,no_core_skills|sections_not_merged
233391a6-5c2f-52f2-afcc-141b5f13918d,2,0,10,1,1.0000,0,0,0,False,176,,,no_core_skills|sections_not_merged
238df270-9e68-5aa8-a87d-ea0c4b9083e3,2,0,1,1,1.0000,0,0,0,False,92,,,no_core_skills|sections_not_merged
239b506a-db6c-52c2-95dc-848c18b0b504,2,0,1,1,1.0000,27,0,0,False,291,0,0,sections_not_merged
23a58c9c-46f5-5ed8-8c7f-a9c202fbdeee,2,0,12,1,1.0000,0,0,0,False,71,,,no_core_skills|sections_not_merged
23dc275f-f8b1-582b-84ff-a5b5482c227b,3,0,11,1,1.0000,0,0,0,False,66,,,no_core_skills|sections_not_merged
23f7b615-0ec3-5d07-836a-d51fe22bb034,2,0,6,2,0.5000,0,0,0,False,75,,,no_core_skills|sections_not_merged
240d488b-c89d-5e24-9e24-5bd35ec343ee,2,0,1,1,1.0000,0,0,0,False,176,,,no_core_skills|sections_not_merged
24334212-63ef-5486-b866-2bbd8ec7ab59,3,0,5,1,1.0000,23,0,0,True,139,0,0,sections_not_merged
243382df-f308-5acd-b3a0-b6a40d06c0d3,2,0,6,1,1.0000,21,0,0,False,69,0,0,sections_not_merged
245413da-1cc8-5809-a2d2-49eda6456f6c,2,0,12,1,1.0000,0,0,0,False,82,,,no_core_skills|sections_not_merged
24586a81-3e05-52ad-acce-96afa5743afe,2,0,12,1,1.0000,22,0,0,False,90,0,0,sections_not_merged
246820ab-4e26-598c-8d62-1eaefba89bab,2,0,1,1,1.0000,0,0,0,False,80,,,no_core_skills|sections_not_merged
24723645-060c-5c31-9a33-ad2a8847777d,9,0,12,1,1.0000,23,0,0,True,108,0,0,sections_not_merged
247d55d8-d462-5ef4-9816-732330386c99,2,0,3,1,1.0000,0,0,0,False,99,,,no_core_skills|sections_not_merged
248fa394-bf96-5be6-a2b2-eb2e7b3db8f8,6,0,3,1,1.0000,23,0,0,False,91,0,0,sections_not_merged
249a9917-1128-5eac-a3b8-7ac9e55fad3d,2,0,9,1,1.0000,26,0,0,True,118,,,sections_not_merged
24a1bfdc-885b-5be0-9e34-3ba256bfcf8e,3,0,10,1,1.0000,0,0,0,False,70,,,no_core_skills|sections_not_merged
24a22f09-c1f7-5578-abd6-27415157a9fb,3,0,12,1,1.0000,0,0,0,True,135,,,no_core_skills|sections_not_merged
24df092f-abd1-5c30-9a99-f899642faa24,2,0,7,1,1.0000,0,0,0,False,312,,,no_core_skills|sections_not_merged
24e80da7-29ed-5025-9aea-7ff7df80a198,9,0,16,2,0.7778,23,0,0,True,102,0,2,duties_over_max|sections_not_merged
251ae513-e702-523d-801f-e658edc5504d,4,0,8,1,1.0000,25,0,0,False,99,0,0,sections_not_merged
256731e8-7394-504e-946f-e28a28e6b5f8,31,0,5,1,1.0000,0,0,0,False,49,,,no_core_skills|sections_not_merged
25caaf91-77bb-581e-b394-30a96776a96e,2,0,1,1,1.0000,34,0,0,True,107,0,0,sections_not_merged
25da1e1d-7009-58cf-a42c-46e03cb26a67,2,0,4,1,1.0000,21,0,0,False,65,0,0,sections_not_merged
25e46015-fbab-5e68-acd6-136dde9befc0,2,0,1,2,0.5000,0,0,0,False,64,,,no_core_skills|sections_not_merged
2620894d-3243-5f0c-b92b-004609074846,3,0,1,1,1.0000,29,0,0,False,42,,0,sections_not_merged
262c1750-9074-58c4-8241-fd7143536c78,2,0,12,1,1.0000,0,0,0,False,215,,,no_core_skills|sections_not_merged
265eb990-ce97-5077-b4d3-d4c219c99535,2,0,1,1,1.0000,21,0,0,True,130,0,0,sections_not_merged
2679b19d-c8d2-5786-b5ad-665749269f19,6,0,11,2,0.6667,20,0,0,True,104,0,0,sections_not_merged
26b44113-e1dd-526b-8b33-d8ba9d27bba1,3,0,4,1,1.0000,21,0,0,True,106,0,0,sections_not_merged
26b96c83-f0af-5e85-8849-fc69046ebfe2,3,0,6,1,1.0000,0,0,0,False,54,,,no_core_skills|sections_not_merged
26cd2f1a-3dac-554d-a613-085d1f7bf86d,3,0,1,1,1.0000,0,0,0,False,58,,,no_core_skills|sections_not_merged
270c91c1-031a-5f3d-b5ce-0a93b77ad613,4,0,4,2,0.7500,20,0,0,False,50,0,0,sections_not_merged
2722431b-160e-5111-80b2-6e9b472832ba,2,0,12,1,1.0000,0,0,0,True,110,,,no_core_skills|sections_not_merged
273fb782-9b3c-5a1c-a588-bd833198552d,3,0,1,1,1.0000,26,0,0,False,67,0,0,sections_not_merged
2747fd9f-fafd-507c-b877-7784d2f4ddf0,2,0,1,1,1.0000,20,0,0,False,75,0,0,sections_not_merged
274f5131-e4a8-5157-b9ab-d3135a091c43,2,0,0,2,0.5000,0,0,0,False,,,,no_core_skills|sections_not_merged
275416ce-7f55-5003-b951-0b30492b5ea9,2,0,7,1,1.0000,0,0,0,False,86,,,no_core_skills|sections_not_merged
275ab2a1-10b3-5c93-a880-18b24f5e77f1,2,0,12,1,1.0000,0,0,0,True,134,,,no_core_skills|sections_not_merged
276cd2ed-cf93-5835-a031-7246b946c923,4,0,9,2,0.7500,21,0,0,True,115,0,0,sections_not_merged
27896a44-7bd4-5655-a274-047055648fc8,16,0,12,1,1.0000,0,0,0,False,183,,,no_core_skills|sections_not_merged
279cf9e7-1398-5dcc-abb1-d5aa264385d5,2,0,4,1,1.0000,27,0,0,False,74,0,0,sections_not_merged
27c6b54d-1003-5377-aa11-51e6b52f8278,2,0,4,1,1.0000,0,0,0,False,229,,,no_core_skills|sections_not_merged
27de4cc5-3604-5eb5-b77d-f6cdb6a15769,2,0,7,1,1.0000,29,0,0,False,49,0,0,sections_not_merged
27f71143-9650-58c3-8e16-6d1011a84870,4,0,4,1,1.0000,0,0,0,False,77,,,no_core_skills|sections_not_merged
282045db-8fb6-5bc6-9684-4ba50d4433c5,3,0,1,1,1.0000,19,0,0,False,159,0,0,sections_not_merged
283730b0-6a5f-5fca-8afc-c55dd15d874f,3,0,1,1,1.0000,0,0,0,False,293,,,no_core_skills|sections_not_merged
2872011b-629d-5dae-8236-0031b9a96696,21,0,30,5,0.3333,24,0,0,True,111,1,4,duties_over_max|sections_not_merged
289db812-760b-5b9d-a66e-11786ce8b40b,4,0,2,2,0.5000,25,0,0,True,137,0,0,sections_not_merged
28d41e6e-603a-5fef-b651-1289038ae04e,2,0,3,1,1.0000,0,0,0,False,58,,,no_core_skills|sections_not_merged
28ddbae2-aa80-50a1-a7c0-5bb8fe3c163d,7,0,1,1,1.0000,24,0,0,False,75,,,sections_not_merged
28f311e9-a28c-513b-a151-78718e7bde20,3,0,1,1,1.0000,0,0,0,True,117,,,no_core_skills|sections_not_merged
28ff2c01-90d5-5e6c-a2bc-e5d2601dee6f,2,0,3,1,1.0000,0,0,0,True,106,,,no_core_skills|sections_not_merged
2901ae88-b2cb-5345-8d80-729c40e9da82,2,0,7,2,0.5000,0,0,0,False,198,,,no_core_skills|sections_not_merged
2920b716-47d1-5df9-98de-24dd7d667796,2,0,12,1,1.0000,0,0,0,False,177,,,no_core_skills|sections_not_merged
293805cb-e1f7-5e48-9749-1fb6e48e7c87,2,0,7,1,1.0000,0,0,0,True,122,,,no_core_skills|sections_not_merged
293dc3d0-4626-5a8a-af28-ccd9fafdc184,2,0,1,1,1.0000,21,0,0,False,71,,,sections_not_merged
29d18253-68ff-5c5c-a0dd-abc999c44669,2,0,4,1,1.0000,0,0,0,False,73,,,no_core_skills|sections_not_merged
29ed0841-0a2f-5599-b342-61525bf17547,4,0,7,1,1.0000,0,0,0,True,107,,,no_core_skills|sections_not_merged
29f0a846-f4e9-59d4-9c13-a79bd207ed42,4,0,1,1,1.0000,0,0,0,False,270,,,no_core_skills|sections_not_merged
2a2cf372-4f25-560e-b258-e096317be458,4,0,3,1,1.0000,0,0,0,False,203,,,no_core_skills|sections_not_merged
2a31d189-ef74-537b-8c7b-722f9d2367d1,5,0,8,1,1.0000,0,0,0,True,146,,,no_core_skills|sections_not_merged
2a3823f4-b37e-5296-973d-fe35b1b6a5a6,3,0,1,1,1.0000,0,0,0,True,111,,,no_core_skills|sections_not_merged
2a8faaba-9881-59ef-9f9c-ec65b760006a,4,0,1,2,0.7500,22,0,0,True,119,0,0,sections_not_merged
2ac32303-db3a-5930-8627-cf476294735f,3,0,0,1,1.0000,19,0,0,True,101,0,0,
2ac4d8ea-9e00-58f2-b57b-9d4ac90562c3,2,0,1,2,0.5000,0,0,0,False,48,,,no_core_skills|sections_not_merged
2ac977a4-14d5-5b3e-9587-4da5d2918379,2,0,1,1,1.0000,0,0,0,True,112,,,no_core_skills|sections_not_merged
2af6d5ff-c899-52fe-ae76-f0488ebda405,2,0,2,1,1.0000,30,0,0,True,137,0,0,sections_not_merged
2b0988ef-9858-589e-a681-a3d86bf73c95,3,0,1,1,1.0000,0,0,0,True,136,,,no_core_skills|sections_not_merged
2b32563a-f7b5-5429-b642-7062e545aaba,2,0,1,1,1.0000,23,0,0,False,65,0,0,sections_not_merged
2b4143a9-7218-5afb-b6a6-958a96cf76c2,2,0,1,1,1.0000,28,0,0,False,32,,,sections_not_merged
2b60051a-8421-523f-a71d-a8b8b491f1b0,2,0,0,1,1.0000,20,0,0,False,179,0,0,
2b8c53a4-dae8-50cc-8998-0cb23a2caf7f,2,0,5,2,0.5000,21,0,0,True,108,0,0,sections_not_merged
2ba6afb0-6f54-5bb8-82f1-6a10c46fd547,8,0,6,2,0.6250,24,0,0,True,110,0,2,sections_not_merged
2c10912c-e4eb-563b-891b-6ca737919478,2,0,12,1,1.0000,0,0,0,False,181,,,no_core_skills|sections_not_merged
2c619cc6-0e00-57a0-994e-77039fdc383f,3,0,9,2,0.6667,20,0,0,True,102,0,0,sections_not_merged
2c95f5fa-301d-5775-adaf-e35333e74935,2,0,4,1,1.0000,23,0,0,False,,0,0,sections_not_merged
2cd24c7a-68d4-5a00-82b1-e3f3af8d8dc1,3,0,2,1,1.0000,21,0,0,False,95,0,2,sections_not_merged
2cdd698c-4468-52d2-985f-b14fa771f221,6,0,4,3,0.5000,26,0,0,True,112,1,4,sections_not_merged
2d351d95-93f3-502a-add6-ba5603e3b871,4,0,1,1,1.0000,0,0,0,True,150,,,no_core_skills|sections_not_merged
2d604df5-9361-52bb-ba2f-ec4f13e7b763,3,0,12,1,1.0000,27,0,0,False,68,0,0,sections_not_merged
2d729660-2099-5107-a400-f783900449f8,10,0,1,1,1.0000,22,0,0,False,99,0,0,sections_not_merged
2db520a1-363d-50bc-8c47-dac7c604ce2d,2,0,1,1,1.0000,33,0,0,False,94,0,0,sections_not_merged
2e27449f-61ca-52b7-80aa-d38cfdd579d6,2,0,4,1,1.0000,19,0,0,False,42,0,0,sections_not_merged
2e47254a-8f9a-5ca3-8b8f-3933f2ba6e1b,10,0,2,3,0.8000,23,0,0,True,126,0,0,sections_not_merged
2e53066e-fe7a-54c2-835a-3e8b778d0fad,7,0,9,1,1.0000,0,0,0,True,113,,,no_core_skills|sections_not_merged
2e6f6341-4038-52e7-aac0-9a9ef8db5cac,2,0,8,1,1.0000,19,0,0,False,71,0,0,sections_not_merged
2e78de91-fbd5-5847-8e01-d3010ac7bda5,2,0,1,1,1.0000,0,0,0,False,184,,,no_core_skills|sections_not_merged
2e9467c4-431c-5a27-8313-eab3116bec3f,17,0,4,2,0.5294,20,0,0,True,130,0,0,sections_not_merged
2e96be5b-c381-5b0d-86c7-7dfd12fa589d,2,0,12,1,1.0000,0,0,0,False,205,,,no_core_skills|sections_not_merged
2efca9e5-0b93-558f-952f-4f1ac909c880,24,0,8,1,1.0000,0,0,0,False,47,,,no_core_skills|sections_not_merged
2f1f351b-7859-50c8-90d8-9b997276e7e1,4,0,5,1,1.0000,23,0,0,True,113,0,0,sections_not_merged
2f80d00a-665c-5cf1-9702-65e2d10ef7d8,2,0,12,1,1.0000,0,0,0,False,63,,,no_core_skills|sections_not_merged
2fdc8ae0-5b63-5f66-ba18-eb6a17f8945c,2,0,6,1,1.0000,0,0,0,False,240,,,no_core_skills|sections_not_merged
2fe03702-43f6-5783-825d-ba67561231b9,2,0,5,1,1.0000,0,0,0,False,197,,,no_core_skills|sections_not_merged
2fe4c51f-1d14-585b-b429-e2934eaaf0d4,4,0,7,2,0.5000,24,0,0,False,83,0,2,sections_not_merged
30715dd9-e836-5fd6-b687-1d670d7417bf,3,0,1,1,1.0000,24,0,0,False,98,,,sections_not_merged
308902b7-9781-58dc-a7b9-e3339e622e7d,15,0,6,2,0.6667,22,0,0,False,156,0,0,sections_not_merged
3099b29f-5761-54a9-b42c-fb140ae2f1dd,2,0,11,2,0.5000,25,0,0,True,149,0,0,sections_not_merged
30c955d7-25c9-5237-9cd1-caa4a8702aef,3,2,12,1,1.0000,0,0,0,True,144,,,no_core_skills|sections_not_merged
30d9dd24-afa2-5c2c-b823-2f921737335d,10,0,4,1,1.0000,0,0,0,False,207,,,no_core_skills|sections_not_merged
30daca58-c850-57a9-b58b-7aaea3643680,3,0,10,1,1.0000,0,0,0,True,105,,,no_core_skills|sections_not_merged
312d34a2-f045-5926-96c2-ef2c73b8d64c,15,0,1,1,1.0000,0,0,0,True,121,,,no_core_skills|sections_not_merged
31a2204c-1353-512c-9dbe-011d559b342d,7,0,8,3,0.4286,22,0,0,True,111,,,sections_not_merged
31fa8783-3d89-5a67-b106-357152c82932,2,2,1,1,1.0000,0,0,0,True,143,,,no_core_skills|sections_not_merged
31fc48f7-05b3-573e-b0b3-84dcb8d75f43,36,0,7,1,1.0000,0,0,0,False,49,,,no_core_skills|sections_not_merged
32104eb1-3043-5130-9ecf-a799fa8bbd0a,10,0,3,2,0.6000,0,0,0,False,62,,,no_core_skills|sections_not_merged
32204508-c2e9-5264-b18c-e3a9c582b6f8,3,0,23,1,1.0000,23,0,0,True,123,,,duties_over_max|sections_not_merged
323d35a3-0517-524a-b403-004f37594d57,3,0,10,2,0.6667,0,0,0,False,180,,,no_core_skills|sections_not_merged
3245a9a5-1142-5012-ae77-1172928a79d3,2,0,1,1,1.0000,0,0,0,False,184,,,no_core_skills|sections_not_merged
326f2f51-3456-5ab1-a173-fa7fe4d30ad7,2,0,1,1,1.0000,21,0,0,True,109,0,0,sections_not_merged
3295e062-9e0a-5b58-a07b-17ce885c98bb,2,0,3,1,1.0000,0,0,0,False,84,,,no_core_skills|sections_not_merged
3299255b-49c2-59ee-a093-aae170990231,2,0,1,1,1.0000,22,0,0,True,100,0,0,sections_not_merged
32ae95f3-7094-5926-8b7c-e06b302dacb0,2,0,7,1,1.0000,28,0,0,False,162,0,0,sections_not_merged
32beb2e2-b4c0-5b2c-9802-e3ccb3962b86,2,0,1,1,1.0000,0,0,0,False,84,,,no_core_skills|sections_not_merged
33252ce1-7a22-55ff-a11e-08fdb9c118a3,11,0,1,1,1.0000,21,0,0,False,160,0,0,sections_not_merged
33616490-0bab-54f0-800b-4ff85f2392a9,2,0,1,2,0.5000,0,0,0,False,65,,,no_core_skills|sections_not_merged
33a5edd2-fe81-55ba-877f-ef7e6d859743,2,0,3,1,1.0000,0,0,0,False,166,,,no_core_skills|sections_not_merged
33ac2c89-d779-5ad6-bb79-dc427593b40c,3,0,4,1,1.0000,24,0,0,True,143,0,0,sections_not_merged
33b1b146-a894-5a9b-b770-5ec3f6a9ef36,2,0,1,1,1.0000,0,0,0,False,85,,,no_core_skills|sections_not_merged
33ca1db1-ce04-5b13-9c5d-4878b82e4ef3,3,0,1,1,1.0000,0,0,0,False,175,,,no_core_skills|sections_not_merged
33e3574a-0ad5-5de5-bbe8-2d693d10333b,4,0,1,1,1.0000,21,0,0,True,109,0,0,sections_not_merged
341b6d3d-408d-5bdc-ae6f-d26e17d9c361,2,0,4,2,0.5000,0,0,0,True,105,,,no_core_skills|sections_not_merged
341cb4f7-d342-5070-a318-d3952584b186,4,0,11,1,1.0000,0,0,0,False,89,,,no_core_skills|sections_not_merged
3427f600-0342-5054-96d0-88da8bb13864,11,0,6,1,1.0000,23,0,0,True,123,0,0,sections_not_merged
342fcf24-f300-547e-b154-5e102c30216a,2,0,8,1,1.0000,23,0,0,False,47,0,0,sections_not_merged
3437a053-ca68-53a9-a327-c890385d5188,2,0,1,2,0.5000,0,0,0,True,148,,,no_core_skills|sections_not_merged
347de5fa-51d7-5a65-9b7d-7ad2980102cf,2,0,1,1,1.0000,0,0,0,True,146,,,no_core_skills|sections_not_merged
349f4e46-29dd-5396-ac5d-41f52331f7f6,3,0,1,2,0.6667,24,0,0,False,89,0,0,sections_not_merged
34a7b4f5-ffb7-5bc0-8870-29feb8c2298c,26,0,19,5,0.4615,21,0,0,True,110,0,3,duties_over_max|sections_not_merged
34ab94aa-b327-574e-8401-4547711be5bc,2,0,12,1,1.0000,0,0,0,True,147,,,no_core_skills|sections_not_merged
34c81290-4865-596b-8a61-51060d0dc5f5,2,0,2,1,1.0000,26,0,0,True,137,0,0,sections_not_merged
34f5ffbb-0308-57b4-a5fb-4410e4183dbf,2,0,1,2,0.5000,0,0,0,True,135,,,no_core_skills|sections_not_merged
34f91962-b007-501a-84ee-bbd622f55ff1,2,0,1,1,1.0000,0,0,0,False,198,,,no_core_skills|sections_not_merged
352b0d2e-17a1-5a9a-9ab3-669d6018e242,3,0,6,2,0.6667,27,0,0,False,241,0,0,sections_not_merged
355395e8-304e-53ac-93a1-397f216addf4,4,0,12,1,1.0000,0,0,0,True,132,,,no_core_skills|sections_not_merged
357b4d7c-b651-54dc-b16c-b145808e12d2,3,0,6,1,1.0000,27,0,0,True,102,0,0,
35958902-b936-5f59-b4dc-78d31642621b,5,0,9,3,0.6000,26,0,0,True,135,,,sections_not_merged
359dffd9-4ee2-56b1-968b-6a7ebe92bfa1,2,0,1,1,1.0000,25,0,0,False,187,0,0,sections_not_merged
35d159dc-49ad-54c2-a020-02e5d41dcb05,2,0,4,1,1.0000,0,0,0,True,129,,,no_core_skills|sections_not_merged
3612e7b1-a037-5f32-a52f-1dac4ff8c07d,2,0,1,1,1.0000,21,0,0,False,99,0,0,sections_not_merged
365c0f8e-e243-5b63-9cf9-362847e3688c,3,2,12,1,1.0000,0,0,0,False,156,,,no_core_skills|sections_not_merged
3678e004-8619-5331-8d90-421d5fbbf22b,2,0,8,1,1.0000,25,0,0,False,69,0,0,sections_not_merged
367a6674-2c28-5d7c-af21-9d23705c299d,3,0,1,1,1.0000,22,0,0,True,132,0,0,sections_not_merged
3694a665-3466-5fbb-91b6-79a59ae76b80,12,0,23,3,0.5833,22,0,0,True,100,0,1,duties_over_max|sections_not_merged
36b74491-2a4e-5fba-b8d0-84099274c0ca,3,0,1,2,0.6667,0,0,0,False,180,,,no_core_skills|sections_not_merged
36c94a3d-4f32-5924-9a79-68520dc46ef0,2,0,8,1,1.0000,0,0,0,False,175,,,no_core_skills|sections_not_merged
36fda5cc-7111-5d4c-9ba7-fbaa7f0d81c7,2,0,5,1,1.0000,0,0,0,False,217,,,no_core_skills|sections_not_merged
372a3410-f038-5f6f-87aa-c38fa0369e44,3,0,4,2,0.6667,24,0,0,True,146,,,sections_not_merged
37507f44-3649-517d-8379-63dfd4d1baaf,3,0,1,2,0.6667,0,0,0,False,39,,,no_core_skills|sections_not_merged
379acc48-17f5-5ead-9d4d-394164dae3e3,3,0,12,1,1.0000,0,0,0,True,136,,,no_core_skills|sections_not_merged
37bdf941-4865-51ad-9e8f-00b2967755c8,2,0,9,1,1.0000,0,0,0,True,126,,,no_core_skills|sections_not_merged
37f62d62-04c8-5bf4-beb0-99c7a0e5f5ea,4,0,3,1,1.0000,24,0,0,True,119,0,0,sections_not_merged
382f5002-ca54-54f3-86e0-dab8ccd2d623,9,0,8,1,1.0000,21,0,0,True,114,0,0,sections_not_merged
3834e02b-dcc4-5f0c-9354-3ad011f18586,3,0,7,1,1.0000,23,0,0,False,65,0,0,sections_not_merged
388293de-cb45-5526-94bc-d16e18a78c44,2,0,0,1,1.0000,24,0,0,False,,0,0,sections_not_merged
38c78d40-0235-5b7c-9a92-5b7021d920cf,2,0,1,1,1.0000,25,0,0,False,71,,,sections_not_merged
38cda1dc-0a14-5d5d-9dcb-3cb1359b2005,2,0,1,1,1.0000,21,0,0,False,80,,,sections_not_merged
38d6eeb8-43c9-528f-8457-41a40ada1538,8,0,1,1,1.0000,0,0,0,False,80,,,no_core_skills|sections_not_merged
391338d9-3f7b-594d-8682-3d5dd37fc40e,2,0,6,1,1.0000,20,0,0,False,63,0,0,sections_not_merged
3927d17f-565b-5a24-b87e-0005bb36a557,6,0,9,2,0.6667,22,0,0,True,103,0,0,sections_not_merged
3931efbd-bc85-5c77-b759-bb43aa68c3ba,2,0,3,1,1.0000,21,0,0,False,99,0,0,sections_not_merged
396645c2-a669-577a-ae3a-69c5c5df3ba3,2,0,3,1,1.0000,19,0,0,True,138,0,0,sections_not_merged
397f6970-6b39-50ec-a074-a3308c83ebb8,10,0,4,3,0.5000,22,0,0,False,83,1,3,sections_not_merged
39a8941a-d5ec-5f74-b963-9b1b37e7dd9e,3,0,10,2,0.6667,23,0,0,False,77,0,0,sections_not_merged
39bab57b-e6a8-513f-9dd7-a283517f40ea,3,0,7,2,0.6667,24,0,0,False,158,0,0,sections_not_merged
39bd04a3-43c1-5ba3-983f-0525d673b6f3,4,0,2,2,0.7500,24,0,0,False,196,0,0,sections_not_merged
3a07eeb3-8f16-518e-a74d-4bcf1000a669,5,0,9,1,1.0000,0,0,0,False,295,,,no_core_skills|sections_not_merged
3a2cee7c-2834-5a8a-9f72-a3320b848947,2,0,6,1,1.0000,19,0,0,False,26,0,0,sections_not_merged
3a2d51fe-a76b-56ba-a1c9-bb3b1f7c774d,3,0,4,1,1.0000,20,0,0,True,100,0,0,sections_not_merged
3a433054-2ae6-5249-b9e9-a7ffd63f8390,4,0,6,1,1.0000,24,0,0,True,102,0,0,sections_not_merged
3a53d00f-1785-59f3-86a3-f266ffb04799,3,0,9,1,1.0000,0,0,0,False,70,,,no_core_skills|sections_not_merged
3a74a8ab-6dff-559b-8ac0-44d9486299ae,2,0,1,1,1.0000,19,0,0,False,51,0,0,sections_not_merged
3a761518-f159-5292-add2-eafdd9979190,2,0,4,1,1.0000,0,0,0,False,168,,,no_core_skills|sections_not_merged
3a84990d-5959-59c5-80ef-3d3d154895ee,4,0,14,1,1.0000,23,0,0,True,122,,,duties_over_max|sections_not_merged
3a8d1292-fdaa-5728-a951-fbc78ec724bd,6,0,1,2,0.5000,21,0,0,False,87,0,0,sections_not_merged
3a8e1fc8-c899-5da7-8297-4b9be5ba4e09,2,0,8,2,0.5000,0,0,0,False,64,,,no_core_skills|sections_not_merged
3ad6adfb-3c4a-570c-adf9-a1e181221c97,5,0,4,1,1.0000,22,0,0,False,57,0,0,sections_not_merged
3adffaf3-ddbb-5407-9c95-7fa850f79933,3,0,12,1,1.0000,0,0,0,True,134,,,no_core_skills|sections_not_merged
3aec1491-febd-5e52-bd6f-9f1d140db846,2,0,1,1,1.0000,0,0,0,False,55,,,no_core_skills|sections_not_merged
3b1da9ad-2928-5339-ab09-505c47e748f7,2,0,12,1,1.0000,0,0,0,False,180,,,no_core_skills|sections_not_merged
3b2a6edf-13d1-5b3f-8086-1d227a136976,2,0,1,1,1.0000,22,0,0,False,94,0,0,sections_not_merged
3b32c652-cfe2-59b7-b1e1-f244bd48e6c1,1,1,5,1,1.0000,23,0,0,True,124,,,sections_not_merged|single_member
3b3b4ba7-0451-5ea8-a782-0feababa79d3,3,0,6,1,1.0000,18,0,0,False,90,0,0,sections_not_merged
3b5425ee-ec84-504f-be8c-6d76e6d68d58,2,0,12,1,1.0000,0,0,0,False,183,,,no_core_skills|sections_not_merged
3b5dfb48-4886-5640-9985-874b7611a71e,3,0,1,2,0.6667,29,0,0,True,106,0,0,sections_not_merged
3bb53893-ddb0-5d58-82e2-f5c488c0f493,2,0,12,1,1.0000,0,0,0,True,136,,,no_core_skills|sections_not_merged
3bcaec72-cba4-5bd6-bb00-13152deda670,2,0,3,1,1.0000,24,0,0,False,182,0,0,sections_not_merged
3c2ef239-16cb-51e1-9ba1-cf94f28ca47e,3,0,7,1,1.0000,0,0,0,False,187,,,no_core_skills|sections_not_merged
3c3474ba-a544-5423-ba4a-14665415f175,2,0,12,1,1.0000,0,0,0,False,220,,,no_core_skills|sections_not_merged
3cb302fb-9bad-5289-88a0-fb2f27436e22,3,0,1,1,1.0000,23,0,0,True,104,0,0,sections_not_merged
3cf28398-b5bf-5637-8af2-94da2cd3e3d5,2,0,3,1,1.0000,0,0,0,True,127,,,no_core_skills|sections_not_merged
3d22b998-d6b4-5773-899c-64d88c3e0d67,2,0,4,2,0.5000,36,0,0,False,60,,0,sections_not_merged
3d2fbec9-a797-5665-9d5f-49ced9f08686,2,0,1,2,0.5000,0,0,0,False,172,,,no_core_skills|sections_not_merged
3d3802f8-b66f-5b2a-a202-03a9add1fb44,7,0,8,3,0.5714,26,0,0,True,131,2,0,sections_not_merged
3daebf5c-62a5-524c-be1f-a59fe7d9f586,2,0,1,1,1.0000,25,0,0,False,87,,0,sections_not_merged
3db19bf1-9dfa-562b-a37e-43ec36ba4b19,2,0,12,1,1.0000,0,0,0,False,177,,,no_core_skills|sections_not_merged
3dde394c-182b-5b91-8bf7-6944dd753cf9,3,0,1,1,1.0000,26,0,0,True,109,0,0,sections_not_merged
3df26449-debc-575c-b11b-4272509de99e,2,0,4,1,1.0000,0,0,0,True,103,,,no_core_skills|sections_not_merged
3e08d69b-8686-52ac-9f71-9047cc08d856,2,0,6,1,1.0000,0,0,0,True,122,,,no_core_skills|sections_not_merged
3e0a3c17-969f-5dd9-9ce3-77470b8c463f,3,0,1,1,1.0000,18,0,0,True,116,0,0,sections_not_merged
3e0b9f77-d1e1-55ee-afd5-13da7003ff1c,7,0,12,3,0.4286,28,0,0,True,141,0,4,sections_not_merged
3e5f29a1-3412-524c-9935-66a1899cf6f3,2,0,1,1,1.0000,26,0,0,False,170,0,0,sections_not_merged
3e76b640-12af-528c-a2ac-9a2f47038ac0,5,0,1,1,1.0000,23,0,0,True,136,0,0,sections_not_merged
3ee73697-91f2-5481-b080-3d5dc024cf62,3,0,3,1,1.0000,29,0,0,False,164,0,0,sections_not_merged
3ef2279b-a1b2-54c9-9a7c-21b3eba32ad6,3,0,4,1,1.0000,23,0,0,False,63,0,0,sections_not_merged
3f1a7854-e4d8-5198-bc77-5d1a0fcdd3d6,2,0,7,1,1.0000,0,0,0,False,162,,,no_core_skills|sections_not_merged
3f9f04ce-0241-557b-8009-2b12bd94b11b,2,0,10,1,1.0000,21,0,0,True,102,0,0,sections_not_merged
3fa67bf2-0cd4-52e1-9b7d-fbaeda4b16c8,3,0,1,1,1.0000,22,0,0,False,207,0,0,sections_not_merged
3fa77b67-b8aa-5e4c-9c96-90a86304ca8e,9,0,16,2,0.7778,20,0,0,True,106,1,0,duties_over_max|sections_not_merged
3fa87108-94d0-5b43-9539-c02262fa7274,3,0,8,1,1.0000,0,0,0,False,183,,,no_core_skills|sections_not_merged
3fadcb3a-c77a-50c6-9181-c50c84a6f630,5,0,7,2,0.6000,23,0,0,False,177,0,0,sections_not_merged
3fbb9f41-b232-5fd9-822d-f60d67f698a6,3,0,7,1,1.0000,0,0,0,True,142,,,no_core_skills|sections_not_merged
3fe42af3-9ba5-542a-846d-2678cdff8cdb,7,0,8,3,0.5714,22,0,0,False,39,,,sections_not_merged
403baf47-4f72-5da5-97c2-4d4a6495af25,5,0,11,1,1.0000,0,0,0,False,74,,,no_core_skills|sections_not_merged
406ff9a9-3004-5b6b-9fce-7b80e9a053f2,4,0,5,1,1.0000,29,0,0,True,100,0,0,sections_not_merged
40ac98e8-89f8-5b40-b572-4fa1811ef2b2,2,0,10,1,1.0000,25,0,0,False,165,0,0,sections_not_merged
40cf6cf4-8b7d-5d75-b396-ef82f0b48837,2,0,0,1,1.0000,23,0,0,False,513,0,0,sections_not_merged
40d1abe3-91c2-5cd3-8ecd-0eceafba75e5,2,0,2,1,1.0000,27,0,0,True,143,0,0,sections_not_merged
40ff02b2-dc2a-51e8-94b6-3dfe0d262339,2,0,4,1,1.0000,18,0,0,False,81,0,0,sections_not_merged
414bd5ef-84f3-5220-a63d-9566bfe9e646,4,0,7,2,0.5000,29,0,0,True,111,0,0,sections_not_merged
4161bcd0-f8f3-55a7-a8a4-d39191a4e589,2,0,12,1,1.0000,0,0,0,False,42,,,no_core_skills|sections_not_merged
41b3c74a-be52-50b1-a7cf-ac70b99dd452,5,0,0,1,1.0000,33,0,0,False,,0,,sections_not_merged
41b47190-4caf-55de-afc5-4fd3288fee35,16,0,1,2,0.7500,0,0,0,False,164,,,no_core_skills|sections_not_merged
41cfdfff-261e-543b-8c80-9b8d1a12efa9,6,0,2,2,0.8333,20,0,0,False,89,,0,sections_not_merged
422ee4b6-d413-5951-8f45-fcee295a8c70,2,0,2,1,1.0000,23,0,0,False,65,0,0,sections_not_merged
4244f363-da4c-58fe-9a4a-25c752b8433a,3,0,2,1,1.0000,20,0,0,True,104,0,0,sections_not_merged
426ada34-8620-5420-ac69-d04967602912,2,0,0,1,1.0000,21,0,0,False,159,0,0,
42984921-78cd-5fb3-b084-e1c64950fbf7,2,0,4,1,1.0000,19,0,0,False,53,0,0,sections_not_merged
42a2eabb-27dc-5402-abed-565734fac23d,2,0,4,2,0.5000,25,0,0,True,101,0,0,sections_not_merged
42ad7dfd-92b3-5daf-ab83-c955e3473473,4,0,12,1,1.0000,0,0,0,False,84,,,no_core_skills|sections_not_merged
42bcff57-4850-571a-b717-6cd43d1b3a45,4,0,1,2,0.7500,0,0,0,True,128,,,no_core_skills|sections_not_merged
42f4a5e9-5883-5a69-94a7-28956621d912,2,0,1,1,1.0000,0,0,0,False,57,,,no_core_skills|sections_not_merged
43415a52-185e-5f5b-a2dd-ad5ffde14d02,4,0,2,2,0.5000,21,0,0,True,102,0,0,sections_not_merged
435f56c1-4fed-5878-b3bd-5953fbd58618,2,0,1,1,1.0000,0,0,0,False,73,,,no_core_skills|sections_not_merged
4375faad-205e-58d6-9cdd-5c76586cabd1,4,0,1,2,0.7500,27,0,0,False,152,0,0,sections_not_merged
43b18b90-6e5f-5a19-a102-36297792f251,2,0,6,2,0.5000,26,0,0,False,164,0,1,sections_not_merged
43d0b844-90c0-56d8-86be-96e7dca602ee,3,0,2,2,0.6667,24,0,0,False,162,0,2,sections_not_merged
43d91895-963e-5d21-ab3d-abe668aacb94,2,0,12,1,1.0000,0,0,0,True,123,,,no_core_skills|sections_not_merged
43fadb00-e5c6-590c-b179-6feb5cd2268e,2,0,8,1,1.0000,0,0,0,False,268,,,no_core_skills|sections_not_merged
44048f4e-cdc7-5f2d-849e-262e2d83d93f,3,0,4,1,1.0000,0,0,0,False,95,,,no_core_skills|sections_not_merged
441ca56b-1e3a-5ab9-bac7-84aaebeaf8d2,10,0,7,3,0.4000,28,0,0,True,121,0,0,sections_not_merged
443f07df-4a94-5f1f-9474-eb1f32729832,2,0,12,1,1.0000,0,0,0,True,103,,,no_core_skills|sections_not_merged
449e498c-fcbb-5b69-bc46-0c5fe8f80f5b,3,0,3,1,1.0000,19,0,0,False,89,0,0,sections_not_merged
44cd0e48-b4d1-5b9f-bda1-eb88f50d5f4a,5,0,6,1,1.0000,20,0,0,False,72,0,0,sections_not_merged
45605b1a-3a77-5693-a420-c2a7ad20d862,2,0,6,1,1.0000,27,0,0,True,122,0,0,sections_not_merged
45c4bb83-f9a8-5404-9c39-7ee4c3e4b611,2,0,2,1,1.0000,22,0,0,True,101,0,1,sections_not_merged
45cf5f6b-47fa-50c8-a8c5-aa6545f6950b,3,0,1,2,0.6667,17,0,0,False,60,0,0,sections_not_merged
45e30107-53ff-577e-8298-dec5ae75f69f,4,0,2,2,0.7500,31,0,0,True,141,0,0,sections_not_merged
45f89aed-8bc9-5bcb-a644-95ae12450591,19,0,1,1,1.0000,0,0,0,False,96,,,no_core_skills|sections_not_merged
46249478-3a85-5f3f-8200-0c1aa9f72933,23,0,1,2,0.7826,0,0,0,True,128,,,no_core_skills|sections_not_merged
464b6b8a-af0b-5a59-933d-b9e564679d79,5,0,10,3,0.4000,22,0,0,True,123,0,0,sections_not_merged
46a1e343-88c3-5af7-bdae-85276e4774ad,2,0,11,1,1.0000,0,0,0,False,157,,,no_core_skills|sections_not_merged
46d6ac0e-2f10-5084-9f8f-e0b35b9d38db,2,0,6,1,1.0000,23,0,0,False,48,0,0,sections_not_merged
46ed25e4-b25c-5629-94cb-d370ce229cea,2,0,12,1,1.0000,0,0,0,True,124,,,no_core_skills|sections_not_merged
47037f09-3395-5265-a035-00b65ede7068,9,0,2,1,1.0000,0,0,0,True,100,,,no_core_skills|sections_not_merged
47344dfb-1482-5a2c-9cd8-21aab56fcedc,3,0,1,1,1.0000,24,0,0,False,50,0,0,sections_not_merged
47405c57-fc25-5e0b-9892-65fa71c3cca5,2,0,3,1,1.0000,0,0,0,False,73,,,no_core_skills|sections_not_merged
47d28bf3-2b30-5b98-8963-0e8432c65de8,3,0,1,2,0.6667,0,0,0,True,133,,,no_core_skills|sections_not_merged
47d2f550-8d1a-51f1-9868-d56c5a83cbfe,2,0,12,1,1.0000,0,0,0,True,144,,,no_core_skills|sections_not_merged
48170c7c-8614-5979-8d4b-270d6cb4f299,2,0,12,1,1.0000,0,0,0,True,116,,,no_core_skills|sections_not_merged
48511edc-fe7d-58e5-8913-2a51aca0e8dd,2,0,12,1,1.0000,0,0,0,True,131,,,no_core_skills|sections_not_merged
48606343-54de-517b-b57e-d5459c6b7b84,2,0,1,1,1.0000,0,0,0,True,102,,,no_core_skills|sections_not_merged
4866272c-3ec5-55fd-bd61-951953890dce,1,1,11,1,1.0000,0,0,0,True,140,,,no_core_skills|sections_not_merged|single_member
48b28fa3-21aa-5d11-93e3-5f74b8404e03,6,0,1,1,1.0000,0,0,0,True,143,,,no_core_skills|sections_not_merged
48f27bdf-da75-5999-988d-ecaf265d8b56,3,0,1,1,1.0000,0,0,0,False,68,,,no_core_skills|sections_not_merged
49071dc6-d3ee-599c-b04a-02375931a72c,2,0,12,1,1.0000,0,0,0,False,278,,,no_core_skills|sections_not_merged
491a7399-e241-5f7c-ba29-9316d0c7ae3d,2,0,20,2,0.5000,22,0,0,False,90,0,0,duties_over_max|sections_not_merged
491ce061-3532-5a94-b8e2-232e533a90f0,7,0,1,1,1.0000,0,0,0,True,125,,,no_core_skills|sections_not_merged
49412446-7965-51e3-88c3-76d9afe9e651,2,0,5,1,1.0000,0,0,0,False,179,,,no_core_skills|sections_not_merged
496c29de-4202-58d5-9911-5b685319cea9,2,0,11,1,1.0000,0,0,0,False,69,,,no_core_skills|sections_not_merged
49c5ff24-5524-5286-a9c7-c0f719726af7,2,0,1,1,1.0000,0,0,0,False,57,,,no_core_skills|sections_not_merged
49c9926c-6613-505e-a51a-417a19e50646,2,0,14,2,0.5000,24,0,0,False,91,1,1,duties_over_max|sections_not_merged
4a0b0953-5459-5129-b4fc-1e475bf8e47f,2,0,4,1,1.0000,0,0,0,False,187,,,no_core_skills|sections_not_merged
4a2981fa-007d-5557-9fda-31db5306a5c3,17,0,11,1,1.0000,24,0,0,False,45,0,0,sections_not_merged
4a81ddad-8184-529e-9f7a-135e9cc144cc,2,0,2,1,1.0000,26,0,0,True,149,0,2,sections_not_merged
4ac0afd1-b8b1-56a6-b2a7-b5126a2edda9,2,0,2,1,1.0000,0,0,0,False,152,,,no_core_skills|sections_not_merged
4b04175e-ecc9-5d01-8b8f-9a50eb247bad,2,0,9,1,1.0000,0,0,0,True,120,,,no_core_skills|sections_not_merged
4b21025f-56b8-5dfb-b94d-5244aef0a409,3,0,1,1,1.0000,25,0,0,False,75,0,0,sections_not_merged
4b3e0bbb-a195-5201-b7c6-63a75d07fd3f,2,0,6,1,1.0000,0,0,0,True,124,,,no_core_skills|sections_not_merged
4b6ebd94-3d1d-51dc-b233-9c1d07ba04f4,2,0,12,1,1.0000,0,0,0,True,102,,,no_core_skills|sections_not_merged
4b7d628f-7296-58ed-bc63-75d81b3200a3,2,0,15,2,0.5000,0,0,0,False,226,,,duties_over_max|no_core_skills|sections_not_merged
4bbd522a-63cc-5991-99e6-2eecd49a8a25,2,0,6,2,0.5000,22,0,0,False,60,0,0,sections_not_merged
4bcf7fb0-af57-5dd1-988f-7b1088f40f24,2,0,12,1,1.0000,0,0,0,False,195,,,no_core_skills|sections_not_merged
4bf34a65-042a-595f-9551-93269c72386f,2,0,3,1,1.0000,25,0,0,False,85,,,sections_not_merged
4c109e33-2fe2-570e-aa33-568b20c6f011,4,0,7,1,1.0000,0,0,0,False,249,,,no_core_skills|sections_not_merged
4c2c47c4-836c-507a-b92a-e535eb8c3793,7,0,13,2,0.5714,18,0,0,False,84,0,0,duties_over_max|sections_not_merged
4c3b5c87-5fd7-5acf-bcfe-35d3bc80b815,10,16,18,1,1.0000,0,0,0,False,186,,,duties_over_max|no_core_skills|sections_not_merged
4c3e39c0-beb3-5cdf-8888-ca056f650975,2,0,2,1,1.0000,27,0,0,False,180,0,0,sections_not_merged
4c424c1a-91a8-5c84-99b4-482903696338,18,0,2,3,0.7778,18,0,0,True,107,0,3,sections_not_merged
4c5e195f-ad86-563c-946a-67a855d74a9d,2,0,1,1,1.0000,0,0,0,False,251,,,no_core_skills|sections_not_merged
4d29d852-20b4-5aae-80b8-d8b33d737a54,10,0,1,4,0.5000,0,0,0,True,125,,,no_core_skills|sections_not_merged
4d306ad7-97cf-53b3-97c1-1b58c9056f2d,2,0,1,1,1.0000,0,0,0,False,87,,,no_core_skills|sections_not_merged
4d46ec51-45bd-5077-85f0-73f072154f11,2,0,12,1,1.0000,0,0,0,True,133,,,no_core_skills|sections_not_merged
4d4f5a1b-0e5e-5fa0-a5f4-846284dbd7e7,3,0,1,1,1.0000,24,0,0,False,78,0,0,sections_not_merged
4d6065e5-7256-57f9-bcc1-f6890f9b9c1d,2,0,4,1,1.0000,35,0,0,True,105,0,0,sections_not_merged
4d6a5b97-82d7-5d36-9607-97cc701fa095,2,0,6,1,1.0000,0,0,0,False,56,,,no_core_skills|sections_not_merged
4d7e661f-683e-56c4-b043-e0b18d5e2fd6,2,0,12,1,1.0000,0,0,0,True,136,,,no_core_skills|sections_not_merged
4d97587f-bd58-552f-a070-866e422a4d66,3,0,5,2,0.6667,23,0,0,False,46,0,0,sections_not_merged
4db4b5fd-4bb2-515a-98ab-b1b225c5fdce,2,0,9,1,1.0000,0,0,0,False,193,,,no_core_skills|sections_not_merged
4db62c0d-ef52-563e-b1d1-47cfc2458acb,2,0,0,1,1.0000,23,0,0,True,148,0,0,
4dbeca2e-ddd4-5db3-a95f-454016013e1a,2,0,2,1,1.0000,29,0,0,True,138,0,0,sections_not_merged
4de33583-8693-55bb-bca9-c5ebd5b3d1b2,3,0,1,1,1.0000,23,0,0,False,56,0,0,sections_not_merged
4debe996-4cc3-551e-9ec2-848025c8f620,2,0,7,1,1.0000,24,0,0,False,60,0,0,sections_not_merged
4e009bc6-743e-5a37-8fa9-9ead77b6e896,3,0,4,1,1.0000,0,0,0,False,72,,,no_core_skills|sections_not_merged
4e432d68-84cd-5137-a4fb-7cc4173fbd7a,2,0,5,2,0.5000,0,0,0,True,120,,,no_core_skills|sections_not_merged
4e6fd8fd-7f85-5c8e-9a44-d78cec1fd595,3,0,1,2,0.6667,0,0,0,False,177,,,no_core_skills|sections_not_merged
4e764f81-c48b-5f14-94cc-ab8bc4f3f56c,4,0,4,1,1.0000,23,0,0,False,62,0,0,sections_not_merged
4e968f41-c79f-564d-8851-cafa0a8b8768,2,0,4,1,1.0000,0,0,0,False,98,,,no_core_skills|sections_not_merged
4ecf0854-4854-5550-a572-1aec2b985d2f,15,0,7,4,0.4667,24,0,0,False,74,,,sections_not_merged
4f031480-3d3d-563b-a4bb-369798c6124d,18,0,13,9,0.2222,26,0,0,True,101,0,2,duties_over_max|sections_not_merged
4f087a4d-c2fc-54c6-af6f-35c7e717ae5a,3,0,7,2,0.6667,29,0,0,False,82,0,0,sections_not_merged
4f308efd-23e4-58c6-95d7-2e8cf36f57c7,2,0,2,2,0.5000,21,0,0,True,114,0,0,sections_not_merged
4f6ddaa6-e043-5437-9c4a-536668470a92,2,0,5,1,1.0000,20,0,0,False,176,,,sections_not_merged
4fd9d1d8-9bce-5e55-9569-1ca84e32acb2,2,0,1,2,0.5000,0,0,0,False,238,,,no_core_skills|sections_not_merged
50179811-0b33-552f-acb1-7b882a896b35,2,0,4,1,1.0000,29,0,0,False,189,0,0,sections_not_merged
5019ee62-c304-5abc-bd5f-2711ae7f1fa4,2,0,4,1,1.0000,0,0,0,True,111,,,no_core_skills|sections_not_merged
501de500-a7e7-5908-9035-b13fa35fa051,2,0,3,1,1.0000,0,0,0,True,115,,,no_core_skills|sections_not_merged
503830ba-ceca-5fb9-b724-52ddafe8d5b2,3,0,12,2,0.6667,0,0,0,False,75,,,no_core_skills|sections_not_merged
503e3b87-ad4d-532a-90e1-b81541f034c9,2,0,4,2,0.5000,24,0,0,True,136,0,0,sections_not_merged
504335cc-9292-56ba-9244-8bc80b14fbb0,2,0,10,1,1.0000,0,0,0,False,188,,,no_core_skills|sections_not_merged
5062bd61-81bd-5366-9a2d-b720915ec488,2,0,0,1,1.0000,22,0,0,True,120,,,
506abee6-d170-563c-8dc6-5127688e594e,6,0,6,4,0.3333,22,0,0,True,107,0,0,sections_not_merged
508a9773-5485-58e3-ba24-15d45c8b2dd5,2,0,12,1,1.0000,0,0,0,True,144,,,no_core_skills|sections_not_merged
50abfaa0-d165-52cf-90f2-6d46962a4803,4,0,9,2,0.7500,0,0,0,True,146,,,no_core_skills|sections_not_merged
50b08c7e-8ecf-5e2e-b554-8489e731b4f2,2,0,1,2,0.5000,0,0,0,True,103,,,no_core_skills|sections_not_merged
50b5e4aa-ef6d-515c-ad9e-e7adfb497e69,2,0,5,1,1.0000,21,0,0,True,134,0,0,sections_not_merged
50cdf137-4447-5956-a683-82b92b189f47,9,0,12,1,1.0000,0,0,0,False,180,,,no_core_skills|sections_not_merged
50dbfaaf-6040-5c1d-a344-adf2caa9c864,3,0,1,1,1.0000,23,0,0,False,87,1,1,sections_not_merged
50f7ab8b-d377-53f7-89f2-1ce0d33870b0,5,0,2,1,1.0000,18,0,0,True,118,0,0,sections_not_merged
5101afb1-ff3c-5323-8d11-da34fa279b86,6,0,10,2,0.8333,20,0,0,True,122,0,0,sections_not_merged
510440f5-6883-5b72-a294-9a602a96ebd9,2,0,4,1,1.0000,0,0,0,True,122,,,no_core_skills|sections_not_merged
510adfb6-17cb-530c-8c05-6b02be09661a,2,0,13,1,1.0000,25,0,0,True,133,0,0,duties_over_max|sections_not_merged
51107a77-1322-5067-9a96-339929e79163,3,0,3,2,0.6667,25,0,0,True,124,0,0,sections_not_merged
516c99c6-319d-5ca1-9479-a4b0be846e92,2,0,1,1,1.0000,0,0,0,True,112,,,no_core_skills|sections_not_merged
51ed5496-f560-5464-b3bc-08e910d324c0,4,0,10,1,1.0000,0,0,0,False,62,,,no_core_skills|sections_not_merged
51f63317-e019-5e3d-bd3c-11d63c8a27af,2,0,1,1,1.0000,32,0,0,False,26,,,sections_not_merged
52408ba2-e119-5d3e-806b-e5dcbdb3fb5a,2,0,4,1,1.0000,31,0,0,False,98,0,0,sections_not_merged
527f8b5e-2132-5ee6-9f3b-f6fe521caf41,2,0,1,1,1.0000,24,0,0,False,81,0,0,sections_not_merged
52816e0b-ecfb-5966-912a-6c243a2ba184,3,0,2,2,0.6667,24,0,0,False,63,0,0,sections_not_merged
5291de89-d2f3-5058-9463-2efaefe086ae,2,0,8,1,1.0000,0,0,0,False,203,,,no_core_skills|sections_not_merged
529b7c39-f15c-54da-a55f-8f75f3672a07,2,0,12,1,1.0000,0,0,0,False,86,,,no_core_skills|sections_not_merged
52c80ee8-90d9-5269-a858-6578ec4a3af7,2,0,5,1,1.0000,27,0,0,False,52,,,sections_not_merged
52cad525-efcd-5410-be30-7e95fe42d1cc,4,0,2,2,0.5000,34,0,0,True,103,,,sections_not_merged
52d73175-54b1-578a-8359-4ce6f6de2995,2,0,9,1,1.0000,26,0,0,False,58,,,sections_not_merged
52faa8d2-42dc-5d0d-94d2-a2f21c4ee798,2,0,12,1,1.0000,0,0,0,True,111,,,no_core_skills|sections_not_merged
530eafbe-b754-5436-83e8-95f2ae14b9fc,2,0,11,1,1.0000,25,0,0,True,115,0,0,sections_not_merged
5313424e-197c-53b6-82ad-46cad0a745f3,3,0,2,2,0.6667,26,0,0,False,83,0,4,sections_not_merged
533a0ce8-7629-52f8-bb73-bfa673ad07ab,2,0,6,1,1.0000,23,0,0,False,151,0,0,sections_not_merged
535f02ce-2a29-5609-b2a2-d55dc690f8f9,8,0,2,3,0.5000,20,0,0,True,116,0,0,sections_not_merged
5394e824-2684-5964-b612-e24e83bd7a43,5,0,4,1,1.0000,0,0,0,False,235,,,no_core_skills|sections_not_merged
53b4131f-10c7-5ee7-948c-9a32534d9132,2,0,3,1,1.0000,24,0,0,True,100,0,0,sections_not_merged
53d0cea8-6651-54d0-b900-a29e2b88f25a,4,0,12,1,1.0000,0,0,0,True,101,,,no_core_skills|sections_not_merged
53d7aa30-8cd4-5ca3-af27-bdf92936dfe8,4,0,1,1,1.0000,0,0,0,False,96,,,no_core_skills|sections_not_merged
5420c9ef-8c4c-579e-894d-6aa656734215,2,0,5,1,1.0000,0,0,0,True,142,,,no_core_skills|sections_not_merged
54353efa-8ed6-5d8b-ad51-089a96cbd339,2,0,1,1,1.0000,22,0,0,True,104,0,0,sections_not_merged
549bb2d5-55f4-54ac-a756-7d387e420c26,2,0,8,1,1.0000,25,0,0,True,149,0,3,sections_not_merged
54b7129c-e8f3-5467-b5d9-76e7bdeb8e00,2,0,7,2,0.5000,23,0,0,True,121,0,1,sections_not_merged
54b82af0-94f7-5ec7-a558-96fef1af357c,2,0,1,1,1.0000,0,0,0,True,109,,,no_core_skills|sections_not_merged
54c511c5-42f8-5a5c-9ea1-8a7673e9c212,14,0,5,1,1.0000,0,0,0,False,65,,,no_core_skills|sections_not_merged
55484112-dfc0-51ef-bcf8-b24f9511f3b8,3,0,7,2,0.6667,116,0,0,False,49,0,,sections_not_merged
5561cd82-dfe0-537f-a8c8-4eb851ca9145,2,0,12,1,1.0000,0,0,0,False,192,,,no_core_skills|sections_not_merged
5584d89a-07e7-5f61-ba26-8f2a22000848,2,0,1,1,1.0000,0,0,0,False,274,,,no_core_skills|sections_not_merged
5589c128-92ea-5893-81f5-e50feb48641a,3,0,12,1,1.0000,0,0,0,False,159,,,no_core_skills|sections_not_merged
55d0f89b-b460-5d27-ae88-5bb1b02695e3,2,0,7,2,0.5000,31,0,0,True,117,0,0,sections_not_merged
55d2149c-05db-50f6-9671-5ef2f24f0c32,13,0,12,2,0.9231,28,0,0,True,125,0,3,sections_not_merged
55e38fcd-4465-5036-b7bb-a21fdebe1225,2,0,1,1,1.0000,0,0,0,False,212,,,no_core_skills|sections_not_merged
5612601f-0718-5d53-8fc7-4ff79f2d1efe,2,0,5,2,0.5000,24,0,0,True,100,0,3,sections_not_merged
5652f5f4-d905-51d9-a36e-9fd8b26d11e8,2,0,3,1,1.0000,23,0,2,False,51,0,,sections_not_merged
56afc432-d60a-55e3-87d7-d99b8c9f1174,5,0,11,2,0.8000,0,0,0,True,132,,,no_core_skills|sections_not_merged
56c29b5b-3087-55d8-bdbe-6eaabe05b3f7,3,0,13,1,1.0000,0,0,0,False,236,,,duties_over_max|no_core_skills|sections_not_merged
56cf31d5-0b54-5fc6-bdc7-f21e3317a03c,2,0,1,1,1.0000,0,0,0,True,113,,,no_core_skills|sections_not_merged
56e11277-d363-5c21-9c1d-0bdce192a548,2,0,6,2,0.5000,30,0,0,True,102,1,3,sections_not_merged
57096b27-0bd4-506f-a127-26e976681f38,2,0,3,1,1.0000,29,0,0,False,22,,,
5756955f-c181-567f-92d0-2536493ce288,2,0,1,1,1.0000,27,0,0,True,115,0,0,sections_not_merged
578dfa7f-870f-5912-84a1-dd6d4f6b8596,2,0,6,1,1.0000,27,0,0,False,78,0,0,sections_not_merged
579c53b1-84bb-54ad-95a8-2164a9b88ac4,3,0,5,1,1.0000,32,0,0,True,148,0,0,sections_not_merged
57bceb6d-3e52-5889-8f66-8dfe1cc73a8d,2,0,12,1,1.0000,0,0,0,False,229,,,no_core_skills|sections_not_merged
57e96431-a493-5999-8ea4-50d5184467a3,2,0,7,1,1.0000,27,0,0,True,103,,,sections_not_merged
580f334f-aa43-566e-a0a3-d82e8e874f37,2,0,1,1,1.0000,24,0,0,False,84,0,0,sections_not_merged
5813511e-2832-5b78-a107-35b77e1da617,2,0,1,2,0.5000,0,0,0,False,92,,,no_core_skills|sections_not_merged
58240502-4b24-5228-b03a-71bcb8391187,30,0,6,2,0.8000,27,0,0,False,43,1,1,sections_not_merged
583a832d-a3fe-58bd-84d3-d49b07fdfa1f,2,0,1,1,1.0000,0,0,0,False,61,,,no_core_skills|sections_not_merged
586a7048-f7f3-5360-bf0e-d1e3555619bc,2,0,6,1,1.0000,0,0,0,False,236,,,no_core_skills|sections_not_merged
589593ee-6f5a-5c99-bab9-849037b4b441,3,0,17,1,1.0000,25,0,0,False,204,0,0,duties_over_max|sections_not_merged
58a9b003-226c-5a95-b127-788305023d4f,2,0,1,1,1.0000,0,0,0,False,252,,,no_core_skills|sections_not_merged
58bffe5d-4ec4-53c4-8728-d5d54fdf0a5d,5,3,11,2,0.6000,23,0,0,False,45,0,0,sections_not_merged
58dcde7d-a116-5e6a-93fb-98fb5652c247,2,0,1,1,1.0000,0,0,0,True,103,,,no_core_skills|sections_not_merged
58e7c14c-a934-5d96-96fe-9d4a4682e185,24,0,6,1,1.0000,0,0,0,False,71,,,no_core_skills|sections_not_merged
58eb8c61-ff45-5075-bc33-f4558b770955,3,0,1,1,1.0000,0,0,0,True,138,,,no_core_skills|sections_not_merged
58eef122-936c-5721-b39b-279d87c1f7be,37,0,8,3,0.8919,21,0,0,True,115,0,0,sections_not_merged
591a7805-a02e-5450-9963-1c80bc32e541,2,0,6,1,1.0000,20,0,0,True,135,0,0,sections_not_merged
59487491-2f0d-54fd-b507-c59768d517bf,6,0,1,1,1.0000,0,0,0,False,52,,,no_core_skills|sections_not_merged
594c7663-c7a5-5d28-8ff9-d92b61d4e2d6,4,0,16,1,1.0000,23,0,0,True,125,0,0,duties_over_max|sections_not_merged
594ce92e-33cf-5f9e-873b-722395055b72,3,0,1,1,1.0000,25,0,0,True,114,0,0,sections_not_merged
595be59e-20a0-5e7f-ab0c-913c9940fea4,3,0,2,1,1.0000,21,0,0,True,113,0,0,sections_not_merged
598d70b2-4ded-575d-8b07-4a60446edcca,3,0,1,1,1.0000,0,0,0,True,127,,,no_core_skills|sections_not_merged
5995e90d-23f0-5a2a-aa1a-06bf99ed4e74,3,0,4,1,1.0000,0,0,0,True,125,,,no_core_skills|sections_not_merged
59bd2afc-11a5-5993-9689-6d7a369dbd33,3,0,12,1,1.0000,0,0,0,False,166,,,no_core_skills|sections_not_merged
59decc09-67d3-5c96-aa11-a2f6385b81b8,2,0,1,1,1.0000,19,0,0,False,165,0,0,sections_not_merged
5a1b4976-975b-5469-9aab-6414f2b3d538,3,0,4,1,1.0000,0,0,0,False,180,,,no_core_skills|sections_not_merged
5a55106d-dbd0-5c72-909a-a44362cb53da,2,0,3,1,1.0000,0,0,0,True,119,,,no_core_skills|sections_not_merged
5a62cfe7-1561-5b55-8fce-25f3a4304596,4,0,3,1,1.0000,0,0,0,False,48,,,no_core_skills|sections_not_merged
5a89bb30-92ce-56a3-a9bc-ea96b25820af,5,0,12,1,1.0000,0,0,0,False,44,,,no_core_skills|sections_not_merged
5a95396b-94d8-52b6-aea0-325e704809e5,3,0,1,1,1.0000,29,0,0,True,106,0,0,sections_not_merged
5a9d07c9-d0a6-53ac-a784-d569c696d5a0,11,0,12,1,1.0000,0,0,0,False,86,,,no_core_skills|sections_not_merged
5a9ed897-54b9-5d14-ba56-075dd06b08cd,7,0,1,2,0.7143,0,0,0,False,92,,,no_core_skills|sections_not_merged
5a9f62b9-ad18-5c02-97bc-fc3057564f0d,4,0,1,1,1.0000,0,0,0,False,177,,,no_core_skills|sections_not_merged
5aaa638a-1533-511d-971f-cc2742d2d212,3,0,5,1,1.0000,23,0,0,False,79,0,0,sections_not_merged
5afab907-2e1d-577e-a0b4-7ae35af9b575,2,0,1,2,0.5000,0,0,0,True,136,,,no_core_skills|sections_not_merged
5b0818e9-1862-5d79-a933-d057a017b1db,7,0,12,2,0.5714,0,0,0,False,242,,,no_core_skills|sections_not_merged
5b26a3f5-432b-5150-a75a-d72a932531c5,4,0,5,1,1.0000,0,0,0,False,86,,,no_core_skills|sections_not_merged
5b36e51c-580e-506b-978a-1348d17cd510,3,0,1,2,0.6667,25,0,0,False,62,0,0,sections_not_merged
5b4ca65d-dcf7-5e4d-81ce-c804fa667c4a,2,0,12,1,1.0000,24,0,0,False,187,0,0,sections_not_merged
5b77c988-3024-586d-9e51-e04d80d2c4c6,2,0,10,1,1.0000,0,0,0,False,35,,,no_core_skills|sections_not_merged
5b97b98e-434d-5739-9ba7-0841298b49ff,28,0,4,1,1.0000,0,0,0,False,49,,,no_core_skills|sections_not_merged
5ba11ea7-1ff2-516d-b52e-94fb2bbd86dc,5,0,11,2,0.8000,23,0,0,False,60,0,0,sections_not_merged
5bc04755-6c9f-5c7a-a3af-183a6c13cc18,2,0,1,2,0.5000,27,0,0,False,154,0,0,sections_not_merged
5c009b5d-dcdf-59f2-88a6-9910d6d7ffdf,5,0,2,2,0.8000,24,0,0,False,155,0,0,sections_not_merged
5c1b2655-d50d-5ddf-9f16-d8d476ab7a77,2,0,3,1,1.0000,0,0,0,True,140,,,no_core_skills|sections_not_merged
5c317e9e-61b7-5ddb-97f0-394bfd3700a0,2,0,1,1,1.0000,0,0,0,True,109,,,no_core_skills|sections_not_merged
5c317ede-69bb-5624-97bc-a5d23ad22c21,2,0,7,1,1.0000,0,0,0,False,60,,,no_core_skills|sections_not_merged
5c4346eb-6a33-5721-93d4-8ea2074b3727,2,0,1,1,1.0000,0,0,0,False,340,,,no_core_skills|sections_not_merged
5c6c7a4f-d512-5728-8bca-25740097a05d,2,0,1,1,1.0000,0,0,0,False,180,,,no_core_skills|sections_not_merged
5cd0183e-fdd6-533d-b975-267143591566,3,0,12,1,1.0000,0,0,0,False,84,,,no_core_skills|sections_not_merged
5d2b396c-e13a-50cc-b0fd-e8c78a2d926a,2,0,9,1,1.0000,25,0,0,True,102,0,0,sections_not_merged
5d3c45a1-4acb-5028-983d-3fae52127fd3,3,0,2,1,1.0000,22,0,0,True,108,0,0,sections_not_merged
5d5eaeae-3972-55bf-b93b-2fe2bc6293ca,7,0,2,4,0.4286,23,0,0,False,87,0,0,sections_not_merged
5d975aa4-c5c0-55bb-ad4d-7ad88cc8fa4f,3,0,14,2,0.6667,18,0,0,True,135,0,0,duties_over_max|sections_not_merged
5da01d5d-564b-5e7f-9fed-31dfb18484b6,2,0,1,1,1.0000,0,0,0,True,106,,,no_core_skills|sections_not_merged
5db73836-b365-5a86-853b-baebcaebe066,3,0,1,2,0.6667,26,0,0,False,325,0,0,sections_not_merged
5dbf0f37-eb8f-59a9-9cae-b594b185dd14,11,0,15,3,0.6364,25,0,0,False,71,0,0,duties_over_max|sections_not_merged
5e1fe119-d3c2-551c-bddb-a96e248a5a90,3,0,0,1,1.0000,0,0,3,False,530,,,no_core_skills
5e249868-491f-5b60-8881-676a9aab7785,6,0,11,3,0.5000,25,0,0,True,112,0,0,sections_not_merged
5e87dece-f50b-5717-9ece-f600ec05f7cf,23,0,18,5,0.3043,22,0,0,True,144,1,1,duties_over_max|sections_not_merged
5e954c72-ad1c-5517-b2b0-56dcca53d1c0,6,0,1,1,1.0000,0,0,0,False,94,,,no_core_skills|sections_not_merged
5e9b0dd0-c508-5bd1-beb0-2519e96847b7,4,0,2,2,0.7500,25,0,0,True,125,0,0,sections_not_merged
5ed6a6e4-67f4-50e4-9e79-52bca92e2659,7,0,1,2,0.5714,22,0,0,False,72,0,0,sections_not_merged
5eec732a-d055-59b4-8f80-59a1c31f3fde,3,0,7,1,1.0000,0,0,0,False,182,,,no_core_skills|sections_not_merged
5efc943d-39af-5591-88da-ee49afc55788,3,0,3,1,1.0000,0,0,0,False,23,,,no_core_skills|sections_not_merged
5f08618a-f160-58de-a14a-4a04acc0f17c,2,0,12,1,1.0000,0,0,0,True,136,,,no_core_skills|sections_not_merged
5f238ca6-4c2f-57ba-859b-6701a56d9488,2,0,8,1,1.0000,26,0,0,False,47,0,0,sections_not_merged
5f5358d3-7243-51cb-b2f0-04cb629d18e5,2,0,2,1,1.0000,27,0,0,True,108,0,0,sections_not_merged
5fcba686-4cc3-5000-a73c-a54b35eb9774,18,0,12,1,1.0000,0,0,0,False,,,,no_core_skills|sections_not_merged
5fe494df-2438-5f56-952c-90d7303368fd,4,0,7,3,0.5000,27,0,0,False,64,0,0,sections_not_merged
600cd4c0-9439-52b4-850b-2e243ec9de6b,4,0,4,1,1.0000,23,0,0,False,80,0,0,sections_not_merged
6041f17e-0c3d-5559-bc3d-6e8074c90440,20,0,10,2,0.6500,20,0,0,True,122,0,0,sections_not_merged
6068fa2a-8cb5-5688-a386-34a0386b3b74,3,0,2,2,0.6667,19,0,0,True,124,0,0,sections_not_merged
6089b639-90fa-5087-8c24-81b5b9766793,2,0,1,1,1.0000,0,0,0,False,94,,,no_core_skills|sections_not_merged
608e3966-0a3b-5dcc-85c8-d148eb298ae4,5,0,1,2,0.6000,27,0,0,True,115,0,0,sections_not_merged
609fb14a-282a-5d1c-9fbb-6a25cb453d03,5,0,11,2,0.8000,23,0,0,False,63,0,0,sections_not_merged
60bbcdf5-f88f-5509-846c-3eb67bb499ed,2,0,2,2,0.5000,28,0,0,True,130,0,0,sections_not_merged
60ceeaac-3f6e-515e-a756-1701ed4628ee,3,0,1,2,0.6667,27,0,0,False,88,0,0,sections_not_merged
60f1b81f-24aa-5eea-b4c9-f19430f2ef33,4,0,1,1,1.0000,17,0,0,False,76,0,0,sections_not_merged
611a186e-f554-5688-8d69-c5e97ac40de4,2,0,12,1,1.0000,0,0,0,False,180,,,no_core_skills|sections_not_merged
615a375b-4ef4-5065-bc9e-ae3710b2b8de,2,0,1,1,1.0000,22,0,0,True,150,0,0,sections_not_merged
61753df2-66a1-5d75-9554-ea56b7f852f8,2,0,1,1,1.0000,24,0,0,False,152,0,0,sections_not_merged
61a26090-ab40-5c2e-a1d3-254eabba3106,2,0,6,1,1.0000,16,0,0,True,129,0,0,sections_not_merged
61c7229e-21cf-5a10-9f28-43d19a05a1cc,2,0,1,2,0.5000,0,0,0,False,170,,,no_core_skills|sections_not_merged
61d9e5bb-a815-5350-a30f-bc127e27e531,12,0,5,2,0.9167,0,0,0,False,69,,,no_core_skills|sections_not_merged
61f48320-6a50-52c4-b988-73da1a13390c,4,0,12,1,1.0000,0,0,0,False,247,,,no_core_skills|sections_not_merged
62404e87-3393-5507-b54c-0298fb82cca4,4,0,8,1,1.0000,0,0,0,False,54,,,no_core_skills|sections_not_merged
629b412e-9a60-56dc-b752-625c52834fcb,2,0,8,1,1.0000,0,0,0,False,63,,,no_core_skills|sections_not_merged
62b656f8-be73-54fd-bc24-5249861efdf5,22,0,2,2,0.8182,23,0,0,False,86,1,1,sections_not_merged
62c3821d-902b-5c9a-a491-58d61eb6fe9c,2,0,12,1,1.0000,0,0,0,True,145,,,no_core_skills|sections_not_merged
62e31703-468a-5df2-a3e7-c1c2f039fbfc,4,0,6,2,0.5000,30,0,0,True,108,0,0,sections_not_merged
63bd5b44-3729-523e-a7c6-f46d17dcd118,2,0,9,1,1.0000,27,0,0,False,53,0,0,sections_not_merged
64131cfc-48ba-5743-8bee-e2c67ecc2687,6,0,10,1,1.0000,0,0,0,False,85,,,no_core_skills|sections_not_merged
643552dd-e60f-5352-995a-ccc19756104b,2,0,8,1,1.0000,0,0,0,True,114,,,no_core_skills|sections_not_merged
64f26329-4448-5f01-a1f0-1193620dfb4c,2,0,1,1,1.0000,0,0,0,True,139,,,no_core_skills|sections_not_merged
6512c3b4-e516-50cf-9644-2f9d30bfe2b8,4,0,2,2,0.5000,18,0,0,True,134,,,sections_not_merged
651e2363-3492-5585-b784-3ea769f19659,5,0,1,1,1.0000,22,0,0,True,106,0,0,sections_not_merged
653291a0-6410-5798-a3e4-6d8fb5e2bfd8,2,0,0,1,1.0000,0,0,0,False,559,,,no_core_skills|sections_not_merged
6540b3b7-c70e-5903-8564-800610dea64d,9,0,2,3,0.5556,26,0,0,False,80,0,0,sections_not_merged
6546a35d-710d-5a92-b638-ee6bb1e70ae6,2,0,0,1,1.0000,23,0,0,False,217,0,0,
65dea71e-19da-5850-84d8-a90f630c89f1,2,0,1,1,1.0000,24,0,0,True,105,0,0,sections_not_merged
65e09bcf-c323-5f45-b76b-af53ec911494,3,0,1,2,0.6667,25,0,0,True,128,0,0,sections_not_merged
66574f3d-3bcb-526c-8493-35e429e1c22b,4,0,6,1,1.0000,24,0,0,True,104,0,0,sections_not_merged
666cca67-7e9e-5773-939f-f302a95ffc0f,3,0,10,1,1.0000,0,0,0,False,267,,,no_core_skills|sections_not_merged
666f8bf8-7689-5b9f-9c20-19b7e62c7d71,3,0,5,1,1.0000,27,0,0,False,67,,,sections_not_merged
6677d957-62cf-5a9e-bdda-402c2569215e,3,0,2,1,1.0000,21,0,0,False,83,0,0,sections_not_merged
667e960a-703a-53ed-a340-21425935b709,2,0,1,1,1.0000,0,0,0,False,195,,,no_core_skills|sections_not_merged
66cb15c2-1ba1-50e9-a879-4c5e79082b49,8,0,5,1,1.0000,0,0,0,True,119,,,no_core_skills|sections_not_merged
6722f723-110a-5a75-ad3a-8acc562c9730,6,0,1,3,0.6667,25,0,0,False,65,0,0,sections_not_merged
6733a0db-251a-578a-bdd6-60d88bc2af88,3,0,11,1,1.0000,0,0,0,False,176,,,no_core_skills|sections_not_merged
6739645e-2655-52ee-bed3-e1f5f4eb64a9,2,0,1,1,1.0000,24,0,0,False,81,0,0,
67bdff9d-44b8-5c11-8600-15b55b6f231c,3,0,1,1,1.0000,28,0,0,True,138,0,0,sections_not_merged
67d5c96d-74f0-51a0-a434-bad99aa12cc7,2,0,7,1,1.0000,0,0,0,False,151,,,no_core_skills|sections_not_merged
67f61448-44b5-54ca-86c7-bdf6ec0a585b,4,0,1,1,1.0000,22,0,0,False,151,,,sections_not_merged
681c3d89-2517-5a79-a17b-2687b49c1d70,3,0,5,1,1.0000,24,0,0,False,76,0,0,sections_not_merged
683ade21-1253-5768-a45e-59e295c85fcb,6,0,9,4,0.5000,26,0,0,False,86,0,0,sections_not_merged
684fda55-c642-5ca9-a10e-bb761bd53934,4,0,3,2,0.7500,23,0,0,True,104,0,3,sections_not_merged
68dcf1ff-5afa-50fc-9907-0444e2116f75,2,0,12,1,1.0000,0,0,0,False,155,,,no_core_skills|sections_not_merged
6924dae1-7b4a-5754-ab57-299c3840d4ad,2,0,1,1,1.0000,0,0,0,False,215,,,no_core_skills|sections_not_merged
697483ad-007f-534b-bb31-98d48f71b3d5,2,0,12,1,1.0000,0,0,0,False,164,,,no_core_skills|sections_not_merged
69796666-8d11-5720-904b-2603b6211899,2,0,4,1,1.0000,0,0,0,True,132,,,no_core_skills|sections_not_merged
6995c96f-835c-5319-82a8-1b12c8969328,2,0,0,1,1.0000,21,0,0,True,107,0,0,
69cffb35-0273-54c0-b9de-89bf79298429,10,0,13,3,0.5000,0,0,0,False,88,,,duties_over_max|no_core_skills|sections_not_merged
6a054e04-b0aa-5d82-84e8-1f6afb99c47d,2,0,1,1,1.0000,0,0,0,False,162,,,no_core_skills|sections_not_merged
6a0a6eb9-043d-5a56-b9b5-d4c39c466390,2,0,5,2,0.5000,21,0,0,True,149,0,0,sections_not_merged
6a0e6220-6441-5e13-841b-17e41b42fd56,2,0,4,1,1.0000,0,0,0,True,108,,,no_core_skills|sections_not_merged
6a331c4e-9287-5264-ae9a-5c8b6cf41fe6,3,0,1,2,0.6667,0,0,0,False,186,,,no_core_skills|sections_not_merged
6a41031b-bd6e-5b4a-a5c1-2e55b83d2cee,2,0,7,1,1.0000,23,0,0,False,49,0,0,sections_not_merged
6a434f9c-05ec-5e82-92df-cb1deabccaeb,2,0,1,1,1.0000,23,0,0,True,109,0,0,sections_not_merged
6a4775dc-1b67-55ef-a5e0-19beb8ca34d1,2,0,12,2,0.5000,29,0,0,False,71,,,sections_not_merged
6a9cd83c-98b4-52f4-836f-7d616bdf3cc7,3,0,6,1,1.0000,25,0,0,True,114,1,1,sections_not_merged
6ac16c45-9e3a-56f5-a0d4-760d923ca38c,9,0,6,2,0.6667,21,0,0,False,63,0,0,sections_not_merged
6af4165c-f501-5a8c-b303-90543ea45e4d,3,0,5,1,1.0000,0,0,0,False,334,,,no_core_skills|sections_not_merged
6b206f56-7c85-5af0-9b08-f1bf2bab7e2b,4,0,1,1,1.0000,0,0,0,False,181,,,no_core_skills|sections_not_merged
6b367e8c-64c0-570d-9120-6f32e91bd4eb,3,0,25,3,0.3333,17,0,0,False,155,0,0,duties_over_max|sections_not_merged
6b804f78-a2ec-54c4-8dc7-34293cadfebc,21,0,4,4,0.6190,20,0,0,True,118,0,0,sections_not_merged
6bb74a8a-536b-5bec-80bc-734c2c6f838c,3,0,11,1,1.0000,0,0,0,True,104,,,no_core_skills|sections_not_merged
6bc1bc5e-df38-51de-a4aa-22c8c63236ca,2,0,1,1,1.0000,0,0,0,True,144,,,no_core_skills|sections_not_merged
6bdac8ec-adc5-5539-bc05-458b9ef6122f,3,0,5,1,1.0000,22,0,0,False,49,0,0,sections_not_merged
6be60a8b-df08-5102-9cd3-6b7d3afa4982,2,0,3,2,0.5000,29,0,0,True,108,0,0,sections_not_merged
6c12d6cf-3a5c-56c0-8907-fdbbcd08277e,2,0,12,1,1.0000,0,0,0,False,91,,,no_core_skills|sections_not_merged
6c159552-f4be-508d-8ca9-ceba066a5332,2,0,1,2,0.5000,0,0,0,False,72,,,no_core_skills|sections_not_merged
6c2b6d8e-ddbc-5f74-9255-48c5dfb0404a,2,0,6,1,1.0000,19,0,0,True,142,0,0,sections_not_merged
6c9757c8-9f7f-52a1-819e-fe72cc62954a,5,0,3,1,1.0000,26,0,0,False,155,0,0,sections_not_merged
6cbc91a6-651a-5fba-b5e3-2949d615539b,2,0,1,1,1.0000,28,0,2,False,65,0,0,sections_not_merged
6cd5d632-1846-58b5-a092-92d61c458a14,4,0,1,1,1.0000,0,0,0,True,122,,,no_core_skills|sections_not_merged
6cf22484-237d-5261-92b7-cc788a677a2a,2,0,1,2,0.5000,27,0,0,True,108,0,0,sections_not_merged
6d1ba464-99c9-5b2e-ad69-2530eb2e17d2,4,0,2,1,1.0000,26,0,0,False,54,,,
6d270c2d-69dc-53b8-886f-e013ed7ddb7e,2,0,0,1,1.0000,0,0,0,False,574,,,no_core_skills|sections_not_merged
6d617292-8add-5044-8060-e035232ed5e7,9,0,1,2,0.8889,21,0,0,True,127,0,0,sections_not_merged
6d6c855f-83ff-5c4f-b836-af618312cd3a,2,0,12,1,1.0000,0,0,0,False,83,,,no_core_skills|sections_not_merged
6d8d8866-1698-5957-8905-82d052e383b7,6,0,11,1,1.0000,21,0,0,True,124,0,2,sections_not_merged
6da9010d-aea3-5e25-b8c4-afcc75d40674,3,0,6,1,1.0000,0,0,0,False,300,,,no_core_skills|sections_not_merged
6dc978b5-21d8-5914-81dd-510a82ac3fb6,3,0,0,1,1.0000,0,0,0,False,460,,,no_core_skills|sections_not_merged
6dd461ce-131d-5ae3-8c16-73f6691ef4ef,2,0,1,1,1.0000,21,0,0,True,116,,,
6e03a89c-6f5f-5229-870a-2b17e4cc0476,2,0,1,1,1.0000,0,0,0,True,101,,,no_core_skills|sections_not_merged
6e34818f-bb00-5a5b-8962-9372ec6215c6,2,0,12,2,0.5000,0,0,0,True,134,,,no_core_skills|sections_not_merged
6e508fcf-5575-5db5-b9ff-9c7849c126c0,2,0,12,1,1.0000,0,0,0,False,70,,,no_core_skills|sections_not_merged
6e595cbd-1d99-53f7-8442-0b53103e4f71,5,0,1,1,1.0000,0,0,0,False,81,,,no_core_skills|sections_not_merged
6e5a8424-2c6b-5bc6-aced-3426d7b31604,2,0,1,1,1.0000,22,0,0,False,185,0,0,sections_not_merged
6e8b87cf-bdf1-5f54-b129-f0739ee2ef8a,2,0,1,1,1.0000,0,0,0,True,115,,,no_core_skills|sections_not_merged
6ecf0f58-b1b4-55ef-8a09-be2624985e89,2,0,1,1,1.0000,23,0,0,False,82,0,0,sections_not_merged
6ed1f86b-d5cb-552d-8c8e-7324c44fdffa,5,0,12,1,1.0000,0,0,0,False,164,,,no_core_skills|sections_not_merged
6f3c8602-4929-5c8d-8963-a0998f8922c2,2,0,8,1,1.0000,0,0,0,True,132,,,no_core_skills|sections_not_merged
6f4548e6-5ce3-5467-b444-3f6fbcd60719,5,0,1,2,0.6000,25,0,0,False,63,0,0,sections_not_merged
6fa6465b-0f36-5207-9772-d72d7b74be82,3,0,14,2,0.6667,24,0,0,False,56,0,2,duties_over_max|sections_not_merged
6fd441b1-3e3c-5810-8336-5bb06e3ac661,8,0,13,1,1.0000,0,0,0,False,83,,,duties_over_max|no_core_skills|sections_not_merged
6fd6ad5f-dd85-5a4e-8781-cdc47e602133,2,0,12,1,1.0000,17,0,0,True,146,0,0,sections_not_merged
6fdc94bf-f76b-5bf8-bf42-385c16b2c86a,13,0,12,1,1.0000,0,0,0,False,261,,,no_core_skills|sections_not_merged
6ff8e2ac-7524-57bb-b04c-5cd405855b74,6,0,1,1,1.0000,23,0,0,False,153,0,0,sections_not_merged
7006548c-29c9-538a-8cfc-252fc35442bb,2,0,1,1,1.0000,29,0,0,True,128,0,0,sections_not_merged
700d32f9-34ee-5f34-bfb2-4528d462d07e,4,0,12,1,1.0000,0,0,0,True,105,,,no_core_skills|sections_not_merged
7010f576-3962-53d8-9c5e-1407566add7f,2,0,2,2,0.5000,27,0,0,False,59,0,0,sections_not_merged
70145cc3-1838-5399-a3ff-2092f1dbdc94,3,0,2,1,1.0000,21,0,0,False,76,0,0,sections_not_merged
701e9e29-656c-55e0-ad7d-66e886319148,4,0,12,1,1.0000,0,0,0,False,68,,,no_core_skills|sections_not_merged
7027275e-cab0-58ae-bbcd-ab846f33e45d,2,0,0,1,1.0000,22,0,0,True,140,0,0,
70549d8d-c5ba-5789-9895-2b11ddcd1946,3,0,12,3,0.3333,21,0,0,False,200,0,0,sections_not_merged
709b8aa2-4755-59f4-9021-b9de648b5bc8,3,0,7,1,1.0000,0,0,0,False,177,,,no_core_skills|sections_not_merged
70ac5c78-4d21-594a-be5c-2bdcb10da964,2,0,1,1,1.0000,0,0,0,False,157,,,no_core_skills|sections_not_merged
70e22ba4-fa2e-555d-a85e-02d319c246e5,2,0,5,1,1.0000,0,0,0,False,300,,,no_core_skills|sections_not_merged
712f0d5e-fb52-5d16-b71e-2d10957c854c,5,0,8,2,0.6000,27,0,0,False,49,,,sections_not_merged
714c2378-c898-5012-86f3-43268f3725b4,43,0,8,1,1.0000,0,0,0,False,69,,,no_core_skills|sections_not_merged
717cf023-cfa6-5e0b-9d1a-b17eba8e9366,6,0,1,2,0.8333,27,0,0,False,87,0,0,sections_not_merged
7188c7df-0879-5225-9ffb-8fad53cc1898,6,0,12,1,1.0000,0,0,0,False,254,,,no_core_skills|sections_not_merged
71da6f0a-7d4d-52fb-97dd-f0c5a7fd5142,5,0,1,1,1.0000,0,0,0,False,205,,,no_core_skills|sections_not_merged
7235d845-1a5a-56e7-a4af-63a8a0a0a3d7,2,0,2,1,1.0000,22,0,2,True,114,,,sections_not_merged
72417ca7-0ede-5474-bac7-664a16bbc678,2,0,4,1,1.0000,26,0,0,False,64,0,0,sections_not_merged
72b5348e-5c40-512b-9848-6ed2e8bf44b2,3,0,1,1,1.0000,0,0,0,False,238,,,no_core_skills|sections_not_merged
72e75430-1134-5a45-b08b-2d238baf9e30,10,0,4,1,1.0000,0,0,0,False,82,,,no_core_skills|sections_not_merged
73122ddc-c195-59c1-aada-bfb648c4465d,6,0,12,1,1.0000,0,0,0,False,82,,,no_core_skills|sections_not_merged
7314238b-c793-5790-9263-e91bf6d23766,2,0,12,1,1.0000,0,0,0,False,159,,,no_core_skills|sections_not_merged
731abaf1-26be-5c10-825f-5ddaf1d80422,2,0,1,2,0.5000,0,0,0,False,167,,,no_core_skills|sections_not_merged
735b4de9-92f6-5494-a6ee-9ecfacd88fb5,2,0,12,1,1.0000,0,0,0,False,188,,,no_core_skills|sections_not_merged
73856293-2fd4-54e9-81d0-c6f32c0b6dc9,2,0,1,1,1.0000,0,0,0,False,50,,,no_core_skills|sections_not_merged
73ee7403-d756-5f0f-8aef-5e85541e7627,3,0,10,2,0.6667,19,0,0,True,136,0,0,sections_not_merged
7407c0c8-6a9b-5d30-970f-1a2a67e43fc5,2,0,11,1,1.0000,0,0,0,True,142,,,no_core_skills|sections_not_merged
744792b9-d6db-5d94-b169-c18d83361e1a,22,0,12,2,0.7273,0,0,0,False,68,,,no_core_skills|sections_not_merged
744ef588-4443-5e4e-969c-3976bf36cbd8,4,0,7,1,1.0000,0,0,0,False,166,,,no_core_skills|sections_not_merged
74643f02-21c0-5eb3-bb91-d5cf0acfd887,4,0,1,1,1.0000,28,0,0,True,115,0,0,sections_not_merged
746c6f1d-a3f4-57f2-9a8a-28497e9d7ed0,2,0,13,1,1.0000,0,0,0,True,149,,,duties_over_max|no_core_skills|sections_not_merged
74729346-84ad-5ce0-ab84-385360e11507,2,0,4,1,1.0000,30,0,0,False,221,0,0,sections_not_merged
749b172b-433c-512f-b324-938f03df6073,13,0,13,3,0.5385,21,0,0,True,105,,,duties_over_max|sections_not_merged
74b6f383-bfd2-5b9d-bf9d-e9aa161a0aec,2,0,12,2,0.5000,0,0,0,False,78,,,no_core_skills|sections_not_merged
74e43ddf-228c-56ee-a750-7fd44b0ae64a,2,0,1,1,1.0000,20,0,0,False,50,0,0,sections_not_merged
7520c601-77d8-5e21-a312-5601401ae9d1,5,0,12,4,0.4000,30,0,0,False,524,0,0,sections_not_merged
753758a2-ac92-543c-9be5-983e86856db8,2,0,4,1,1.0000,0,0,0,False,375,,,no_core_skills|sections_not_merged
753fbac2-6fe9-51e9-936c-1a517ba36bc5,3,0,3,1,1.0000,22,0,0,False,93,,,sections_not_merged
756c3c86-70e5-5187-9010-43b83a8e30b2,7,0,0,1,1.0000,25,0,0,False,171,0,0,sections_not_merged
757d53ef-3874-580c-b574-def8c2b90bcb,5,0,2,2,0.8000,27,0,0,False,56,0,0,sections_not_merged
75cd8e9a-612c-5114-9bbd-9efdeb0da7db,2,0,5,1,1.0000,24,0,0,True,137,0,0,sections_not_merged
75dc5907-e8ce-5b6a-869f-6fb47c0e99d1,6,0,8,2,0.6667,24,0,0,True,102,0,2,sections_not_merged
75e46334-8761-5186-a45a-6f944eabaaa2,2,0,1,1,1.0000,28,0,0,False,36,0,,sections_not_merged
75f81271-17cf-5347-8272-8d08401c6e20,3,0,1,1,1.0000,0,0,0,True,109,,,no_core_skills|sections_not_merged
7661e576-fc6b-5d27-9a48-a6c782cddc68,2,0,6,1,1.0000,0,0,0,False,166,,,no_core_skills|sections_not_merged
76fc5c0c-5142-5c82-8229-72830fd2fe1f,23,0,4,1,1.0000,29,0,0,True,117,0,0,sections_not_merged
77024dd8-0713-585a-ae27-fc8a1dd4c67d,6,0,2,2,0.5000,25,0,0,True,100,0,0,sections_not_merged
77719730-174a-5082-9784-59ba24865715,2,0,10,2,0.5000,24,0,0,False,154,0,0,sections_not_merged
77806230-8aa5-5785-bcf8-9780bf40a34f,2,0,1,1,1.0000,28,0,0,True,107,0,0,sections_not_merged
7781e9bf-e2a3-5bf4-a748-de26e2015d9d,2,0,6,1,1.0000,0,0,0,False,157,,,no_core_skills|sections_not_merged
7786ea9e-baa7-5ea1-b406-f6c07fb917d5,2,0,3,1,1.0000,26,0,0,False,155,0,0,sections_not_merged
77b0104b-4c83-5fab-be3a-610e04fac383,5,0,12,3,0.4000,26,0,0,False,59,,,sections_not_merged
77c7f297-dc81-5219-9700-130edc277b26,2,0,12,1,1.0000,0,0,0,False,218,,,no_core_skills|sections_not_merged
780296d6-c269-5ec7-a033-4cae90a257d3,10,0,9,2,0.7000,21,0,0,True,115,0,0,sections_not_merged
7823d7f8-4e64-5c9a-b388-5a9dbef8fe67,2,0,1,1,1.0000,0,0,0,False,94,,,no_core_skills|sections_not_merged
7869e2ac-9f95-5fbc-b76d-55f19c885eba,4,0,7,2,0.5000,29,0,0,True,104,0,0,sections_not_merged
786bdd73-d599-5827-bbe9-7fc71c4808d2,2,0,2,1,1.0000,31,0,0,True,101,0,0,sections_not_merged
786f3bbf-8cd1-5b4e-be29-7609ce32c347,2,0,0,1,1.0000,21,0,0,False,270,0,0,
78704c27-4f7c-5a3a-8e70-73e1d40d8051,2,0,3,1,1.0000,0,0,0,False,152,,,no_core_skills|sections_not_merged
787f88c4-d646-5175-b1c3-727fb5046c1d,2,0,12,1,1.0000,0,0,0,True,101,,,no_core_skills|sections_not_merged
788653a1-4184-5cf9-9c61-ed73a29605f0,2,0,1,1,1.0000,0,0,0,False,47,,,no_core_skills|sections_not_merged
78ecf3c8-ee3a-5b09-8b8c-80e5a25106e9,3,0,4,2,0.6667,0,0,0,False,86,,,no_core_skills|sections_not_merged
78f3ef75-3195-5293-bca5-30f8d6af2ec6,2,0,12,2,0.5000,0,0,0,True,128,,,no_core_skills|sections_not_merged
7906626b-71d1-5b06-b5df-fa3ddec094bc,2,0,1,1,1.0000,21,0,0,False,61,0,0,sections_not_merged
7907019e-fd45-5302-ae81-3c338fccea14,14,0,6,2,0.9286,27,0,0,True,105,0,0,sections_not_merged
790bd8f3-c69b-5f88-b22e-2a4585efb7e1,6,0,1,1,1.0000,0,0,0,False,61,,,no_core_skills|sections_not_merged
790f2ba3-bae5-572e-be95-f58826d01170,3,0,1,1,1.0000,25,0,0,False,64,0,0,sections_not_merged
79150fdd-ebf1-5345-852b-31382754b5ea,2,0,1,2,0.5000,0,0,0,True,122,,,no_core_skills|sections_not_merged
792acd18-a632-56a7-b1e7-ae58e4bd86d7,2,0,1,1,1.0000,21,0,0,False,73,,0,sections_not_merged
792fe412-acb3-502f-aaec-7e749ce37c9f,3,0,12,1,1.0000,0,0,0,False,95,,,no_core_skills|sections_not_merged
793b0622-35f1-585c-9d78-8f4a379af1aa,3,0,7,1,1.0000,0,0,0,True,117,,,no_core_skills|sections_not_merged
793b0dad-0a8f-5545-a010-444078ff2c33,3,0,1,1,1.0000,0,0,0,False,73,,,no_core_skills|sections_not_merged
795215f9-1661-5e47-b83b-e41b33254f69,7,0,4,2,0.5714,23,0,0,True,137,0,4,sections_not_merged
796eebcb-85cb-5fc0-86be-9aeca15b5dd5,2,0,12,1,1.0000,0,0,0,False,42,,,no_core_skills|sections_not_merged
79af2ae6-d5c0-5672-919c-be70ec190327,2,0,12,1,1.0000,0,0,0,True,110,,,no_core_skills|sections_not_merged
79c3ac58-c24d-5e50-a798-8fc83d0cd29c,4,0,6,1,1.0000,0,0,0,False,219,,,no_core_skills|sections_not_merged
79e8402a-28ac-58ce-95bb-3e51b09c4a7a,3,0,1,1,1.0000,0,0,0,False,166,,,no_core_skills|sections_not_merged
79eeaea5-981b-57f1-8041-fe3b9dfb8b27,3,0,0,3,0.3333,62,0,0,False,,0,2,
79f31e72-4fcb-57d9-b2fe-8c1c4237ea38,3,0,7,1,1.0000,21,0,0,False,93,0,0,sections_not_merged
7a22d364-1036-58f5-a380-daba42542239,7,0,34,2,0.7143,21,0,1,True,123,0,0,duties_over_max|sections_not_merged
7a243bc4-ee05-5603-9d7a-4a83ad742f55,2,0,1,1,1.0000,23,0,0,False,83,0,1,sections_not_merged
7a3e1b52-eb28-5194-8511-cf1f5d610a75,2,0,12,1,1.0000,0,0,0,False,183,,,no_core_skills|sections_not_merged
7a46f1c4-3870-5edd-9aaa-0834f5e30fa1,2,0,1,1,1.0000,0,0,0,False,86,,,no_core_skills|sections_not_merged
7a716b3b-9aa1-5a5d-81b6-c5d55a1ea125,26,0,10,2,0.9615,0,0,0,False,47,,,no_core_skills|sections_not_merged
7acddad3-44da-5bb6-8fe2-abff45f4054c,2,0,1,1,1.0000,24,0,0,False,97,0,0,sections_not_merged
7ace18cf-c918-54df-be1d-691ac3e92981,22,0,57,2,0.7273,22,0,0,True,102,0,2,duties_over_max|sections_not_merged
7ad21d6b-ca10-5082-9d40-09a34e5eecc9,3,0,7,1,1.0000,0,0,0,True,127,,,no_core_skills|sections_not_merged
7ae2b8f2-6a8d-5a32-bedf-aac5e2a5c9a0,2,0,8,2,0.5000,29,0,0,True,110,0,1,sections_not_merged
7af38e4c-ce53-5d48-88f9-e8064bed7a18,2,0,7,1,1.0000,29,0,0,True,129,0,0,sections_not_merged
7b037a90-cbe2-5149-9000-bc029402c2d8,2,0,12,1,1.0000,0,0,0,False,184,,,no_core_skills|sections_not_merged
7b3b7f76-7026-5af1-9e14-b1b81ac6bdfc,6,0,11,1,1.0000,0,0,0,False,84,,,no_core_skills|sections_not_merged
7b45787a-ac27-5e2f-a1bc-503730df3a44,2,0,1,1,1.0000,0,0,0,True,143,,,no_core_skills|sections_not_merged
7b5c58a1-44d1-5289-ad23-9a4af6b86d43,2,0,4,1,1.0000,0,0,0,False,178,,,no_core_skills|sections_not_merged
7b999f6e-05ab-5f60-b56f-d8e1b8d25f92,2,0,1,1,1.0000,0,0,0,False,75,,,no_core_skills|sections_not_merged
7bc8faef-856d-5505-8c00-d5b3d7487493,2,0,1,1,1.0000,0,0,0,True,133,,,no_core_skills|sections_not_merged
7bd60c03-0418-5f79-8fe6-b9826843a27a,6,0,1,1,1.0000,32,0,0,False,27,,0,sections_not_merged
7bd70772-9cd4-5b89-9e37-9f412d239817,2,0,12,1,1.0000,0,0,0,False,219,,,no_core_skills|sections_not_merged
7c138947-ebdf-58d9-856f-17a398e9d5fa,2,0,8,2,0.5000,0,0,0,True,101,,,no_core_skills|sections_not_merged
7c174021-90e2-59f4-8129-6412251bacdd,11,0,1,1,1.0000,23,0,0,True,100,0,0,sections_not_merged
7c250fa5-5817-5190-8574-4771268efc1e,2,0,1,1,1.0000,0,0,0,False,177,,,no_core_skills|sections_not_merged
7c7d7801-d32e-5445-804e-8e080de9d0b5,10,0,6,2,0.6000,19,0,0,False,61,,,sections_not_merged
7c847766-99a1-5cf6-990b-beb498cf65cc,2,0,5,1,1.0000,36,0,0,False,49,0,0,sections_not_merged
7c9dba2c-df24-5f8d-83ba-e6f0866563a7,2,0,4,2,0.5000,34,0,0,True,118,0,0,sections_not_merged
7caa41a2-55d1-5e33-982a-ad1cbeeebc4a,14,0,1,2,0.9286,0,0,0,True,116,,,no_core_skills|sections_not_merged
7ceced07-a874-56c0-b2d5-97e1e9364d7b,3,0,10,1,1.0000,0,0,0,False,183,,,no_core_skills|sections_not_merged
7cee954c-1322-59da-8bf8-c67d78b1c3c2,2,0,1,1,1.0000,30,0,0,True,112,0,0,sections_not_merged
7cf3378a-7a20-5e67-ab8f-44da4d51e073,2,0,3,2,0.5000,32,0,0,True,109,0,0,sections_not_merged
7d0c333d-7413-54d2-92d3-dca2d8abf102,2,0,5,1,1.0000,86,0,0,False,51,0,,sections_not_merged
7d2e081c-e4b7-52de-aa73-3e7b7734d3b3,3,0,12,2,0.6667,26,0,0,True,120,0,0,sections_not_merged
7d356fdb-9e3b-587b-ad19-85bd504afe31,4,0,1,1,1.0000,21,0,0,False,70,0,0,sections_not_merged
7d3e5af1-248c-5d8c-acd8-90287955e66f,3,0,9,2,0.6667,25,0,0,False,82,0,2,sections_not_merged
7d504b71-bb4e-5e48-b88d-0ed9c6ced5a7,2,0,5,1,1.0000,0,0,0,False,210,,,no_core_skills|sections_not_merged
7d6065ff-2fdb-55da-9672-3ee01023973a,3,0,2,2,0.6667,21,0,0,True,100,1,2,sections_not_merged
7d67f85a-c504-50c9-8d06-f4b9a3923b17,2,0,12,1,1.0000,0,0,0,True,104,,,no_core_skills|sections_not_merged
7d68642e-8b20-594e-b113-09388b237fef,7,0,3,2,0.5714,0,0,0,False,176,,,no_core_skills|sections_not_merged
7e37a02e-3841-55a6-8268-725e23b48df4,2,0,8,1,1.0000,0,0,0,True,136,,,no_core_skills|sections_not_merged
7e54760d-0616-565f-a1d4-fed9150a1e94,3,0,12,1,1.0000,0,0,0,False,155,,,no_core_skills|sections_not_merged
7e8ba23d-4782-5dbc-80fc-8584fdedcd96,2,0,2,1,1.0000,0,0,0,True,120,,,no_core_skills|sections_not_merged
7e97c2d0-d313-538d-b1d5-655c62f16c4a,7,0,13,2,0.7143,25,0,0,False,173,0,0,duties_over_max|sections_not_merged
7eb55825-4971-5491-8344-67aa06af7669,4,0,10,1,1.0000,23,0,0,True,123,0,0,sections_not_merged
7f20e912-e5e5-5785-8527-03ef172f7977,2,0,7,1,1.0000,0,0,0,False,195,,,no_core_skills|sections_not_merged
7f30af4b-d0ee-526d-89bd-4bd0278d6746,3,0,12,1,1.0000,20,0,0,False,162,0,0,sections_not_merged
7f3b305e-db65-5b54-acb6-42c8e19b2f04,2,0,1,1,1.0000,21,0,0,True,107,0,0,sections_not_merged
7f620dfc-b59b-56f3-b7c5-b1254741e05a,2,0,6,2,0.5000,19,0,0,True,120,0,0,sections_not_merged
7f753ebb-5f5b-5ebb-992c-f3984970daa4,4,0,1,2,0.7500,27,0,0,True,100,0,0,sections_not_merged
7fac429f-5c81-5276-8561-ca156682d389,2,0,1,1,1.0000,20,0,0,True,122,0,0,sections_not_merged
8053162f-0f5b-5b21-8875-59a504b971fa,2,0,5,1,1.0000,24,0,0,True,150,0,0,sections_not_merged
80622978-eef8-5cbf-8d17-aa7fb7a550f2,2,0,1,1,1.0000,24,0,0,True,111,0,0,sections_not_merged
806a1d11-e0f7-51a9-8547-a875f97c1c43,2,0,3,1,1.0000,25,0,0,True,126,0,0,sections_not_merged
809b2125-4c03-503a-a607-1e4af4e1fdff,2,0,7,2,0.5000,24,0,0,False,84,0,0,sections_not_merged
80a9eed8-1918-5622-9578-66a02baa973f,2,0,8,1,1.0000,0,0,0,True,130,,,no_core_skills|sections_not_merged
80ba3078-5eab-5825-bcf6-a8d5e9c4cc5b,3,0,15,3,0.3333,28,0,0,True,111,0,0,duties_over_max|sections_not_merged
80ce7d0e-13b4-51ee-9167-4221553f0698,3,0,1,2,0.6667,25,0,0,False,59,0,0,sections_not_merged
80ec5d82-7de9-54ce-8d35-e60b33c88f89,4,0,2,3,0.5000,26,0,0,True,101,1,1,sections_not_merged
8127db16-fb9d-5c8d-acaa-8c432b903da4,2,0,1,1,1.0000,0,0,0,True,122,,,no_core_skills|sections_not_merged
816cb87c-85d4-57f8-9bec-eb0bc0b3714d,3,0,1,2,0.6667,25,0,0,False,77,0,0,sections_not_merged
81719f92-9778-5b62-a2df-31d4a0ce354a,9,0,9,1,1.0000,0,0,0,False,165,,,no_core_skills|sections_not_merged
81897357-688a-5dae-88c5-4769fbd5c6cf,2,0,7,1,1.0000,0,0,0,False,89,,,no_core_skills|sections_not_merged
81a77050-3e55-5337-8e3d-cb2e16d0394d,3,0,3,1,1.0000,0,0,0,False,157,,,no_core_skills|sections_not_merged
81c1fe03-756c-58db-b2be-bdcb2a077003,3,0,10,2,0.6667,24,0,0,False,64,0,0,sections_not_merged
81dd3e04-8404-5f4d-836a-d0e06f44bb1c,3,0,5,1,1.0000,0,0,0,False,159,,,no_core_skills|sections_not_merged
821f1658-35ab-5f77-9297-125632f0b862,2,0,3,1,1.0000,0,0,0,True,118,,,no_core_skills|sections_not_merged
8232cfa7-7ee4-59b7-b6ac-0943ec0dd8ba,8,0,1,1,1.0000,0,0,0,False,69,,,no_core_skills|sections_not_merged
8237be4a-7759-5d51-bae6-aca3ef65e03b,4,0,16,2,0.7500,21,0,0,False,76,0,0,duties_over_max|sections_not_merged
8239e786-241b-5bbd-ab54-aa8d382035d9,2,0,12,2,0.5000,0,0,0,True,124,,,no_core_skills|sections_not_merged
823b3c06-6522-50de-bb72-e2cc006016fe,2,0,1,1,1.0000,0,0,0,False,45,,,no_core_skills|sections_not_merged
827f0828-2351-596b-bd23-aab2f1d06d71,3,0,2,2,0.6667,19,0,0,True,112,0,0,sections_not_merged
828f360e-75cd-5957-967a-da5b090e7943,8,0,2,2,0.7500,25,0,0,True,136,0,0,sections_not_merged
8291380a-d5e8-522a-8a30-e06f98b81818,3,0,1,1,1.0000,0,0,0,False,166,,,no_core_skills|sections_not_merged
82c75c0f-7bd3-5d49-942e-6d7cf581f669,2,0,11,2,0.5000,24,0,0,False,159,0,0,sections_not_merged
82e5c2d0-8198-56d3-88d4-1d0e66b3af1a,2,0,1,1,1.0000,0,0,0,False,25,,,no_core_skills|sections_not_merged
82ec058b-816d-5a8d-9749-e55083aa47b8,2,0,12,1,1.0000,0,0,0,True,103,,,no_core_skills|sections_not_merged
8334fe03-0e48-515f-b0c1-8516b637f030,3,0,1,1,1.0000,24,0,0,True,107,0,0,sections_not_merged
83377d85-705c-55b0-9182-1307237c108e,2,0,2,1,1.0000,33,0,0,False,98,1,0,sections_not_merged
83398d41-18f4-50ff-8fa0-c799afabd400,2,0,7,1,1.0000,0,0,0,False,171,,,no_core_skills|sections_not_merged
83473729-9900-5dcb-9b81-ca61c0123866,3,0,1,1,1.0000,19,0,0,False,86,,,sections_not_merged
8359f315-3b83-50be-828a-35585fda8e49,6,0,12,1,1.0000,0,0,0,True,112,,,no_core_skills|sections_not_merged
839da0fb-e6f8-57d5-94e4-3eb18f7a46e0,2,0,6,1,1.0000,21,0,0,False,78,0,0,sections_not_merged
83a23a1b-3bc8-5fd9-9eeb-d88bb3dc231d,41,0,1,3,0.8780,22,0,0,True,101,0,1,sections_not_merged
83cd6333-a5a8-5396-bb21-4ebba085bd7c,2,0,8,1,1.0000,27,0,0,True,101,0,0,sections_not_merged
84127f62-ab4f-5523-8e3e-67cbe794d852,2,0,12,1,1.0000,0,0,0,False,171,,,no_core_skills|sections_not_merged
8449ec34-cdd6-5f18-b8b1-d474178f7d97,4,0,1,2,0.7500,0,0,0,False,52,,,no_core_skills|sections_not_merged
84c6a428-7979-553c-89aa-f8394994e6e4,2,0,4,1,1.0000,0,0,0,False,194,,,no_core_skills|sections_not_merged
85451810-d3a4-5c3e-ab18-e6514cfecc64,2,0,6,2,0.5000,24,0,0,True,122,0,0,sections_not_merged
856a8ee1-64c2-59bd-acea-b10951ef68e4,3,0,1,1,1.0000,0,0,0,False,88,,,no_core_skills|sections_not_merged
85753816-8711-570d-86e4-13cd7dbaaadf,4,0,1,1,1.0000,26,0,0,False,86,0,0,sections_not_merged
859a2080-d241-51d9-bf35-d95b730ddca0,2,0,1,1,1.0000,21,0,0,True,128,0,0,sections_not_merged
85d5c59f-73e4-5710-ac23-91bad1e0788a,4,0,0,1,1.0000,0,0,0,False,172,,,no_core_skills
85da0eab-19ca-5731-a5bd-2aba34ce7f36,2,0,1,1,1.0000,0,0,0,False,162,,,no_core_skills|sections_not_merged
8600dd68-92f2-5208-9148-ce03feceb3a2,2,0,1,1,1.0000,0,0,0,False,172,,,no_core_skills|sections_not_merged
86233c88-92f5-5dcf-9033-58a1dc5dc56e,4,0,1,1,1.0000,24,0,0,True,100,0,0,sections_not_merged
864d62a6-15c8-525f-81a8-48db2bccc7f2,10,0,10,2,0.6000,25,0,0,True,121,0,0,sections_not_merged
865e2058-0e1e-547c-9338-8ad43265972f,4,0,2,1,1.0000,0,0,0,False,66,,,no_core_skills|sections_not_merged
8728ec84-77b0-5047-b4c4-8e0dded428d0,4,0,15,1,1.0000,0,0,0,False,67,,,duties_over_max|no_core_skills|sections_not_merged
877fa119-283f-5437-9b22-afa58f99325d,2,0,5,1,1.0000,27,0,0,True,105,0,0,sections_not_merged
87c9329d-9067-52da-b569-969cade2af23,2,0,1,1,1.0000,23,0,0,True,148,0,0,sections_not_merged
87d31ab1-bd03-5e05-be5c-21bb7557a47b,2,0,1,1,1.0000,25,0,0,True,104,0,0,sections_not_merged
87e6f630-b076-5ad8-b74c-f4df8647efde,3,0,1,3,0.3333,19,0,0,True,121,0,0,sections_not_merged
87eacc7e-65b9-546a-b982-1563e735305f,4,0,5,2,0.7500,25,0,0,True,141,0,0,sections_not_merged
88077239-fdcc-5ee0-906d-287ce3a945d4,2,0,1,1,1.0000,20,0,0,False,215,0,0,sections_not_merged
8859e46a-a94f-5b44-aa8f-493ca6868cbe,24,0,8,2,0.9583,0,0,0,False,47,,,no_core_skills|sections_not_merged
886c43cf-0e2e-5739-be95-19bfbda1fe31,4,0,1,3,0.5000,24,0,0,False,92,0,0,sections_not_merged
8889bed6-7949-5d7e-9b88-ff9f4c3faa2d,4,0,8,2,0.7500,22,0,0,True,113,0,0,sections_not_merged
88d26506-8b66-53fb-bd23-af0b3a024926,2,0,6,1,1.0000,24,0,0,False,188,0,0,
88f80b70-c72a-5b21-a9e7-80f24ffe9708,2,0,1,1,1.0000,24,0,0,False,67,0,0,sections_not_merged
8909078f-2025-58e7-af81-edeb7851dffc,2,0,10,1,1.0000,0,0,0,False,258,,,no_core_skills|sections_not_merged
8912dd5c-6b31-558d-b96d-3bd0eb683aba,2,0,0,1,1.0000,0,0,0,False,,,,no_core_skills
891eb02a-dab4-5400-a140-95efce6cc55e,4,0,1,1,1.0000,0,0,0,True,119,,,no_core_skills|sections_not_merged
893c7bc6-02d6-51b9-835b-5674f2264f93,2,0,1,1,1.0000,20,0,0,False,165,,0,sections_not_merged
895de2bc-af40-5bf3-97c7-717f29ce463f,3,0,12,1,1.0000,0,0,0,False,249,,,no_core_skills|sections_not_merged
8975ee55-1f44-5235-8a13-4685fc0b82b2,2,0,12,1,1.0000,26,0,0,True,122,0,0,sections_not_merged
898ecda3-ca05-57c7-8d98-0136e1611bb6,16,0,12,1,1.0000,0,0,0,False,187,,,no_core_skills|sections_not_merged
89b513bc-5cd9-5aed-aff1-9075520b29f4,4,0,1,1,1.0000,0,0,0,False,78,,,no_core_skills|sections_not_merged
89c98653-542f-5542-94d0-0b58b332eb00,2,0,7,1,1.0000,19,0,0,True,102,0,0,sections_not_merged
89d9ac3f-258b-5905-8ba1-14fd8d0e6180,2,0,3,1,1.0000,0,0,0,False,85,,,no_core_skills|sections_not_merged
89e31196-3cc2-5974-8635-76a162c46b39,13,0,1,3,0.5385,28,0,0,False,73,,,sections_not_merged
8a1a3aae-9118-5279-9fce-1f8830750485,4,0,13,3,0.5000,21,0,0,True,112,0,0,duties_over_max|sections_not_merged
8a2a85f5-57ee-5a47-9608-e135b6ef609c,2,0,2,1,1.0000,0,0,0,True,112,,,no_core_skills|sections_not_merged
8a57dde6-89c0-5237-aa9b-aa551b1e6bc0,2,0,1,1,1.0000,0,0,0,True,144,,,no_core_skills|sections_not_merged
8a5b1c97-1d9c-564b-9e70-4666017d19a9,3,0,11,1,1.0000,0,0,0,True,137,,,no_core_skills|sections_not_merged
8a6c3f19-5007-5ddd-acce-34b090447642,2,0,2,2,0.5000,27,0,0,True,140,0,0,sections_not_merged
8b26c9fe-5cef-51e3-b85c-31d3ad3a03e9,4,0,0,2,0.7500,19,0,0,False,195,0,0,
8b276631-1b32-5c20-acca-fdff8f86d64c,2,0,7,2,0.5000,25,0,0,False,78,0,0,sections_not_merged
8b3e40d5-45dc-594f-9d4c-ae4e664afb2c,2,0,12,1,1.0000,0,0,0,True,108,,,no_core_skills|sections_not_merged
8b94c86c-7fe1-53dd-8409-80099ed48e2d,2,0,12,1,1.0000,0,0,0,False,85,,,no_core_skills|sections_not_merged
8bcc227b-f73a-5194-a768-3bedb07d8401,5,0,2,2,0.6000,22,0,0,False,74,,,sections_not_merged
8bd94c2b-e087-5018-8719-3b285d39cc00,3,0,1,2,0.6667,29,0,0,False,74,0,0,sections_not_merged
8beeeccc-9f71-5e24-b6a7-d521a9eb6d92,5,0,12,1,1.0000,27,0,0,False,81,,0,sections_not_merged
8bf4e366-906b-5ffa-86f2-4f7ae026150a,2,0,1,1,1.0000,23,0,0,True,117,0,0,sections_not_merged
8bf8bc67-1658-5eaa-9a14-ae1e10d288f6,3,0,9,2,0.6667,18,0,0,True,115,0,0,sections_not_merged
8bfa2e65-4dee-560c-9853-4c4abbf7084f,8,0,1,1,1.0000,29,0,0,True,128,,,sections_not_merged
8bfb2233-d3a0-5e26-9116-9977257c288b,2,0,1,1,1.0000,0,0,0,True,138,,,no_core_skills|sections_not_merged
8c0f2497-fdd2-566a-b2fb-e928fad190d0,3,0,12,1,1.0000,25,0,0,True,100,,,sections_not_merged
8c20fbd3-e090-5412-923c-846424a9d8c3,2,0,12,1,1.0000,0,0,0,False,232,,,no_core_skills|sections_not_merged
8c29cf01-1882-54fb-a0a6-da464860acba,2,0,12,1,1.0000,0,0,0,False,356,,,no_core_skills|sections_not_merged
8c5e82d5-739f-5333-832c-df4d603c1244,2,0,3,1,1.0000,26,0,0,False,262,0,,sections_not_merged
8c7342ec-b992-5176-b154-30e4fc387280,2,0,5,1,1.0000,0,0,0,False,173,,,no_core_skills|sections_not_merged
8c7f946f-a110-5059-b0f3-c70fc8506fb8,2,0,2,1,1.0000,20,0,0,True,100,0,0,sections_not_merged
8cbfc469-1e92-57e0-8da2-c3589502b3a9,2,0,11,1,1.0000,0,0,0,False,179,,,no_core_skills|sections_not_merged
8d107f0d-6bb4-5647-8cd8-87927b6dcfca,2,0,5,2,0.5000,0,0,0,False,179,,,no_core_skills|sections_not_merged
8d1786b2-fa04-53d3-9ef6-6f6c3a0fc092,2,0,1,1,1.0000,0,0,0,False,81,,,no_core_skills|sections_not_merged
8d1a7eee-9dc1-5e30-b353-ee5795890843,18,0,1,2,0.8889,28,0,0,False,92,0,0,sections_not_merged
8d8f1d42-0150-5769-a8b9-cad942e82a93,3,0,12,1,1.0000,0,0,0,False,73,,,no_core_skills|sections_not_merged
8dd40182-d467-5418-b5ac-5dfbeb6e288f,2,0,11,2,0.5000,0,0,0,False,158,,,no_core_skills|sections_not_merged
8dfd6a14-a1c1-5b8f-b452-4b9bbe62a9a5,3,0,5,2,0.6667,27,0,2,False,224,0,0,sections_not_merged
8e01208d-e849-5f2b-9df3-216ed40e5665,2,0,4,2,0.5000,0,0,0,True,127,,,no_core_skills|sections_not_merged
8e398b04-56fe-54f0-ab16-3f62a3382eb2,19,0,11,2,0.5789,20,0,0,True,118,,,sections_not_merged
8e71682b-bdf0-558d-a90b-4092471bc5d2,3,0,1,1,1.0000,24,0,0,True,128,0,0,sections_not_merged
8e8c19a6-18ec-5de0-9326-581c426afe4b,4,0,4,2,0.5000,19,0,0,True,100,0,0,sections_not_merged
8eab35a5-adbd-530b-b767-d845d9b101c3,2,0,1,1,1.0000,0,0,0,False,259,,,no_core_skills|sections_not_merged
8eb9273d-6e61-5dab-a2d2-76310f652c02,2,0,1,1,1.0000,0,0,0,True,107,,,no_core_skills|sections_not_merged
8ee8ae6f-b107-53f3-9420-042aabc09cf5,12,0,3,1,1.0000,20,0,0,False,65,,,sections_not_merged
8ee9adf5-31bf-52fa-a465-4a4e747d0152,2,0,1,1,1.0000,0,0,0,False,45,,,no_core_skills|sections_not_merged
8f056bc4-f944-5471-89d7-f76de2c392ad,2,0,8,1,1.0000,0,0,0,True,117,,,no_core_skills|sections_not_merged
8f631ffb-64c4-5464-af92-85363ed52700,3,0,1,1,1.0000,0,0,0,False,58,,,no_core_skills|sections_not_merged
8f6a7e6d-ef93-55f8-a97d-b89d4bf05d08,5,0,1,3,0.6000,21,0,0,False,67,0,0,sections_not_merged
90031f4d-ab92-5ae3-bb10-e08a221bc93b,4,0,5,1,1.0000,20,0,0,True,106,0,0,sections_not_merged
9025cfae-da36-5c93-a996-24a9c9bdf62a,2,0,2,2,0.5000,21,0,0,False,44,0,0,sections_not_merged
90335e3d-71bc-5fb0-8a6d-9b9e966ddf68,2,0,10,1,1.0000,0,0,0,True,125,,,no_core_skills|sections_not_merged
906a8918-e0a1-504a-8127-52b1a0a2f652,2,0,1,1,1.0000,0,0,0,True,148,,,no_core_skills|sections_not_merged
90a60169-3706-5263-b5aa-4753bf0d2bd4,2,0,1,1,1.0000,0,0,0,True,116,,,no_core_skills|sections_not_merged
90defbda-ae16-5aff-8042-1f44c9117cf1,2,0,8,2,0.5000,21,0,0,False,234,0,0,sections_not_merged
90fb84af-1d18-5ee5-9f8c-a4b567373307,2,0,0,1,1.0000,0,0,0,False,462,,,no_core_skills|sections_not_merged
9115a208-f06d-5f8f-9330-73acbd4d4862,2,0,1,1,1.0000,0,0,0,False,84,,,no_core_skills|sections_not_merged
913e77c7-d05c-52a6-bb03-652b1d15d602,7,0,1,1,1.0000,19,0,0,True,115,0,0,sections_not_merged
914b86eb-d8d6-559a-9710-144605236e8c,3,0,6,1,1.0000,20,0,0,False,98,0,0,sections_not_merged
9153f5b7-0633-5e9a-ae45-53110cbf55e5,3,0,6,1,1.0000,24,0,0,False,178,,,sections_not_merged
916d3aa1-b8d9-5770-b71e-b0228ae6e4a9,2,0,6,1,1.0000,23,0,0,False,162,0,0,sections_not_merged
919e99a1-44de-5bc2-9e2f-b3fecef74534,2,0,1,1,1.0000,0,0,0,False,52,,,no_core_skills|sections_not_merged
91c8041a-a520-506c-a3eb-a76313fd67d9,6,0,1,1,1.0000,19,0,0,False,99,0,0,sections_not_merged
91d8de21-8291-5474-ade0-0c1316a7f188,2,0,11,2,0.5000,25,0,0,True,117,0,2,sections_not_merged
91de6ac4-460e-54d9-a957-6e1e80a7b33a,3,0,1,1,1.0000,0,0,0,False,169,,,no_core_skills|sections_not_merged
91e5a919-bf94-57a3-bafe-513267aeeafb,2,0,1,1,1.0000,21,0,0,False,172,0,0,sections_not_merged
91e9732d-770b-5f1b-82ad-9e637fa0d554,3,0,7,1,1.0000,29,0,0,True,109,1,2,sections_not_merged
91ed9fb8-3bd1-5288-a0cc-3a1d9adfca8a,4,0,1,2,0.7500,0,0,0,False,49,,,no_core_skills|sections_not_merged
9211db22-c6a1-5180-98a7-fc51360a8da9,2,0,4,1,1.0000,0,0,0,False,196,,,no_core_skills|sections_not_merged
921acdb1-e73f-5949-a3d1-2177af2e0270,2,0,12,1,1.0000,0,0,0,False,168,,,no_core_skills|sections_not_merged
92530806-f1d1-5750-b02a-5a7abd3cd571,3,0,15,2,0.6667,21,0,0,True,132,0,0,duties_over_max|sections_not_merged
925f2fd5-594f-51e5-8224-bc3d74e17a22,4,0,15,1,1.0000,0,0,0,True,123,,,duties_over_max|no_core_skills|sections_not_merged
92939637-2bf8-5edb-bf09-4ca26d2f2262,2,0,12,1,1.0000,0,0,0,False,218,,,no_core_skills|sections_not_merged
9294f536-e8d4-5c0b-8983-60512277efd3,3,0,1,1,1.0000,23,0,0,True,124,0,0,sections_not_merged
92a50345-ede1-57af-b8c3-df096f8a30b7,4,0,10,3,0.5000,22,0,0,False,60,0,0,sections_not_merged
92a6e09f-d128-50b8-a4cd-fb8b52489c76,4,0,1,2,0.7500,27,0,0,True,101,0,0,sections_not_merged
92b4b422-2d55-55d4-b2a2-0c2ac61c399c,2,0,1,1,1.0000,0,0,0,False,179,,,no_core_skills|sections_not_merged
92b90353-d610-5e21-b1e4-2fe5d889f7ff,2,0,4,1,1.0000,0,0,0,False,216,,,no_core_skills|sections_not_merged
92c1b4ba-dde9-58f3-b78d-adbb864fdb8d,2,0,6,1,1.0000,24,0,0,False,82,,,sections_not_merged
92d0406a-4da1-5b03-8126-e1acbcc6fdd1,4,0,9,2,0.7500,0,0,0,False,186,,,no_core_skills|sections_not_merged
92d75b9d-2b56-5118-bf99-0e21b9ef17b9,2,0,0,1,1.0000,0,0,0,False,541,,,no_core_skills|sections_not_merged
92f266a1-8c03-5361-950f-80bc5070392d,4,0,3,2,0.7500,28,0,3,True,124,0,0,sections_not_merged
938b896a-8474-55df-a8cb-7309763094d0,23,0,3,1,1.0000,23,0,0,False,51,0,0,sections_not_merged
93a5aff8-3508-56ed-af0b-792d063ccf09,2,0,13,1,1.0000,0,0,0,True,100,,,duties_over_max|no_core_skills|sections_not_merged
93c89c1e-7668-5487-a266-948c3395c742,4,0,6,1,1.0000,0,0,0,False,65,,,no_core_skills|sections_not_merged
93e4b7fe-3eb5-5f23-b62f-b8e571ed835e,2,0,1,1,1.0000,36,0,0,True,121,0,0,sections_not_merged
940fbaae-20c7-55f1-b3a7-2aa760292ae4,2,0,7,2,0.5000,29,0,0,False,63,0,0,sections_not_merged
9449bf7d-7260-5e7b-beb2-1ee00782d178,2,0,1,1,1.0000,0,0,0,True,109,,,no_core_skills|sections_not_merged
9460eee4-9ad4-5982-b024-f45b0eadfcd2,3,0,8,1,1.0000,0,0,0,False,166,,,no_core_skills|sections_not_merged
94638481-372c-5856-8d28-e38dec8ea843,3,0,4,1,1.0000,0,0,0,False,85,,,no_core_skills|sections_not_merged
9490910f-0196-58d8-bcdc-110f6d22208a,3,0,7,2,0.6667,25,0,0,True,133,0,0,sections_not_merged
9491ef59-8fcb-5f64-baa5-dfbee5ffde79,2,0,9,1,1.0000,0,0,0,False,211,,,no_core_skills|sections_not_merged
94f0f883-7fac-50bd-a895-68b7ee574d36,2,0,12,1,1.0000,0,0,0,True,117,,,no_core_skills|sections_not_merged
955308e5-6968-5d7c-9ca5-f703089b3604,2,0,12,1,1.0000,0,0,0,False,452,,,no_core_skills|sections_not_merged
9562b2f9-8d1e-5f58-9d5c-a1558550b82f,10,0,6,2,0.5000,22,0,0,True,119,0,0,sections_not_merged
958d54e7-4fcd-5ac1-8325-36e883cb13bd,58,0,18,2,0.9828,0,0,0,True,110,,,duties_over_max|no_core_skills|sections_not_merged
958f1103-a2dd-5cf0-8469-7e3f4b6a2fa6,2,0,6,1,1.0000,24,0,0,True,108,0,0,sections_not_merged
959354c2-5bd6-5401-9712-46826c09a2e4,2,0,1,1,1.0000,0,0,0,False,66,,,no_core_skills|sections_not_merged
95ccada7-09f8-554e-bc83-5b057374796e,2,0,12,1,1.0000,0,0,0,False,79,,,no_core_skills|sections_not_merged
95d410a5-fcf9-5ace-91c5-8ffb35bef778,2,0,2,1,1.0000,26,0,0,True,123,0,3,sections_not_merged
95ed12d3-1bf8-568c-b817-c2a1d762cf4f,5,0,11,2,0.8000,25,0,0,False,89,0,0,sections_not_merged
95ef2847-8ee2-5ec5-9b25-701ccf4967e9,5,0,7,2,0.8000,19,0,0,False,166,0,0,sections_not_merged
96348826-4e74-5af0-815f-729465c0c1de,6,0,12,2,0.6667,22,0,0,True,124,0,0,sections_not_merged
963fcf44-4c2f-50c0-b1ec-2512d81d8214,3,0,1,1,1.0000,0,0,0,False,73,,,no_core_skills|sections_not_merged
96505520-7497-5027-9dda-c144072a2edf,2,0,0,1,1.0000,24,0,0,False,66,0,0,
969e1f9b-6bfa-5beb-b436-d26d3bd71019,2,0,1,1,1.0000,0,0,0,True,137,,,no_core_skills|sections_not_merged
96d17e3c-5451-5479-9e14-9322cf3e4390,7,0,9,3,0.5714,24,0,0,True,122,0,2,sections_not_merged
96f8395d-1761-5c86-b5e3-589c56e8585f,3,0,6,2,0.6667,22,0,0,False,81,0,0,sections_not_merged
97806519-bb52-51fd-addc-164e0294d4e1,2,0,10,1,1.0000,0,0,0,False,60,,,no_core_skills|sections_not_merged
9786b8bb-7d60-5d77-9d04-e35899ba9dbb,3,0,1,2,0.6667,24,0,0,False,153,0,0,sections_not_merged
97e1df89-3d2d-5bd5-bdfd-08fd4b73a41e,3,0,8,1,1.0000,23,0,0,False,99,0,0,sections_not_merged
982a820e-2aea-5f53-b837-b51935ac2e54,5,0,1,1,1.0000,24,0,0,True,109,0,0,sections_not_merged
98341f4f-8def-5a00-a295-aa10c00445d4,2,0,3,1,1.0000,0,0,0,False,83,,,no_core_skills|sections_not_merged
9835b99e-dec2-5549-b890-d226e9a293c6,2,0,1,1,1.0000,27,0,0,True,104,0,0,sections_not_merged
986c4f34-efb6-5c8d-bc2d-72f7430b10bb,24,0,1,2,0.7083,31,0,0,False,82,,0,sections_not_merged
986db5e0-7eec-51bf-8d50-7b642555e5d9,3,0,4,2,0.6667,28,0,0,False,170,0,0,sections_not_merged
987292bb-f81a-5ca2-8019-2ae028b1eae1,4,0,3,3,0.5000,21,0,0,True,125,0,0,sections_not_merged
98964c54-3bbf-5567-8976-9f846735e2cc,2,0,12,1,1.0000,0,0,0,False,188,,,no_core_skills|sections_not_merged
98b0bc4a-5ce4-55e1-b4c5-ac55ce5a9006,3,0,4,1,1.0000,23,0,0,False,83,0,0,sections_not_merged
98d5a3ae-aa1a-52cd-a2e3-072532668594,3,0,13,1,1.0000,0,0,0,False,233,,,duties_over_max|no_core_skills|sections_not_merged
98ed35eb-f048-5948-b89f-027cc033313b,3,0,1,1,1.0000,32,0,0,True,110,0,0,sections_not_merged
98f338e0-0233-5d88-99d4-de8a7e7e707b,2,0,1,1,1.0000,23,0,0,True,115,0,0,sections_not_merged
98fcf0ae-f15a-58f1-b146-776be17429a5,4,0,7,2,0.7500,30,0,0,True,125,0,0,sections_not_merged
992fd3de-ec02-51b1-8b9a-8c9e50a457a4,2,0,1,1,1.0000,25,0,0,True,127,,,sections_not_merged
99446af8-052d-5c2b-b839-d56b932471ef,5,0,1,1,1.0000,22,0,0,True,122,0,0,sections_not_merged
995cf0f3-1b7f-5ae9-9419-ef6a39c10cfc,2,0,16,2,0.5000,22,0,1,True,128,0,0,duties_over_max|sections_not_merged
99c6a42b-ccea-57f2-bda2-6827edc73fdf,3,0,2,1,1.0000,0,0,0,True,118,,,no_core_skills|sections_not_merged
99ea13e9-6c80-502a-8f0a-7f89f12000f8,2,0,2,1,1.0000,33,0,0,True,123,1,3,sections_not_merged
9a338c64-e21a-5e78-b155-bf21974dfe87,2,0,1,2,0.5000,29,0,0,False,90,0,0,sections_not_merged
9a3931b4-d696-52fe-ba5d-cdd1467a905d,2,0,4,2,0.5000,0,0,0,False,263,,,no_core_skills|sections_not_merged
9a39d96f-d739-52df-887d-3881cc2b3610,6,0,1,1,1.0000,27,0,0,True,149,0,0,sections_not_merged
9a4f9c18-cbd1-5d74-9abc-b562c911a683,2,0,12,1,1.0000,0,0,0,True,135,,,no_core_skills|sections_not_merged
9a724b1f-adc2-535d-8280-f48d1e460b07,4,0,1,1,1.0000,0,0,0,False,81,,,no_core_skills|sections_not_merged
9a9ca635-ba78-5d49-a851-a2c64b080b0b,3,0,1,1,1.0000,0,0,0,False,97,,,no_core_skills|sections_not_merged
9b06da95-fcb0-5ac6-b091-6299204fa379,3,0,13,2,0.6667,89,0,0,False,71,0,0,duties_over_max|sections_not_merged
9b080000-f9e8-5216-b90a-b420362700bf,2,0,1,1,1.0000,0,0,0,False,156,,,no_core_skills|sections_not_merged
9b133aff-4862-5986-9bfe-ab41ec668f9b,2,0,12,1,1.0000,0,0,0,True,111,,,no_core_skills|sections_not_merged
9b1b5133-68ff-510c-9e7d-6746c6576a0f,3,0,1,1,1.0000,27,0,0,True,133,0,0,sections_not_merged
9b26d8a1-1a93-5c9f-a089-c3c50c78d75f,4,0,4,2,0.7500,25,0,0,False,67,0,0,sections_not_merged
9b5e7710-d255-52cb-bcbf-944b0531ddff,4,0,5,2,0.7500,19,0,0,False,49,0,0,sections_not_merged
9b8162b0-6d03-5285-9a79-843393a09c5c,9,0,10,2,0.6667,26,0,0,False,77,0,0,sections_not_merged
9bd30f61-d07f-57ca-83f2-67ce7b799f79,2,0,1,1,1.0000,0,0,0,False,52,,,no_core_skills|sections_not_merged
9be2a831-f9bc-5764-bb79-51e3e2916e57,2,0,2,1,1.0000,24,0,0,True,106,0,3,sections_not_merged
9befcc96-5dca-5600-abd6-5cb4aac38ce3,7,0,4,3,0.5714,24,0,0,False,68,0,3,sections_not_merged
9c33e3a2-bf20-5980-9b9a-57acd0defc72,2,0,1,1,1.0000,24,0,0,True,126,0,0,sections_not_merged
9c33ee73-4b45-534f-92de-bc8dfebaf1f5,2,0,5,1,1.0000,0,0,0,False,257,,,no_core_skills|sections_not_merged
9c3a9027-b908-5c10-b3bb-e57278367d92,7,0,0,1,1.0000,0,0,0,False,537,,,no_core_skills|sections_not_merged
9c41deee-4057-5ab2-a07a-2af2a5ccbee0,2,0,1,2,0.5000,0,0,0,False,95,,,no_core_skills|sections_not_merged
9c51f036-e57f-5d3e-af20-3d44f7615183,3,0,1,1,1.0000,0,0,0,False,159,,,no_core_skills|sections_not_merged
9c65140e-5f55-50cb-8d0c-1aae6ad1e28f,3,0,6,1,1.0000,21,0,0,True,130,0,0,sections_not_merged
9c69ec89-4122-5db9-9f2a-ae09077e9ced,2,0,10,1,1.0000,0,0,0,False,166,,,no_core_skills|sections_not_merged
9c87f8eb-9669-58be-870c-725f2692020d,3,0,1,1,1.0000,0,0,0,False,82,,,no_core_skills|sections_not_merged
9c983bab-a7d8-5931-aa1e-46ba21679d93,5,0,1,1,1.0000,20,0,0,True,106,0,0,sections_not_merged
9cabdc6b-2af2-5ac4-a437-9662cb5c9d41,2,0,3,2,0.5000,25,0,0,False,157,0,0,sections_not_merged
9cb989d9-6c0c-52c0-8918-db862e30e5e5,2,0,12,1,1.0000,0,0,0,False,80,,,no_core_skills|sections_not_merged
9d0a4347-1be2-5140-b703-f50f5ea6c4f8,2,0,12,1,1.0000,0,0,0,False,158,,,no_core_skills|sections_not_merged
9d2a2f60-1ab3-5249-9ac4-e66f86de6e0d,3,0,1,1,1.0000,0,0,0,True,117,,,no_core_skills|sections_not_merged
9d4c7697-4506-5627-ac31-e85422c35b40,2,0,1,1,1.0000,0,0,0,False,72,,,no_core_skills|sections_not_merged
9d5a362f-b4bb-5705-8970-ee49eed1bed9,5,0,6,1,1.0000,25,0,0,True,135,0,0,sections_not_merged
9d687039-8cc3-5b36-9fb3-4165481d51a7,6,0,2,4,0.5000,23,0,0,False,64,0,0,sections_not_merged
9d6ec2aa-5de7-5de6-87ac-3623de9b36a1,2,0,1,1,1.0000,0,0,0,False,187,,,no_core_skills|sections_not_merged
9d70c325-7bd3-56ac-b7d9-dc890da8c4a8,2,0,8,1,1.0000,0,0,0,True,139,,,no_core_skills|sections_not_merged
9d96d084-5be1-5794-8c99-e1ba3d2f0b12,2,0,1,1,1.0000,24,0,0,False,93,0,0,sections_not_merged
9dbd9c07-fd35-5771-b87e-01de76dd9a74,2,0,3,1,1.0000,0,0,0,False,82,,,no_core_skills|sections_not_merged
9dcb63bb-e6a8-540c-aa22-0ccd2fadd22d,3,0,1,1,1.0000,0,0,0,False,58,,,no_core_skills|sections_not_merged
9ddcb955-0be9-5b93-b1d2-852dd31cfe78,2,0,1,2,0.5000,0,0,0,False,171,,,no_core_skills|sections_not_merged
9e4995a9-477a-5492-8018-ab88ce672fc0,5,0,10,1,1.0000,0,0,0,True,115,,,no_core_skills|sections_not_merged
9e50edd4-0616-5a0f-9434-09ae38de728e,2,0,12,1,1.0000,0,0,0,False,70,,,no_core_skills|sections_not_merged
9e8617a8-8cc3-5f44-afd9-b84a6c193887,6,0,4,2,0.8333,23,0,0,False,98,0,0,sections_not_merged
9e8e69d8-2f71-50aa-bcb0-825bc9a5be00,2,0,3,2,0.5000,20,0,0,False,89,0,0,sections_not_merged
9ea0b2fa-883d-5b8e-8525-b34c3e493055,9,0,9,4,0.3333,24,0,0,True,109,0,0,sections_not_merged
9eac7b8d-601f-533e-87f6-74da23690dca,2,0,2,1,1.0000,20,0,0,False,60,0,0,sections_not_merged
9ee763de-2b3b-582d-9147-f041e899c3ae,2,0,1,1,1.0000,27,0,0,False,167,0,0,sections_not_merged
9eecedec-56dd-51ba-a7e6-4ffce1276181,5,0,1,1,1.0000,0,0,0,False,173,,,no_core_skills|sections_not_merged
9f0f5805-48c9-554a-9ac1-fac691ecf204,9,0,4,2,0.8889,25,0,0,False,57,0,0,sections_not_merged
9fc0ddc6-768c-59ac-b167-8aacfb681012,2,0,6,1,1.0000,0,0,0,True,116,,,no_core_skills|sections_not_merged
9fc8ecbe-d85a-5e72-a192-e3aee2899589,12,0,28,3,0.7500,21,0,0,True,132,0,2,duties_over_max|sections_not_merged
9fd49d9d-f855-5ee7-8520-cffadea76593,13,0,2,7,0.2308,21,0,0,True,120,0,0,sections_not_merged
9fe7bec1-1a63-5caf-b66e-093d1572bf1b,2,0,1,1,1.0000,27,0,0,False,84,0,0,sections_not_merged
a01281f1-299a-52ba-9b93-e21d83035fc8,2,0,4,1,1.0000,25,0,0,True,106,0,0,sections_not_merged
a01d5808-ab07-52be-a792-29fe2e3f65bf,3,0,1,1,1.0000,0,0,0,False,165,,,no_core_skills|sections_not_merged
a053effa-bac7-5970-be8a-e347d15ad99e,2,0,12,1,1.0000,0,0,0,False,154,,,no_core_skills|sections_not_merged
a0548de4-cc5a-540b-9e34-fa23c0078ed1,2,0,5,2,0.5000,35,0,0,False,93,0,0,sections_not_merged
a066fadc-c6d1-5fc5-93ca-ff02ac5e49a3,2,0,1,2,0.5000,0,0,0,True,101,,,no_core_skills|sections_not_merged
a06d81ab-285c-5fd3-bdaf-31fde7a7037a,7,0,4,1,1.0000,0,0,0,True,121,,,no_core_skills|sections_not_merged
a0a5d68d-0f6a-5321-9c70-2ac2d56e4c7e,3,0,7,1,1.0000,22,0,0,True,138,0,0,sections_not_merged
a0b05a88-92bc-58f5-a0d7-d410ec4ae9cc,2,0,0,1,1.0000,0,0,0,False,266,,,no_core_skills|sections_not_merged
a0bc7cb9-1be0-5af9-a879-0b243e05b263,2,0,3,1,1.0000,0,0,0,False,160,,,no_core_skills|sections_not_merged
a0e8fd7d-1c5e-52e2-b6a3-075e04aa0721,2,0,5,1,1.0000,0,0,0,False,64,,,no_core_skills|sections_not_merged
a0ee83fc-4d1b-55bb-8c0a-775c50355581,5,0,1,1,1.0000,0,0,0,False,163,,,no_core_skills|sections_not_merged
a11bd08d-3271-579f-a920-3a848f5a72a2,8,0,1,2,0.7500,0,0,0,True,101,,,no_core_skills|sections_not_merged
a1517ae5-8248-577b-a536-0a7435d836d7,5,0,5,1,1.0000,0,0,0,True,128,,,no_core_skills|sections_not_merged
a16c8e42-eb8f-528b-829d-f4b0b784fda0,2,0,4,1,1.0000,0,0,0,False,226,,,no_core_skills|sections_not_merged
a170613c-97fa-57f8-bf18-901e7e323f32,3,0,1,1,1.0000,25,0,0,True,116,0,0,sections_not_merged
a17a1e80-f05a-57ca-ba29-f64edf83a3a9,2,0,1,1,1.0000,0,0,0,False,80,,,no_core_skills|sections_not_merged
a17bbebb-6c2a-5388-87b5-5d00b3d8de3f,3,0,5,1,1.0000,23,0,0,True,100,0,0,sections_not_merged
a17ea459-1103-5f91-8954-1f4a168f649e,3,0,12,1,1.0000,0,0,0,False,178,,,no_core_skills|sections_not_merged
a186db27-e494-5c91-b15a-9e548b008247,3,0,12,1,1.0000,0,0,0,True,103,,,no_core_skills|sections_not_merged
a187552b-1802-56ca-889b-80d7b9d79ef3,22,0,11,6,0.6818,25,0,0,False,41,0,0,sections_not_merged
a1b498ec-8eb8-5d8c-a55f-9b36118d9778,6,0,3,1,1.0000,0,0,0,True,140,,,no_core_skills|sections_not_merged
a1e9b359-204b-5daf-b4e9-b84b10b28fc0,2,0,0,1,1.0000,18,0,0,True,128,0,0,
a1fd8cc4-8597-5286-95f0-56d6120e5ab4,2,0,1,1,1.0000,0,0,0,False,52,,,no_core_skills|sections_not_merged
a28056ea-56df-5dc1-8233-cff1f3cb0379,2,0,12,1,1.0000,23,0,0,False,152,0,0,sections_not_merged
a28c240d-f2b9-5ad1-97cd-5dda321f789c,2,0,12,2,0.5000,0,0,0,True,141,,,no_core_skills|sections_not_merged
a2ac89ad-cc24-5376-8c3f-be9646bd89df,2,0,4,1,1.0000,26,0,0,True,133,0,0,sections_not_merged
a342a931-5d1b-522d-925c-bffae3275188,2,0,0,1,1.0000,59,0,0,False,,0,0,
a357edbd-6579-5e71-bf98-728e27724e4f,2,0,12,1,1.0000,0,0,0,True,131,,,no_core_skills|sections_not_merged
a3581444-4ebd-5937-bca4-087d0670d685,4,0,14,1,1.0000,121,0,0,False,47,0,,duties_over_max|sections_not_merged
a380f18a-5066-5fea-b31e-af88efbee70b,2,0,12,1,1.0000,0,0,0,False,306,,,no_core_skills|sections_not_merged
a3af3687-9fd0-5e1b-9fe4-86578f1b1ec9,3,0,5,2,0.6667,0,0,0,True,150,,,no_core_skills|sections_not_merged
a3fb5e1e-2900-59a6-a572-0e0c07683f68,3,0,1,1,1.0000,25,0,0,True,138,,,sections_not_merged
a431b2f7-c41c-52ab-a51e-54496bcb4f68,2,0,17,1,1.0000,30,0,0,True,108,0,0,duties_over_max|sections_not_merged
a497a65c-d42d-59aa-bb74-cee1595391ce,2,0,1,2,0.5000,18,0,0,True,128,0,0,sections_not_merged
a4e05e05-b80a-5f4d-94be-04cc4a03b237,21,0,14,4,0.6190,26,0,0,False,77,0,0,duties_over_max|sections_not_merged
a4e8ba46-1781-5fba-9297-61c9b3c515bd,8,0,1,1,1.0000,25,0,0,False,58,0,0,sections_not_merged
a4f03ba1-050a-5dec-aabb-45a492392ce0,2,0,2,2,0.5000,23,0,0,False,157,0,0,sections_not_merged
a4ff0754-15c6-521b-acc3-d6c88ddff305,4,0,5,3,0.5000,19,0,0,False,64,0,0,sections_not_merged
a5152884-2be6-5bbf-83d8-6bcfbf4bce50,2,0,6,1,1.0000,0,0,0,True,133,,,no_core_skills|sections_not_merged
a527747c-b1db-5300-b558-53ec99a263d4,2,0,1,2,0.5000,26,0,0,True,130,0,0,sections_not_merged
a551373b-7de9-5db6-92b9-354ba3a21c80,2,0,12,1,1.0000,0,0,0,False,170,,,no_core_skills|sections_not_merged
a572d7e0-e27b-5c55-a2c5-0a22e6e08167,5,0,12,1,1.0000,0,0,0,False,65,,,no_core_skills|sections_not_merged
a5a008b0-c4db-5122-9c23-2cd144055fb9,2,0,10,1,1.0000,23,0,0,False,192,,,sections_not_merged
a5ca8bb6-ea79-5d1c-b25f-decd0c0d565a,5,0,4,2,0.8000,24,0,0,False,87,0,0,sections_not_merged
a5e5a364-4974-5fb4-80ca-6a8c7cead43e,2,0,1,1,1.0000,26,0,0,False,86,0,0,sections_not_merged
a622f3cf-764f-56bc-93fe-58159afae2b6,40,0,5,1,1.0000,0,0,0,True,147,,,no_core_skills|sections_not_merged
a69ba14d-b8e0-5218-b2ec-315824f16832,4,0,1,1,1.0000,24,0,0,True,108,0,0,sections_not_merged
a69fa83d-7f49-51f3-b214-f11fef465f72,2,0,1,1,1.0000,0,0,0,False,183,,,no_core_skills|sections_not_merged
a6cbf873-af00-5ce8-ac99-b8b117f6b13a,3,0,1,1,1.0000,27,0,0,False,86,0,0,sections_not_merged
a6dc69b4-9af2-5cbf-a978-d3104eae279e,2,0,1,1,1.0000,0,0,0,True,122,,,no_core_skills|sections_not_merged
a6ef16e0-8f51-5bc3-974d-d5d9db8de8bb,3,0,1,1,1.0000,0,0,0,True,139,,,no_core_skills|sections_not_merged
a6f9f26d-d9ce-5b4e-b03e-18829a31eb99,3,0,3,2,0.6667,21,0,0,True,102,0,0,sections_not_merged
a75a322d-076f-5d17-bb83-567834488389,2,0,0,1,1.0000,0,0,0,False,,,,no_core_skills
a76327eb-586e-5314-8c27-c0dbe59194e4,2,0,13,2,0.5000,0,0,0,False,156,,,duties_over_max|no_core_skills|sections_not_merged
a79e95fa-7123-51e0-9ab7-89e830edf017,4,0,1,1,1.0000,19,0,0,False,80,0,0,sections_not_merged
a7aaa054-ccec-53d1-9751-06ce76c89207,2,0,1,1,1.0000,0,0,0,True,139,,,no_core_skills|sections_not_merged
a7ae3aaf-531a-56f5-be2a-76e5baee18ce,3,0,1,2,0.6667,27,0,0,True,112,0,0,sections_not_merged
a7b08c3c-33fa-58ae-b56a-fb9a7fa8eb25,5,0,6,2,0.8000,23,0,0,True,127,0,2,sections_not_merged
a810b3fc-71ef-56b7-8160-a579be19a770,14,0,1,2,0.7857,0,0,0,True,125,,,no_core_skills|sections_not_merged
a899724d-9add-5503-84d5-6c471ccdc296,2,0,12,1,1.0000,23,0,0,False,63,,,sections_not_merged
a899fd4a-7b13-57ea-974c-3e8e1f0ca109,5,0,1,2,0.8000,29,0,0,False,82,0,0,sections_not_merged
a8dca40c-0eac-5dac-93f7-a11c22586f5c,2,0,1,1,1.0000,22,0,0,False,155,0,0,sections_not_merged
a9023176-8168-5734-8e91-9491782e6845,6,0,1,1,1.0000,0,0,0,True,138,,,no_core_skills|sections_not_merged
a92fc227-3fea-59f0-b882-31476adb9830,5,0,2,1,1.0000,32,0,0,False,77,0,1,sections_not_merged
a95420ae-83aa-52b8-90e0-d67b31a16165,3,0,6,1,1.0000,22,0,0,True,147,0,4,sections_not_merged
a96a392b-75d0-5b42-b2da-de7c0e14c939,5,0,5,1,1.0000,0,0,0,False,174,,,no_core_skills|sections_not_merged
a9806d39-4763-5e98-bd82-e41dd95aff5c,3,0,5,1,1.0000,25,0,0,False,83,0,0,sections_not_merged
a9e03f8e-c10f-591b-a358-840c5e1689d2,3,0,0,1,1.0000,20,0,0,False,518,0,0,sections_not_merged
aa0146bb-93ad-5508-97a8-165c1c972a9f,2,0,12,1,1.0000,0,0,0,False,46,,,no_core_skills|sections_not_merged
aa1226d0-49a8-5a8d-b02a-a67330296edb,2,0,1,1,1.0000,26,0,0,True,149,,,sections_not_merged
aa1f45d8-cad8-552d-a4cd-5c8ac1bbb895,2,0,12,1,1.0000,0,0,0,True,120,,,no_core_skills|sections_not_merged
aa22d9ce-1501-5ba9-9e59-b1330d8420aa,2,0,4,2,0.5000,0,0,0,False,68,,,no_core_skills|sections_not_merged
aa31d7ee-d449-5499-b28b-6e72a3d2e934,2,0,12,1,1.0000,0,0,0,False,97,,,no_core_skills|sections_not_merged
aa4e8b19-11ea-5cfa-99d3-f03e67a57eda,10,0,29,3,0.7000,19,0,0,True,134,0,1,duties_over_max|sections_not_merged
aa5d4bd3-e685-5fae-a287-3c09b7168058,2,0,1,1,1.0000,22,0,0,True,126,0,0,sections_not_merged
aa841b48-854d-5b28-8309-de7e0c6a0a11,7,0,6,1,1.0000,18,0,0,True,130,0,0,sections_not_merged
aa971acd-c885-5324-9481-3dc7972650c0,4,0,12,1,1.0000,0,0,0,True,124,,,no_core_skills|sections_not_merged
aaf898e1-600f-5a2f-94c7-7c89db96fb6c,6,0,6,3,0.5000,20,0,0,True,119,0,0,sections_not_merged
ab03be81-df7b-5b0d-9034-503d982a7ea6,3,0,1,1,1.0000,0,0,0,False,86,,,no_core_skills|sections_not_merged
ab07c03b-793d-5cbb-81f7-8b49eb7d81fc,2,0,7,1,1.0000,27,0,0,False,171,0,0,sections_not_merged
ab186f79-7d0a-5349-b373-8dd20522ad8b,2,0,1,1,1.0000,0,0,0,False,81,,,no_core_skills|sections_not_merged
ab7176dc-3804-5193-a283-2f8528c26bf6,3,0,1,1,1.0000,0,0,0,False,72,,,no_core_skills|sections_not_merged
ab742430-b3ac-5546-929f-6b25b807edac,3,0,12,1,1.0000,22,0,0,False,87,0,0,sections_not_merged
ab75e233-f536-5529-be89-31586d0df756,2,0,1,1,1.0000,0,0,0,True,107,,,no_core_skills|sections_not_merged
abc66397-2f5b-5cd2-9556-39ab321a7c8c,5,0,4,2,0.6000,21,0,0,True,101,,,sections_not_merged
abf3bea9-4a36-599a-a434-f9ec233d3a32,2,0,4,1,1.0000,0,0,0,True,106,,,no_core_skills|sections_not_merged
ac04e18b-b05a-507a-ab5a-113267b40b2b,2,0,12,1,1.0000,0,0,0,False,98,,,no_core_skills|sections_not_merged
ac05b3c1-ab4f-534f-9d1b-3976c040ec2b,2,0,1,1,1.0000,0,0,0,False,97,,,no_core_skills|sections_not_merged
ac2c1318-1c30-5d3f-b4fd-9bc743b5e50a,2,0,5,1,1.0000,0,0,0,False,165,,,no_core_skills|sections_not_merged
ac2d4bcc-4933-5149-b2c5-f35e3ccf61e9,2,0,1,1,1.0000,24,0,0,False,53,0,0,sections_not_merged
ac651e95-e2f5-509d-83e2-2247f55b7dc4,7,0,2,1,1.0000,0,0,0,False,74,,,no_core_skills|sections_not_merged
ac88b77e-1859-5a61-9175-17cf4150ee95,8,0,3,1,1.0000,0,0,0,False,55,,,no_core_skills|sections_not_merged
aca17b0b-f6b6-5fee-b485-9fc931aeb9ee,4,0,12,2,0.5000,25,0,0,False,86,,,sections_not_merged
acd0f95e-ff86-5b6f-8ba3-5f091011d08e,6,7,15,2,0.5000,29,0,0,False,71,0,0,duties_over_max|sections_not_merged
acd580f9-508c-572d-a16f-b423ac58fd35,5,0,1,1,1.0000,23,0,0,False,78,,,sections_not_merged
acf40b12-5f34-5955-9c9c-7dfe6dd408e3,3,0,11,1,1.0000,17,0,0,True,150,0,0,sections_not_merged
ad3b7b96-c903-5e3c-b82f-2bc97164c208,6,0,1,1,1.0000,25,0,0,False,154,0,0,sections_not_merged
ad471a57-9525-5d69-a092-a4a7fedeff01,6,0,1,1,1.0000,17,0,0,False,79,0,0,sections_not_merged
ad4e4dbb-5c34-5c15-bb35-e526255bc27a,2,0,1,1,1.0000,0,0,0,True,105,,,no_core_skills|sections_not_merged
ad76478f-973b-52cb-8967-7289da3e8abf,3,0,1,2,0.6667,27,0,0,False,70,0,0,sections_not_merged
ad869ac1-3aea-5443-9b94-edd59a3e11e3,2,0,8,1,1.0000,20,0,0,True,113,0,0,sections_not_merged
ada397d9-bb8b-5c2d-9662-fe2691f41fab,5,0,0,1,1.0000,22,0,0,False,509,,,sections_not_merged
adf5197d-b13c-5057-b7a8-07126f44f6c0,2,0,12,1,1.0000,0,0,0,False,177,,,no_core_skills|sections_not_merged
adfb6cf3-cc3b-5ef7-bcfd-55f6615e60a6,2,0,1,2,0.5000,20,0,0,True,103,0,0,sections_not_merged
ae0b21bb-c0cc-5146-b938-a89ceaaeab68,2,0,12,1,1.0000,0,0,0,True,118,,,no_core_skills|sections_not_merged
ae27da0d-512e-504f-929a-3a8a1c180c7b,17,0,13,4,0.5882,24,0,0,False,70,0,0,duties_over_max|sections_not_merged
ae370dbf-847a-5760-b6a8-2f73859f53e8,2,0,8,1,1.0000,29,0,0,False,71,0,0,sections_not_merged
ae3c23ac-bbdb-5ae7-a43d-e8ee79e48cc4,2,0,1,1,1.0000,0,0,0,True,144,,,no_core_skills|sections_not_merged
ae4f54c4-6d81-5924-9caa-425b6f4e9144,2,0,3,1,1.0000,19,0,0,True,124,0,0,sections_not_merged
ae7cc63b-f3e0-5342-ae51-f5e2336f0589,2,0,1,1,1.0000,0,0,0,True,117,,,no_core_skills|sections_not_merged
ae829e15-4850-55b2-8123-8f2d84fedd06,3,0,4,1,1.0000,25,0,0,False,153,0,0,sections_not_merged
ae975a2d-4c5d-5a7a-9db4-be80b7d3375c,15,0,20,3,0.6667,21,0,0,True,108,0,4,duties_over_max|sections_not_merged
af4f7fcb-9ccb-5963-b79d-7ac850ee0c86,20,0,4,1,1.0000,0,0,0,False,69,,,no_core_skills|sections_not_merged
af775433-9441-57c4-9744-ee3ae00984b5,6,0,3,1,1.0000,28,0,0,False,36,,,sections_not_merged
af95e6ef-e4fe-5760-9376-9bb9cf1bdff5,3,0,1,1,1.0000,24,0,0,False,69,0,0,sections_not_merged
afa2da1e-75b3-5014-8f5e-5501cb017a6a,3,0,7,2,0.6667,24,0,0,False,95,0,0,sections_not_merged
afb7f68e-0f3f-5889-9219-153ab2489bcd,2,0,3,2,0.5000,0,0,0,True,115,,,no_core_skills|sections_not_merged
aff1531a-09ff-508e-81e3-3f8cd8a6c998,4,0,3,1,1.0000,0,0,0,True,104,,,no_core_skills|sections_not_merged
b001f978-3989-5f74-b59f-be45bf8e5b0b,3,0,1,2,0.6667,22,0,0,True,113,0,0,sections_not_merged
b0158697-f69f-5a80-ba0c-793d1d0e0454,4,0,1,1,1.0000,28,0,0,False,41,,,sections_not_merged
b059a9f5-43b3-5dbd-a862-96b017a500f9,2,0,1,1,1.0000,19,0,0,True,114,0,0,sections_not_merged
b0622605-d451-5f0b-b719-e3ef8886dd2c,8,0,1,2,0.8750,25,0,0,False,156,0,0,sections_not_merged
b0638e47-92c2-5ab2-af8a-e9a3b6c08c6d,2,0,3,2,0.5000,0,0,0,False,51,,,no_core_skills|sections_not_merged
b08b7c3a-8052-5af0-80d4-fc31c3c9e61f,5,0,6,1,1.0000,26,0,0,True,105,0,0,
b09afd48-3240-57fd-b4e3-39029b12a411,2,0,1,1,1.0000,23,0,0,False,68,0,0,sections_not_merged
b0f81e10-6506-572c-bbbf-e5a01bfcf993,2,0,1,1,1.0000,23,0,0,True,137,0,0,sections_not_merged
b15cc34f-28dd-55f7-8210-b8304777df55,3,0,6,1,1.0000,0,0,0,False,65,,,no_core_skills|sections_not_merged
b15fbef5-8278-58b9-a870-a2211c629d66,2,0,7,1,1.0000,25,0,0,True,150,0,4,sections_not_merged
b1605225-a7c0-537e-b812-fca4957c74a6,2,0,3,1,1.0000,27,0,0,False,96,0,0,sections_not_merged
b18e3c41-14fa-5113-aed9-35e977d25f04,8,0,1,2,0.7500,26,0,0,True,104,0,0,sections_not_merged
b18e79a9-4e05-58ec-84d6-a3918d9b141e,2,0,5,1,1.0000,32,0,0,True,143,,,sections_not_merged
b1d356a7-be00-5188-bde0-f7735bdf27bc,4,0,3,1,1.0000,25,0,0,False,76,0,0,sections_not_merged
b2330fbf-d867-5e87-8fa8-4cac41f23026,2,0,3,1,1.0000,0,0,0,False,156,,,no_core_skills|sections_not_merged
b2463d6a-2ec0-5e47-b426-69dfda740ddc,2,0,12,1,1.0000,0,0,0,False,183,,,no_core_skills|sections_not_merged
b2a27e35-8c22-555f-a37d-61e9496dfa7a,4,0,3,2,0.5000,27,0,0,True,116,0,1,sections_not_merged
b2e428a7-73ed-577e-807b-250065418c21,15,0,5,2,0.6000,0,0,0,False,,,,no_core_skills|sections_not_merged
b31afc7f-8541-582a-a62c-02eec8f5d8f9,2,0,9,2,0.5000,26,0,0,False,80,0,0,sections_not_merged
b3240429-58a1-57ae-8824-c8a272216aaa,3,0,7,1,1.0000,28,0,0,True,109,0,0,sections_not_merged
b333d727-2981-5b61-9f13-e8e960c8716f,2,0,1,2,0.5000,0,0,0,False,99,,,no_core_skills|sections_not_merged
b34d56d0-40fd-5ef4-bb51-4a0d7b65e7c2,2,0,13,1,1.0000,32,0,0,False,72,0,0,duties_over_max|sections_not_merged
b35c6530-2ae0-5210-9505-bbd84abd61a5,7,0,12,2,0.5714,0,0,0,False,81,,,no_core_skills|sections_not_merged
b3a933e6-e3bc-5de3-a61f-e6173f8e202f,10,0,1,1,1.0000,23,0,0,False,60,,,sections_not_merged
b3e2d526-7bef-52f7-bf10-784c537aa492,2,0,1,2,0.5000,25,0,0,True,133,0,0,sections_not_merged
b3fe0588-6214-5a5a-a8f6-2ba77e424276,3,0,6,1,1.0000,0,0,0,False,159,,,no_core_skills|sections_not_merged
b45513bb-0c1d-5348-b531-d9e45251485c,6,0,2,1,1.0000,20,0,0,False,81,0,0,sections_not_merged
b4727509-c4c1-5d1c-b733-bba13bb88ced,2,0,12,1,1.0000,0,0,0,True,116,,,no_core_skills|sections_not_merged
b48c4a7b-83be-5a5f-977b-9bdc8e9846a0,5,0,8,1,1.0000,0,0,0,False,47,,,no_core_skills|sections_not_merged
b497b789-9753-556a-8054-99bd61392e41,3,0,0,1,1.0000,0,0,0,False,211,,,no_core_skills|sections_not_merged
b4d33e43-97bb-5175-978c-3f70ff4576dc,3,0,1,1,1.0000,27,0,0,False,86,0,0,sections_not_merged
b4deb33a-1ca8-5a53-a779-ea1d4d44ac82,7,0,6,1,1.0000,20,0,0,True,140,0,0,sections_not_merged
b4e001f0-d382-57bd-91f3-772d9b4ec6b7,2,0,1,1,1.0000,0,0,0,True,101,,,no_core_skills|sections_not_merged
b50682ea-44a7-5f77-ba1a-c438a3273800,2,0,12,1,1.0000,0,0,0,False,83,,,no_core_skills|sections_not_merged
b51d1918-c6f4-5364-9b7b-4635239aad32,2,0,12,1,1.0000,0,0,0,True,147,,,no_core_skills|sections_not_merged
b51dcb48-608a-5ffd-ab32-928e2804d28f,2,0,1,2,0.5000,20,0,0,True,114,0,0,sections_not_merged
b567f3df-1d4e-54d8-86e2-8aa53898457f,2,0,8,1,1.0000,0,0,0,True,116,,,no_core_skills|sections_not_merged
b570a438-1f90-500e-9bda-1a7ad8835339,2,0,1,1,1.0000,20,0,0,True,143,0,0,sections_not_merged
b60b79fa-c011-5667-b239-0e313f891891,2,0,11,2,0.5000,0,0,0,True,110,,,no_core_skills|sections_not_merged
b62b0878-b665-5839-a559-b6883aa00638,14,0,5,6,0.4286,28,0,0,True,140,0,0,sections_not_merged
b6400216-bc55-52fd-bf2d-2fe59eb78a03,2,0,1,1,1.0000,0,0,0,False,285,,,no_core_skills|sections_not_merged
b645d5df-0366-584b-be8f-2bcb7d072e9a,3,0,3,1,1.0000,22,0,0,False,72,0,0,sections_not_merged
b663e2cd-f469-5616-80cb-d72fe68625aa,2,0,4,1,1.0000,0,0,0,True,117,,,no_core_skills|sections_not_merged
b664da8a-ea98-5634-9280-bdc8442c132e,2,0,5,1,1.0000,25,0,0,True,102,0,0,sections_not_merged
b674b39e-4b24-5c61-8b63-46a90b1efdf1,7,0,1,2,0.8571,23,0,0,False,66,0,0,sections_not_merged
b6e7f421-b050-550c-a6cc-719637bef110,2,0,17,1,1.0000,27,0,0,False,95,0,0,duties_over_max|sections_not_merged
b71f0638-fd89-503b-99b7-52eba2075cb0,2,0,1,1,1.0000,22,0,0,True,146,0,0,sections_not_merged
b7416679-30cc-56ff-b4dd-f270811e7ce8,2,0,2,2,0.5000,29,0,0,False,97,0,0,sections_not_merged
b7503234-a541-5295-87f0-10423e469c6c,2,0,12,1,1.0000,0,0,0,False,171,,,no_core_skills|sections_not_merged
b767c521-f50c-5499-929c-ca7dbeac5c63,4,0,12,1,1.0000,0,0,0,True,144,,,no_core_skills|sections_not_merged
b7b19740-b46b-5433-ae4d-b82a608a953d,4,0,1,2,0.7500,22,0,0,False,195,,,sections_not_merged
b7e67abc-fddb-5902-9bfe-9b90c326e7cb,2,0,8,2,0.5000,28,0,0,False,152,0,0,sections_not_merged
b88e4bd3-03f7-596c-9dbe-fed51b4293c0,3,0,3,1,1.0000,23,0,0,True,140,0,0,
b8909043-b2c9-5087-a2b3-33ae06c26e2d,2,0,11,1,1.0000,0,0,0,True,112,,,no_core_skills|sections_not_merged
b8982097-8951-58a4-b771-65332755675b,2,0,12,1,1.0000,0,0,0,False,155,,,no_core_skills|sections_not_merged
b934dcf0-f18f-573e-b669-35fc8c7cc4c4,2,0,1,1,1.0000,0,0,0,False,158,,,no_core_skills|sections_not_merged
b988fe92-5504-50f3-9074-5d3a421d33bf,3,0,1,1,1.0000,24,0,3,True,132,0,0,sections_not_merged
b9a3afae-fdde-5a01-85a9-b0d81f07d777,4,0,5,1,1.0000,0,0,0,True,110,,,no_core_skills|sections_not_merged
b9ec4b05-6bc8-5d64-81dd-a6f28dcc0477,3,0,2,1,1.0000,20,0,0,False,151,0,0,sections_not_merged
ba50b336-a21a-5c32-a37e-95a68b964d54,2,0,1,1,1.0000,25,0,0,True,128,0,0,sections_not_merged
ba797507-684a-554d-b16d-6308d20025da,12,0,6,5,0.5000,31,0,0,False,64,0,0,sections_not_merged
ba7b193d-7d7e-51c9-a29a-f9f6549f5088,4,0,1,1,1.0000,0,0,0,True,123,,,no_core_skills|sections_not_merged
ba7bf27c-6eb2-5fac-a6b8-97de2adb01f5,2,0,5,1,1.0000,0,0,0,False,74,,,no_core_skills|sections_not_merged
ba9b28da-87c6-5a86-bc46-9d078ea1095d,2,0,12,1,1.0000,0,0,0,True,150,,,no_core_skills|sections_not_merged
baf35110-d1bd-5026-86d9-6139a722711d,4,0,1,1,1.0000,0,0,0,True,120,,,no_core_skills|sections_not_merged
bb4dc2e0-09fd-5b08-ab69-1e65c575a77c,6,0,12,1,1.0000,0,0,0,True,134,,,no_core_skills|sections_not_merged
bb71ce7d-1e73-5807-bf98-a2441fc0cc0e,2,0,1,1,1.0000,0,0,0,False,163,,,no_core_skills|sections_not_merged
bb90bfe4-937c-542a-9890-5e39e1ba500a,4,0,6,2,0.5000,21,0,0,True,142,0,1,sections_not_merged
bba58661-406d-5869-8e57-10daa778afe1,2,0,1,1,1.0000,0,0,0,True,137,,,no_core_skills|sections_not_merged
bbd7e761-2afa-55e2-8abc-e20b68784f4b,2,0,1,1,1.0000,21,0,0,True,120,0,0,sections_not_merged
bc0d368b-fabd-5cda-a345-7efae7e98c46,2,0,7,1,1.0000,0,0,0,True,139,,,no_core_skills|sections_not_merged
bc0ee140-3553-5c2d-b682-faa8c557a952,3,0,9,2,0.6667,24,0,0,False,92,0,0,sections_not_merged
bc34f9a2-b83d-523c-8526-9c9bf6c2c062,6,0,5,4,0.5000,23,0,0,True,110,0,1,sections_not_merged
bc6a0a17-a46f-5903-b876-5c5fe2f5dc5f,2,0,12,1,1.0000,0,0,0,False,226,,,no_core_skills|sections_not_merged
bc83762a-ab32-50d4-93dc-798c858b62c4,7,0,3,1,1.0000,0,0,0,True,125,,,no_core_skills|sections_not_merged
bc9b8bca-ba91-558f-beb6-02f2dc00c813,2,0,1,2,0.5000,20,0,0,False,99,0,0,sections_not_merged
bc9cd458-ea30-51fb-80b2-1b8123c3e926,3,0,1,1,1.0000,17,0,0,False,75,0,0,sections_not_merged
bca8eb7f-a1f2-5c60-81b8-22d652f44b08,4,0,1,1,1.0000,0,0,0,True,122,,,no_core_skills|sections_not_merged
bd0d35e9-989a-55ef-8ce3-e0174d6833bb,2,0,8,1,1.0000,25,0,0,True,144,0,0,sections_not_merged
bd114cf8-cb91-5051-a29c-6160f0288c36,2,0,5,1,1.0000,31,0,0,False,91,0,0,sections_not_merged
bd192097-eaf4-5f43-8bbe-91488e0a4a05,2,0,14,1,1.0000,27,0,0,False,155,0,0,duties_over_max|sections_not_merged
bd1cf594-4d09-5610-9c36-ce9dad5cbaaa,2,0,12,1,1.0000,0,0,0,True,134,,,no_core_skills|sections_not_merged
bd3e79f1-5254-525b-8611-eaa3e99b0a60,2,0,1,1,1.0000,26,0,0,False,70,0,0,sections_not_merged
bd6e8608-83d4-57ce-bcb4-bcc888de0766,3,0,3,2,0.6667,23,0,0,False,165,,,sections_not_merged
bd8426e5-c957-529a-9a2f-5105b251bfbd,2,0,1,1,1.0000,0,0,0,False,70,,,no_core_skills|sections_not_merged
bd8c5523-0799-5fc7-aa86-f2cc459912d3,3,0,6,2,0.6667,27,0,0,False,67,0,0,sections_not_merged
bd9bc419-91f1-5468-8498-078ead3095cf,2,0,12,1,1.0000,0,0,0,False,98,,,no_core_skills|sections_not_merged
bdc6081e-a55c-5f11-b28f-685e34cb2947,2,0,3,1,1.0000,24,0,0,False,82,0,0,sections_not_merged
bddcba13-ddc1-57fa-a75f-6bd6308be646,3,0,12,1,1.0000,0,0,0,False,165,,,no_core_skills|sections_not_merged
be05e771-92bc-550c-a05c-842b02e2b07a,2,0,8,1,1.0000,0,0,0,False,232,,,no_core_skills|sections_not_merged
be1f3c5c-23c0-57ef-92cf-6f6ab4b62c1c,5,0,13,2,0.8000,24,0,0,True,119,0,0,duties_over_max|sections_not_merged
be2af0db-5c1a-5684-a0be-280fe40165af,3,0,12,1,1.0000,19,0,0,False,52,0,0,sections_not_merged
be48095e-affd-570c-ae7d-9fc0f20a1012,4,0,1,1,1.0000,0,0,0,False,97,,,no_core_skills|sections_not_merged
be9d03e4-02f8-59b5-bb68-d0e26ea923d4,4,0,7,2,0.5000,25,0,4,True,127,0,1,sections_not_merged
bea2e495-855f-5702-9ac5-eced7a029613,2,0,4,1,1.0000,0,0,0,False,96,,,no_core_skills|sections_not_merged
bea69144-8338-5959-a2a9-9bf96a85b6e8,2,0,1,1,1.0000,24,0,0,True,146,0,0,sections_not_merged
bebb6d23-ec48-5037-bf2d-78f47cd6fcea,3,0,1,2,0.6667,26,0,0,True,102,0,0,sections_not_merged
bebc151e-601a-599b-8a86-19f73fcad4fa,3,0,1,2,0.6667,22,0,0,False,85,0,0,sections_not_merged
bebe79eb-f0e3-51dd-8260-b1492b6333c8,2,0,1,1,1.0000,0,0,0,False,52,,,no_core_skills|sections_not_merged
bec3fcca-c476-5e6d-bdb2-28008aca3511,1,1,1,1,1.0000,0,0,0,False,42,,,no_core_skills|sections_not_merged|single_member
bed93510-a9f5-5bf9-a3ac-21d024d2492e,3,0,1,1,1.0000,0,0,0,True,106,,,no_core_skills|sections_not_merged
bf415556-5723-53a1-9b93-2a1c896185e1,2,0,11,1,1.0000,25,0,0,True,147,0,0,sections_not_merged
bf646576-eea0-59cd-9349-50e4d436f4b1,2,0,6,1,1.0000,21,0,0,False,161,0,0,sections_not_merged
bf6d1b20-b949-5b72-a95b-83107d0282b1,2,0,1,1,1.0000,18,0,0,False,171,0,0,sections_not_merged
bf7fad96-73ad-58d3-a070-066d35b01b36,4,0,5,2,0.7500,18,0,0,False,172,0,0,sections_not_merged
bfcd8917-43fd-5f20-b762-65d62629c72c,3,0,1,1,1.0000,22,0,0,False,66,0,0,sections_not_merged
bfcf77d8-0ec6-50bd-85f5-cd8cb93ecc29,2,0,4,2,0.5000,22,0,0,False,74,0,0,sections_not_merged
bffc06cb-7341-53e4-b7d7-32c28809e86b,7,0,1,2,0.8571,18,0,0,False,70,0,2,sections_not_merged
c01ff333-1865-549f-a7f3-5ea2b54f09fb,3,0,3,1,1.0000,23,0,0,False,40,0,0,sections_not_merged
c0331cc8-670e-5676-80cb-b8bfb1229460,2,0,12,1,1.0000,25,0,0,True,132,0,0,sections_not_merged
c03f07b4-c351-5d12-940e-6e579451a311,2,0,1,1,1.0000,24,0,0,False,67,0,0,sections_not_merged
c04e3308-d4c5-5cb6-aee6-a669d0a96ed5,3,0,8,1,1.0000,0,0,0,False,182,,,no_core_skills|sections_not_merged
c0cf6f76-de56-54df-90fa-8cffa4b6db22,9,0,5,1,1.0000,25,0,0,False,85,0,0,sections_not_merged
c0e04fc0-52a6-576e-8f32-51bd3f41ea3c,3,0,1,1,1.0000,25,0,0,False,42,0,0,sections_not_merged
c10aae96-8534-5360-820b-9a4b2e9c75db,3,0,11,1,1.0000,20,0,0,True,111,0,0,sections_not_merged
c154893f-8bfd-562e-8020-70c5af5fea6b,2,0,1,1,1.0000,20,0,0,False,82,,,sections_not_merged
c1559bf6-e1c1-56a0-8b4b-716c870374bf,5,0,2,2,0.6000,27,0,0,False,76,0,0,sections_not_merged
c1a3d7a4-f2c3-5180-ad3f-29f509226ea4,3,0,12,1,1.0000,0,0,0,False,83,,,no_core_skills|sections_not_merged
c1c627a9-07d2-5ed5-894d-8fb4052f15eb,2,0,17,2,0.5000,0,0,0,False,159,,,duties_over_max|no_core_skills|sections_not_merged
c1d0bc0d-a104-510c-b211-cd85e88c0ace,2,0,12,1,1.0000,0,0,0,False,179,,,no_core_skills|sections_not_merged
c1f111a6-9c01-562e-8f11-19646a331959,2,0,8,1,1.0000,28,0,0,False,69,0,0,sections_not_merged
c1fe5eeb-77ee-5ffb-b336-8792d761d34c,2,0,7,1,1.0000,23,0,0,False,96,0,0,sections_not_merged
c214c0e5-a2ac-5952-89b1-1b3d33b4b212,2,0,1,1,1.0000,0,0,0,False,57,,,no_core_skills|sections_not_merged
c22bd1f4-17dc-531e-8a4a-d3c4cddf7054,2,0,2,2,0.5000,27,0,0,False,72,0,0,sections_not_merged
c264583b-842e-5e69-8230-9fe132babcc4,2,0,12,1,1.0000,0,0,0,False,188,,,no_core_skills|sections_not_merged
c293f2c4-647a-5177-94c1-b486cf4b222d,2,0,6,1,1.0000,0,0,0,True,127,,,no_core_skills|sections_not_merged
c2a7225c-aee2-53b4-91de-5934d83d45ac,2,0,5,1,1.0000,0,0,0,False,82,,,no_core_skills|sections_not_merged
c2f88a0c-4ad2-59e5-b3f5-42101731d103,2,0,1,1,1.0000,24,0,0,True,109,0,0,sections_not_merged
c308f297-7b6e-516e-ba72-c0706cb4bff1,5,0,5,1,1.0000,0,0,0,True,108,,,no_core_skills|sections_not_merged
c318290d-ccee-54c9-9c1c-5e5827e10c7e,3,0,1,2,0.6667,23,0,0,False,174,0,0,sections_not_merged
c3328b1d-2626-5f68-850b-5ed1d0d6a8f9,2,0,4,1,1.0000,22,0,0,True,109,,,sections_not_merged
c34846a3-5b12-564e-a91c-3748b8f76ef0,6,0,1,2,0.5000,25,0,0,False,96,0,0,sections_not_merged
c35a3fab-6047-5e9d-b2b5-b29d64250552,3,0,1,1,1.0000,0,0,0,False,39,,,no_core_skills|sections_not_merged
c3abab32-f0e8-513a-bfdc-b95986fb9516,7,0,1,2,0.7143,17,0,0,False,227,0,0,sections_not_merged
c3c87ae9-65bb-57bd-a4b1-11f2d1f88414,4,0,6,2,0.7500,21,0,0,False,71,0,0,sections_not_merged
c3d591d2-7763-5047-8f57-7045306a8c3d,3,0,1,1,1.0000,0,0,0,False,173,,,no_core_skills|sections_not_merged
c43c7ff9-5cb8-5bf3-9888-acf18fa6e69d,6,0,1,2,0.6667,27,0,0,False,46,0,0,sections_not_merged
c45b3d16-c2af-5dea-8518-f3cd3fa6553a,3,0,11,2,0.6667,21,0,0,False,50,0,0,sections_not_merged
c468af54-ee20-56e3-b2ff-52eb6dd322a3,3,0,12,1,1.0000,23,0,0,False,97,,,sections_not_merged
c484575f-a953-5b15-b288-5e2cd4e5b2dc,2,0,11,1,1.0000,0,0,0,False,152,,,no_core_skills|sections_not_merged
c48cc04f-462e-59ae-b129-766d537bceaf,2,0,1,1,1.0000,0,0,0,True,108,,,no_core_skills|sections_not_merged
c4ea590e-3c7f-533d-987d-384a53f4f5cd,2,0,1,1,1.0000,0,0,0,True,118,,,no_core_skills|sections_not_merged
c4f105b8-baf8-5b24-9641-a845f161124c,2,0,5,1,1.0000,0,0,0,True,105,,,no_core_skills|sections_not_merged
c50b855c-b978-5248-8810-5d064afc09df,3,0,5,1,1.0000,23,0,0,False,160,0,0,sections_not_merged
c533de15-ac41-593d-a11b-9d1e3e22dc98,2,0,12,1,1.0000,0,0,0,True,149,,,no_core_skills|sections_not_merged
c543cef9-f627-550a-8d6c-5347f9ea73df,2,0,1,1,1.0000,20,0,0,False,57,0,0,sections_not_merged
c54e923e-8389-5ebe-8a57-648cd8f66acc,4,0,11,2,0.7500,0,0,0,True,142,,,no_core_skills|sections_not_merged
c556ba4b-80eb-540c-a7ec-9eb8ee0fe15c,2,0,12,1,1.0000,0,0,0,False,151,,,no_core_skills|sections_not_merged
c5b5b1a0-6c43-5011-b72a-86ffddfafbe4,3,0,3,1,1.0000,24,0,0,False,72,0,0,sections_not_merged
c5caa8fd-ba37-5068-b764-f46bd6fc777d,8,0,16,3,0.7500,28,0,0,True,113,1,0,duties_over_max|sections_not_merged
c5d0c64f-4fc7-5ee1-b04d-eddc48b1ba48,4,0,1,2,0.7500,0,0,0,False,98,,,no_core_skills|sections_not_merged
c5d2432c-8d5b-51ed-9f6f-2762b0020498,7,0,6,1,1.0000,0,0,0,False,223,,,no_core_skills|sections_not_merged
c5d534df-dc91-50a4-8a11-3ced23fa5e4c,2,0,0,1,1.0000,0,0,0,False,308,,,no_core_skills|sections_not_merged
c5fc1e7a-dcd2-50d8-9bf0-de0552ef9755,2,0,5,1,1.0000,26,0,0,False,54,,,sections_not_merged
c60cc981-f223-5673-969b-8b4386eb9790,2,0,12,1,1.0000,0,0,0,False,232,,,no_core_skills|sections_not_merged
c61d06fd-269d-516b-9441-bfed15cd569d,2,0,6,1,1.0000,23,0,0,False,47,0,0,sections_not_merged
c623a739-ff61-5e3e-9891-3bf7a1bff97d,4,0,1,1,1.0000,17,0,0,True,137,0,0,sections_not_merged
c699f1cb-3ed1-583a-b9bc-d05f6b8586b1,2,0,1,1,1.0000,22,0,0,False,74,,,sections_not_merged
c6c58d3a-2522-5e6e-ad2b-c84d1919dbfa,3,0,1,1,1.0000,24,0,0,True,105,0,0,sections_not_merged
c6c707bd-7470-57d4-8020-99d34cf61e46,3,0,1,1,1.0000,0,0,0,True,108,,,no_core_skills|sections_not_merged
c71f9357-06b4-59b5-be78-e57140f091b6,3,0,12,1,1.0000,0,0,0,False,79,,,no_core_skills|sections_not_merged
c72c6167-55cc-5d5f-9f75-c960a08b4c4b,3,0,6,2,0.6667,0,0,0,False,75,,,no_core_skills|sections_not_merged
c745111c-a83d-523c-aea8-4930b6f4e65a,2,0,1,1,1.0000,25,0,0,False,182,0,0,sections_not_merged
c79c9a35-b7ae-5e89-8cbd-5406f03e10f5,3,0,12,1,1.0000,0,0,0,False,194,,,no_core_skills|sections_not_merged
c7acbd1c-61c4-5bed-b4cc-b3bf6e759e4b,8,0,4,1,1.0000,0,0,0,False,47,,,no_core_skills|sections_not_merged
c8713837-fc59-526e-8825-59a85275326f,2,0,1,1,1.0000,0,0,0,True,137,,,no_core_skills|sections_not_merged
c8ee5188-1c78-5089-91fd-0d3dd6293eb9,3,0,1,1,1.0000,23,0,0,False,74,0,0,sections_not_merged
c8ef8a1a-f8b4-5650-a0dd-9efbec19b0aa,4,0,1,1,1.0000,0,0,0,True,115,,,no_core_skills|sections_not_merged
c94cd4d3-35cb-52e8-bc98-5312e173ec8d,35,0,10,2,0.8857,21,0,0,False,68,0,0,sections_not_merged
c960aea3-f6ce-5f80-bdbf-7664237a4693,2,0,3,1,1.0000,22,0,0,False,94,0,0,sections_not_merged
c97a7be4-1adb-567d-92cb-ad60a02bc518,2,0,5,2,0.5000,32,0,0,True,139,0,0,sections_not_merged
c9ce358d-1192-5eb9-a4aa-ff2a87c4ca29,2,0,12,1,1.0000,0,0,0,False,85,,,no_core_skills|sections_not_merged
ca34ee73-92ba-5bd7-bf37-ecb077388462,2,0,1,1,1.0000,0,0,0,False,96,,,no_core_skills|sections_not_merged
ca35a5df-729d-5036-81be-65933e7cef96,8,0,3,2,0.7500,19,0,0,False,92,0,0,sections_not_merged
ca3f8d43-8ae7-5e51-87b7-329a3ea95202,2,0,1,1,1.0000,25,0,0,False,96,0,0,sections_not_merged
ca50a245-7f4d-513e-bcbd-04940cb2f2cc,4,0,12,1,1.0000,0,0,0,False,255,,,no_core_skills|sections_not_merged
ca697092-b85e-5316-9173-773265de4190,3,0,9,1,1.0000,0,0,0,True,140,,,no_core_skills|sections_not_merged
ca79961d-7ab1-5206-99b8-bba736518b6b,2,0,12,1,1.0000,0,0,0,False,250,,,no_core_skills|sections_not_merged
ca7b3e2d-7789-5cb6-bef2-da1143778ee1,2,0,12,1,1.0000,0,0,0,False,76,,,no_core_skills|sections_not_merged
caac67b1-f508-5a45-a42e-f926f8843c16,2,0,8,1,1.0000,0,0,0,False,47,,,no_core_skills|sections_not_merged
cacba632-0db2-55dd-a08a-2e0d24ad9cae,2,0,1,1,1.0000,0,0,0,True,150,,,no_core_skills|sections_not_merged
cae54299-15b9-5f19-af86-a370b213e1c4,2,0,8,1,1.0000,0,0,0,True,125,,,no_core_skills|sections_not_merged
cb29619d-f8be-5c42-9909-8497b0240451,2,0,12,1,1.0000,0,0,0,False,151,,,no_core_skills|sections_not_merged
cb485bd1-6026-5ea7-9307-d3008e45d181,2,0,4,2,0.5000,21,0,0,False,75,,,sections_not_merged
cb73e45c-4f56-5711-a9d4-2c732945e00b,2,0,4,1,1.0000,0,0,0,True,104,,,no_core_skills|sections_not_merged
cb884550-6e9a-5986-8d2c-6306063672c8,9,0,18,3,0.6667,22,0,0,True,147,0,0,duties_over_max|employee_group_disagreement|sections_not_merged
cb8ceca2-d022-5f91-8c39-bb8e864976d6,3,0,12,1,1.0000,0,0,0,True,140,,,no_core_skills|sections_not_merged
cba4a632-2ea4-50b8-83ac-03c16e430af9,2,0,5,1,1.0000,24,0,0,True,103,,,sections_not_merged
cba7566b-2fa9-5159-9e87-1ddea146ed6a,2,0,1,1,1.0000,0,0,0,True,128,,,no_core_skills|sections_not_merged
cbdddf3c-05dd-5d67-bdfc-2896199f13c1,3,0,2,1,1.0000,0,0,0,True,101,,,no_core_skills|sections_not_merged
cbead369-28e2-510c-b95e-3d5d4272bcc5,2,0,1,1,1.0000,16,0,0,False,82,0,0,sections_not_merged
cc0f2c7f-a5bc-5bf2-a4b9-31a4e2df098c,5,0,17,3,0.6000,20,0,0,True,134,0,0,duties_over_max|sections_not_merged
cc6e6d84-ba58-591b-bbb8-ae889345005d,3,0,12,1,1.0000,0,0,0,True,120,,,no_core_skills|sections_not_merged
cc760806-976a-5d14-bd2a-ff1ac73f500a,5,0,12,1,1.0000,0,0,0,False,97,,,no_core_skills|sections_not_merged
cc7adbcc-0567-507e-8669-b3e9d50170b2,4,0,12,2,0.7500,0,0,0,True,126,,,no_core_skills|sections_not_merged
cc7b0814-d041-5001-a3ed-941ab43b9503,6,0,2,2,0.8333,27,0,0,True,101,1,2,sections_not_merged
cc7e4f04-575e-5f85-8218-5fada13413e3,2,0,1,1,1.0000,27,0,0,True,104,0,0,sections_not_merged
ccb583e2-5fac-5f2c-be9c-a1de771a6a4b,2,0,7,1,1.0000,0,0,0,False,153,,,no_core_skills|sections_not_merged
cd2d14a3-f6a7-5487-af6a-b82f39c5929d,2,0,6,1,1.0000,28,0,0,True,106,0,0,sections_not_merged
cd31ed21-4786-54f2-9e40-1e9fe0c51e34,2,0,1,2,0.5000,0,0,0,False,193,,,no_core_skills|sections_not_merged
cd7c75d2-dcc9-5fed-b790-031a7f225416,5,1,6,1,1.0000,24,0,0,True,142,,0,sections_not_merged
cd977fff-2fdd-5cc8-a922-abee062f8f68,6,0,23,3,0.5000,19,0,0,False,64,0,0,duties_over_max|sections_not_merged
cd9eefc8-5090-500e-b04b-04353ad4266c,4,0,7,1,1.0000,23,0,0,True,126,0,0,sections_not_merged
cdb2c934-c8d6-5d37-bee0-d5d467e88a66,2,0,12,1,1.0000,0,0,0,True,140,,,no_core_skills|sections_not_merged
cdb8a0ca-f72a-50d1-ae45-1695e79b00f9,2,0,11,1,1.0000,0,0,0,False,90,,,no_core_skills|sections_not_merged
cddf1bbf-be59-5b7e-a4f6-1323ad917a99,5,0,1,1,1.0000,0,0,0,False,177,,,no_core_skills|sections_not_merged
cde59f9f-7fcc-57b4-bfb1-3c5784af5c4c,9,0,1,1,1.0000,0,0,0,True,116,,,no_core_skills|sections_not_merged
cdeda48a-a996-5082-9c12-4485e6c5fe38,10,0,6,2,0.9000,28,0,10,True,117,0,0,sections_not_merged
cdf44ef5-edfc-5a4f-a7df-8728a92ce092,2,0,1,1,1.0000,31,0,0,True,143,0,0,sections_not_merged
ce3ae4c6-f25f-5085-b350-b7a689d4ddeb,12,0,2,4,0.4167,26,0,0,True,123,0,0,sections_not_merged
ce918ed2-c9d6-507d-83bb-631fd12796a5,2,0,12,1,1.0000,21,0,0,False,56,0,0,sections_not_merged
ceac33a1-1c18-5405-9999-65b22f8c6849,37,0,1,1,1.0000,0,0,0,False,39,,,no_core_skills|sections_not_merged
cee19d61-43c2-5623-a9e2-18a25ac766ca,2,0,2,1,1.0000,24,0,2,False,99,0,0,sections_not_merged
cf221e50-e025-53e2-86b8-3a434ac8aec0,15,0,1,6,0.2667,0,0,0,True,106,,,no_core_skills|sections_not_merged
cf63ac2d-668a-51c1-8df2-0fd309ea6a2f,2,0,0,1,1.0000,41,0,0,False,384,0,0,sections_not_merged
cfb55e6a-ca44-59b4-a920-5125f4356de4,2,0,1,1,1.0000,0,0,0,True,116,,,no_core_skills|sections_not_merged
cfd64cc4-3cb0-5cce-aabc-f7c33987ea56,2,0,4,1,1.0000,0,0,0,False,161,,,no_core_skills|sections_not_merged
cfdde278-9b59-5887-8f5b-48fb0f74535d,4,0,5,2,0.5000,21,0,0,False,68,0,0,sections_not_merged
cfe73781-0387-5f95-a6ed-755a04c795f9,2,0,1,1,1.0000,0,0,0,False,180,,,no_core_skills|sections_not_merged
cff5c808-e8f7-5581-8f83-11211845e8b4,3,0,1,1,1.0000,26,0,0,False,79,,,sections_not_merged
d0186da4-0140-51a4-b8ea-c0575001cbf0,5,0,17,2,0.8000,23,0,1,True,140,0,2,duties_over_max|sections_not_merged
d018878a-c793-5c74-90c2-ade04add08ad,3,0,11,1,1.0000,0,0,0,False,92,,,no_core_skills|sections_not_merged
d040a996-4e16-5966-b7e3-5e8d52c77b13,3,0,1,1,1.0000,0,0,0,False,95,,,no_core_skills|sections_not_merged
d080177c-f95d-58a4-84c6-d3f5ab9d9e7e,3,0,1,1,1.0000,19,0,0,False,155,0,0,sections_not_merged
d083433f-c43b-5f83-9bb8-52c6fa23b059,5,0,1,1,1.0000,0,0,0,False,52,,,no_core_skills|sections_not_merged
d0b89461-9507-51d9-8fe9-d3799635ae23,3,0,4,3,0.3333,31,0,0,True,122,0,0,sections_not_merged
d0e21ba1-45ce-53ec-ba14-e7348e62fea2,4,0,3,1,1.0000,26,0,0,False,94,0,0,sections_not_merged
d0ec454c-f214-581e-9f46-de9a9381d08d,3,0,12,1,1.0000,0,0,0,False,66,,,no_core_skills|sections_not_merged
d1282cc8-d2dd-50ad-82f0-97342d4c87f7,2,0,0,1,1.0000,0,0,0,False,,,,no_core_skills|sections_not_merged
d12b652e-a52d-5842-92c1-cf34e468e487,13,0,1,3,0.7692,25,0,0,False,78,0,0,sections_not_merged
d16a6c02-944f-530e-ab94-72d56a68f9bb,3,0,1,1,1.0000,27,0,0,False,171,0,0,sections_not_merged
d1aa4ebf-04ea-52b2-bce5-fdb1100ec135,5,0,12,1,1.0000,20,0,0,True,111,0,2,sections_not_merged
d1bd4179-47b7-568a-a088-dc7f7a0efdb7,2,0,6,1,1.0000,0,0,0,False,229,,,no_core_skills|sections_not_merged
d1d7c555-bd40-50e7-949c-dbd8db2be622,2,0,4,2,0.5000,25,0,0,False,156,0,4,sections_not_merged
d1f798ad-35a2-5273-ad96-dd1d5f635bbf,3,0,1,1,1.0000,26,0,0,True,116,0,0,sections_not_merged
d1fadea4-c5c1-5e1a-8476-2dce634b57a2,2,0,1,1,1.0000,24,0,0,False,94,0,0,sections_not_merged
d260c73d-6eb6-587a-acd7-e270cb26fdd8,2,0,6,2,0.5000,19,0,1,False,74,0,0,sections_not_merged
d28df6bc-2bb2-58de-8081-146c81209eca,3,0,10,1,1.0000,0,0,0,False,56,,,no_core_skills|sections_not_merged
d290b771-46c3-5ce5-a705-e5e7b35710ec,2,0,1,1,1.0000,0,0,0,True,117,,,no_core_skills|sections_not_merged
d2cbb31d-32f3-53af-87eb-c5db985badfe,3,0,9,2,0.6667,22,0,0,True,103,0,0,sections_not_merged
d2e4558e-d017-5e9a-b8a4-811e9a108f2e,2,0,4,1,1.0000,0,0,0,True,117,,,no_core_skills|sections_not_merged
d2e77589-d4e6-518b-b91c-fabbae503cf0,2,0,3,1,1.0000,0,0,0,False,266,,,no_core_skills|sections_not_merged
d3047db1-4613-50d2-b6e6-1de1c06c73d3,2,0,5,1,1.0000,25,0,0,True,102,0,0,sections_not_merged
d327c59d-1b09-5810-bdfa-12f9d201d36f,5,0,9,2,0.8000,19,0,0,True,111,1,0,sections_not_merged
d33385cd-11ff-5319-af99-503635cb34ab,29,0,6,2,0.9655,0,0,0,False,65,,,no_core_skills|sections_not_merged
d33abfb4-bb37-5deb-9f67-b602fe4004e5,4,0,10,1,1.0000,26,0,0,False,152,0,0,sections_not_merged
d35a7d2c-08f5-5f5f-ba81-43d781b6dd80,9,0,9,1,1.0000,0,0,0,True,139,,,no_core_skills|sections_not_merged
d368fbf6-7242-5d6d-8a53-1b1e2cc76131,36,0,2,4,0.4722,17,0,0,False,98,0,2,sections_not_merged
d3bac094-87ed-5bae-96bb-713b8c3c228d,7,0,9,1,1.0000,0,0,0,True,129,,,no_core_skills|sections_not_merged
d3e30e9f-d6cb-55d1-a87b-aabf6a0f459b,2,0,9,1,1.0000,28,0,0,True,127,0,0,sections_not_merged
d4ae10f1-349c-5521-bf29-e9a73af8ba15,3,0,7,2,0.6667,0,0,0,False,162,,,no_core_skills|sections_not_merged
d4e8bc6f-4611-508c-8922-2f861f5ef4c4,10,0,24,6,0.2000,21,0,0,True,139,0,1,duties_over_max|sections_not_merged
d4ea28fe-8193-5aaf-98d0-1b4c3547e24f,2,0,11,1,1.0000,0,0,0,True,101,,,no_core_skills|sections_not_merged
d4f521cc-7997-5f3a-a155-eb531e583fbc,2,0,1,1,1.0000,0,0,0,False,39,,,no_core_skills|sections_not_merged
d515bd6d-0545-5437-850c-962978b0b500,9,0,5,3,0.5556,0,0,0,False,49,,,no_core_skills|sections_not_merged
d533c3e4-e92b-58c1-b6b4-51e5838db8d5,2,0,1,1,1.0000,0,0,0,True,142,,,no_core_skills|sections_not_merged
d54969dd-f7da-553b-b3c1-aaf44ff34e8b,2,0,1,1,1.0000,19,0,0,False,94,0,0,sections_not_merged
d55940b6-cabd-59dc-895e-f90fc8a28fa0,4,0,1,3,0.5000,0,0,0,True,147,,,no_core_skills|sections_not_merged
d5663dda-6b3c-5387-a903-9f340b12ba8c,3,0,0,1,1.0000,20,0,0,False,158,0,0,
d58ff0e9-fbe6-5853-a78d-1a6f995abf07,2,0,12,1,1.0000,0,0,0,False,31,,,no_core_skills|sections_not_merged
d5b31a01-f3e7-5859-827c-d666409df183,2,0,12,1,1.0000,23,0,0,False,49,0,0,sections_not_merged
d5ce9331-e5ed-530a-8a47-aacbd387938f,3,0,1,1,1.0000,26,0,0,False,83,0,0,sections_not_merged
d6003dd5-15a5-5c61-a8c9-e33178dd13c7,3,0,1,1,1.0000,0,0,0,False,56,,,no_core_skills|sections_not_merged
d604d893-2f47-598a-bbcb-dc2d187f536c,3,0,2,2,0.6667,19,0,0,True,128,0,0,sections_not_merged
d60d9258-550d-5613-8fbb-62f8c40045fc,3,0,1,2,0.6667,27,0,0,False,65,0,0,sections_not_merged
d6504671-04ac-5f04-a675-dd6f09f317b5,16,0,25,3,0.8750,20,0,0,True,121,0,2,duties_over_max|sections_not_merged
d664368f-9c87-5357-9d8a-f82a823ffb3f,29,0,6,2,0.9310,21,0,0,False,159,0,0,sections_not_merged
d6b10a00-d16e-53bc-85ad-ca3276b20f62,2,0,6,1,1.0000,21,0,0,False,221,0,0,sections_not_merged
d7193b80-8083-5a9d-b968-39b65a9775f4,4,0,12,1,1.0000,0,0,0,True,126,,,no_core_skills|sections_not_merged
d72b7008-2717-5a2f-a603-a57da32fc840,4,0,22,3,0.5000,26,0,0,False,190,0,4,duties_over_max|sections_not_merged
d735cc4c-8f56-53e6-aa40-76daaa7e63e2,2,0,1,1,1.0000,0,0,0,True,103,,,no_core_skills|sections_not_merged
d7372da1-2d2f-52bd-9232-44726290d02c,5,0,8,1,1.0000,0,0,0,False,277,,,no_core_skills|sections_not_merged
d741904c-d6d1-59ee-b885-1e2b57328493,5,0,5,1,1.0000,0,0,0,False,294,,,no_core_skills|sections_not_merged
d75e378e-bf83-5715-8be2-97792c5a522a,2,0,8,1,1.0000,0,0,0,False,153,,,no_core_skills|sections_not_merged
d7a055e4-dbab-59f4-8a2f-1e4e1dd289aa,2,0,0,1,1.0000,23,0,0,False,87,0,0,
d7a07eeb-9826-5ee3-af7f-d09b1ca8315d,2,0,1,1,1.0000,23,0,0,False,98,,,sections_not_merged
d7d4c7a5-1f6e-52af-9726-00581fa8294b,2,0,1,1,1.0000,17,0,0,False,89,0,0,sections_not_merged
d835d905-47e1-54ed-8cae-854286b6c2f6,2,0,1,1,1.0000,0,0,0,False,94,,,no_core_skills|sections_not_merged
d837a34a-d3a6-5aef-98f7-54aff22ae0c4,3,0,7,1,1.0000,0,0,0,False,171,,,no_core_skills|sections_not_merged
d8a8ac70-f2e2-5b21-8fe0-84016361953a,3,0,7,2,0.6667,23,0,0,True,100,0,0,sections_not_merged
d8ba5010-f831-5a80-8262-59df68b3022f,24,0,13,4,0.5833,31,0,0,False,78,0,3,duties_over_max|sections_not_merged
d8f8269a-a638-542a-9a09-08f450416f50,2,0,6,1,1.0000,0,0,0,False,199,,,no_core_skills|sections_not_merged
d8fe8111-8561-55bc-950f-e16e3aafabc4,2,0,1,1,1.0000,0,0,0,False,87,,,no_core_skills|sections_not_merged
d9347547-457c-5d89-bfb2-19a33144a6a2,6,0,6,1,1.0000,0,0,0,False,65,,,no_core_skills|sections_not_merged
d93add1c-bbd0-5faa-b9cd-aa282fe5ff6a,8,0,1,1,1.0000,0,0,0,False,86,,,no_core_skills|sections_not_merged
d9a3e4f5-59e9-5876-933a-a68881d2483a,2,0,4,1,1.0000,0,0,0,False,90,,,no_core_skills|sections_not_merged
d9a71a0e-2bf8-5e06-9297-19bbb0f38955,2,0,7,1,1.0000,20,0,0,False,62,,,sections_not_merged
da146bc5-b7aa-57b6-8c5c-5d1679426757,2,0,3,1,1.0000,30,0,0,True,136,0,0,sections_not_merged
da176cd7-7c40-5823-80df-18f889f02b04,3,0,1,1,1.0000,0,0,0,False,89,,,no_core_skills|sections_not_merged
da570956-266b-51bc-96d9-0a86391bb760,2,0,18,1,1.0000,29,0,0,False,81,0,0,duties_over_max|sections_not_merged
da5baf75-4558-5b5d-bbf2-7a5c1ebe39db,3,0,3,1,1.0000,21,0,0,True,106,0,0,sections_not_merged
da5cd543-f626-5f81-b3dc-cb25d2bf330a,4,0,0,2,0.5000,0,0,0,False,558,,,no_core_skills|sections_not_merged
da95e46a-ee05-5e9a-8772-3e9734827c28,3,0,10,1,1.0000,0,0,0,True,147,,,no_core_skills|sections_not_merged
dac264c6-c371-5f0d-81e7-3a5f897290ae,2,0,12,1,1.0000,0,0,0,True,149,,,no_core_skills|sections_not_merged
dad4b0b0-8bcd-5773-bb76-00b7c4ca34b7,2,0,1,1,1.0000,0,0,0,False,188,,,no_core_skills|sections_not_merged
dae2c260-641c-556e-8085-5e9f9999aa8a,2,0,3,1,1.0000,0,0,0,True,116,,,no_core_skills|sections_not_merged
daffbf48-fc57-576f-8ea9-dc73a2cf5a20,3,0,1,1,1.0000,0,0,0,False,95,,,no_core_skills|sections_not_merged
db05f9f3-edbc-5902-8eba-aa5a02479e3e,45,0,6,3,0.5333,25,0,0,True,134,0,0,sections_not_merged
db6199ad-ccde-5974-91d8-6db5b5024b9d,14,0,7,1,1.0000,0,0,0,True,130,,,no_core_skills|sections_not_merged
db7c8735-842b-5e05-a761-685d2ac58fc0,2,0,8,1,1.0000,24,0,0,False,71,0,0,sections_not_merged
dba53fcf-aa3b-5b76-a394-c967d4ffe9ed,3,0,0,1,1.0000,0,0,0,False,525,,,no_core_skills|sections_not_merged
dbb582a0-07b0-50a0-b34e-99d2496248c5,2,0,5,1,1.0000,0,0,0,False,227,,,no_core_skills|sections_not_merged
dbbc056b-ef23-5bb8-b7ff-5d1eb3f02a3b,4,0,2,3,0.5000,31,0,0,True,128,0,0,sections_not_merged
dbeaf35e-c1d6-521a-ae45-d3ee1e268a25,2,0,7,1,1.0000,28,0,0,False,158,0,0,sections_not_merged
dbf6ecf8-11c5-5ecf-83a1-6a60a5fec79f,2,0,12,1,1.0000,0,0,0,False,251,,,no_core_skills|sections_not_merged
dc068d50-5a6b-583b-a15e-569044f39ee1,2,0,8,1,1.0000,0,0,0,False,219,,,no_core_skills|sections_not_merged
dcc4ec8b-cba0-5678-9ef0-6ec8c3b63c89,2,0,1,1,1.0000,0,0,0,True,113,,,no_core_skills|sections_not_merged
dccdf7f6-4b3d-5d2b-b8f3-e5d0681d4e35,2,0,12,1,1.0000,0,0,0,True,112,,,no_core_skills|sections_not_merged
dcd9b04c-8050-5f2c-9790-802b31c3581d,2,0,0,1,1.0000,26,0,0,False,190,0,0,
dcec3f11-c4be-5e9a-95a2-f69b1b5e3581,2,0,1,1,1.0000,0,0,0,False,171,,,no_core_skills|sections_not_merged
dd32e6a3-6daf-506a-8e66-44128d092cb2,2,0,5,2,0.5000,27,0,0,True,147,0,0,sections_not_merged
dd46991c-5ca4-5ce7-8431-874aa3e1db9e,4,0,5,1,1.0000,0,0,0,False,340,,,no_core_skills|sections_not_merged
dd574624-dc67-5feb-8f4e-e101ef7e08ec,2,0,3,1,1.0000,0,0,0,False,77,,,no_core_skills|sections_not_merged
dd60ac61-ecdf-5098-9900-93b205c639c2,4,0,9,1,1.0000,21,0,0,True,124,0,0,sections_not_merged
dd9c3357-7799-50df-8f7a-4da1ff366b75,2,0,1,1,1.0000,0,0,0,True,117,,,no_core_skills|sections_not_merged
de05b08f-d72e-53f4-bca1-b815b8d8efa3,5,0,1,1,1.0000,0,0,0,False,83,,,no_core_skills|sections_not_merged
de07eb79-5c55-5ecc-a478-34c4d9a48765,5,0,1,1,1.0000,24,0,0,True,111,0,0,sections_not_merged
de293c22-decf-5cf8-bcb1-e91d31ea5ec5,5,0,9,2,0.6000,24,0,0,False,56,0,0,sections_not_merged
de68a9f5-67cb-504a-9809-785c019ddfb2,3,0,1,1,1.0000,0,0,0,False,179,,,no_core_skills|sections_not_merged
de94df21-e727-58a9-8b8e-125ee450ff77,2,0,1,1,1.0000,0,0,0,False,248,,,no_core_skills|sections_not_merged
debea368-e524-5253-bba7-34e66701fe73,2,0,12,1,1.0000,0,0,0,False,231,,,no_core_skills|sections_not_merged
dedc1ae4-8117-57bd-81ab-c9569f963c69,3,0,1,2,0.6667,26,0,0,False,98,0,0,sections_not_merged
dedc5e9f-2c33-5c7a-81fe-65a667eabd21,3,0,1,1,1.0000,0,0,0,False,153,,,no_core_skills|sections_not_merged
dee444f3-8fc7-5bd2-b4ae-270dd5bc39cd,7,0,2,2,0.5714,25,0,0,True,110,0,0,sections_not_merged
deea96b7-6924-53c4-b53f-4ef3dd68544b,2,0,1,1,1.0000,21,0,0,False,152,0,0,sections_not_merged
deef593c-e362-5d0c-85a4-1a9267451f44,2,0,1,1,1.0000,0,0,0,True,145,,,no_core_skills|sections_not_merged
df334f7c-5e25-57b9-b8c5-b1e4f5617836,3,0,1,1,1.0000,21,0,0,True,106,0,0,sections_not_merged
df716736-6273-5f70-ad67-ddb2465cdc7b,4,0,1,2,0.5000,21,0,0,True,116,0,0,sections_not_merged
df7916ad-3469-5703-8701-0a6b53297a37,6,0,15,1,1.0000,20,0,0,False,78,0,0,duties_over_max|sections_not_merged
dfa7ec2a-b9e4-557c-bc2d-0d7c23e6c553,3,0,7,1,1.0000,0,0,0,False,194,,,no_core_skills|sections_not_merged
dfc96891-d82e-504b-b9f6-bd50aa17776d,2,0,13,1,1.0000,0,0,0,False,82,,,duties_over_max|no_core_skills|sections_not_merged
dfcc40d3-3cac-59ce-9a54-8ce265f958ee,10,0,13,4,0.5000,20,0,0,True,147,0,1,duties_over_max|sections_not_merged
e0320526-d79b-5b42-a242-4d77a8ba0910,2,0,4,1,1.0000,0,0,0,False,261,,,no_core_skills|sections_not_merged
e05bb857-9884-5427-bf6c-3594f300742e,30,0,6,1,1.0000,0,0,0,False,69,,,no_core_skills|sections_not_merged
e0612236-5f33-5f15-890d-2970313e170b,3,0,1,1,1.0000,0,0,0,True,103,,,no_core_skills|sections_not_merged
e0618d1e-e6ed-5f5e-9b5a-9cdc4e46c188,2,0,5,2,0.5000,25,0,0,False,67,,,sections_not_merged
e06f01b6-9fb5-522c-bf0c-6714dd5fa251,2,0,4,1,1.0000,31,0,0,True,136,1,0,sections_not_merged
e0ac4e96-5d8b-50ce-a37b-c5f51808c867,2,0,11,2,0.5000,34,0,0,False,47,0,,sections_not_merged
e0e94971-1bc5-589d-904e-934bd4ac387c,4,0,7,1,1.0000,19,0,0,False,217,0,,sections_not_merged
e0f174f3-18cf-5662-91dd-9910c4e3fda6,3,0,1,1,1.0000,0,0,0,True,150,,,no_core_skills|sections_not_merged
e0fcaa77-5d6d-52ec-a395-1068e7546650,3,0,10,2,0.6667,21,0,0,False,27,0,0,sections_not_merged
e11cabc0-0b58-54d6-ac3d-03919582228e,2,0,5,1,1.0000,0,0,0,True,125,,,no_core_skills|sections_not_merged
e168ab11-ddbf-519c-bff0-9323f9c18e0b,9,0,1,2,0.8889,29,0,0,False,73,,0,sections_not_merged
e18b2db5-d989-5e58-a375-7802d3a070e1,2,0,1,1,1.0000,0,0,0,False,193,,,no_core_skills|sections_not_merged
e1c94368-fbd4-54b7-b05d-60084f47a6de,3,0,2,2,0.6667,24,0,0,False,92,0,0,sections_not_merged
e1eb01cb-91cd-55d7-af4d-83eea8b0c7e3,3,0,7,1,1.0000,19,0,0,False,280,0,0,sections_not_merged
e1f39870-9185-5ab8-9f9c-ace1a62c609f,2,0,3,1,1.0000,27,0,0,True,147,0,0,sections_not_merged
e1f445b4-a78b-5cad-9090-05fecd347382,26,0,28,4,0.4231,25,0,0,True,144,0,0,duties_over_max|sections_not_merged
e23b52ba-e11c-595e-9f66-c3978d3a3999,2,0,12,1,1.0000,0,0,0,False,84,,,no_core_skills|sections_not_merged
e29655cb-17d0-5b72-9499-387b7381b5ea,3,0,6,2,0.6667,24,0,0,False,88,0,0,sections_not_merged
e2c6525e-d6d1-584f-9601-554a572433f9,3,0,6,1,1.0000,0,0,0,True,129,,,no_core_skills|sections_not_merged
e2dd3ed9-e4d6-566b-8c14-1796cdf3d16b,2,0,12,1,1.0000,22,0,0,True,136,0,0,sections_not_merged
e2e3bcc6-d58b-565a-94a7-535624fae061,2,0,12,1,1.0000,0,0,0,False,270,,,no_core_skills|sections_not_merged
e2e7d85c-e4a4-5231-8107-a4d77ec016fb,9,0,20,3,0.6667,25,0,0,True,103,0,0,duties_over_max|sections_not_merged
e328f813-ca7b-5fde-8de0-33ee6f53fe74,3,0,8,3,0.3333,23,0,0,False,222,0,0,sections_not_merged
e374250f-6eb5-5a72-90ea-2706ddbf1d56,2,0,7,1,1.0000,0,0,0,True,148,,,no_core_skills|sections_not_merged
e38ba24d-884e-52c4-b30c-c9ddef3a72c2,6,0,5,2,0.8333,18,0,0,True,106,1,0,sections_not_merged
e44ddf85-f1c1-509f-9b73-59258881e5cb,3,0,8,1,1.0000,0,0,0,True,121,,,no_core_skills|sections_not_merged
e48ed066-9ca0-5838-b334-1e0e525f5d22,45,0,11,3,0.7111,24,0,0,False,70,0,2,sections_not_merged
e4a7b3ac-1c17-511c-8098-11a4e6808fb0,3,0,12,1,1.0000,0,0,0,False,82,,,no_core_skills|sections_not_merged
e4aafe77-23f9-52c9-b680-af65bb874506,2,0,4,1,1.0000,21,0,0,False,86,,,sections_not_merged
e4af43e2-6bbc-5745-bc08-f3ede9bb30ca,2,0,1,1,1.0000,0,0,0,False,62,,,no_core_skills|sections_not_merged
e4f3e675-f404-5ee1-bc6e-aca8f0725f6d,5,0,3,1,1.0000,29,0,0,False,21,,0,sections_not_merged
e52dbaaf-369c-5c46-beb5-eb6193d8b9a1,2,0,1,1,1.0000,25,0,0,False,168,0,0,sections_not_merged
e56902e5-fceb-547b-8731-210e5624ff45,3,0,11,2,0.6667,0,0,0,True,119,,,no_core_skills|sections_not_merged
e5b30084-ec15-5049-ac49-1dff13b3c1cc,2,0,5,1,1.0000,23,0,0,True,102,0,0,sections_not_merged
e5ee59ef-65d3-57a5-a1ad-9eecffea7700,2,0,1,1,1.0000,0,0,0,False,156,,,no_core_skills|sections_not_merged
e645ba3c-d11b-5bec-8a6d-7796633144ef,11,0,1,3,0.6364,21,0,0,True,130,0,0,sections_not_merged
e64f1cfa-7e37-570f-9589-d7d1f3fc4691,2,0,0,1,1.0000,0,0,0,False,174,,,no_core_skills
e677492b-9269-5bad-b654-86f5cd25c750,3,0,1,2,0.6667,28,0,0,False,81,0,0,sections_not_merged
e68bec8a-d69f-552c-b79f-c03f4f279dbc,4,0,1,1,1.0000,0,0,0,True,118,,,no_core_skills|sections_not_merged
e6bc2cd5-08d7-5469-bd1c-99e4582774ed,4,0,1,1,1.0000,0,0,0,False,,,,no_core_skills|sections_not_merged
e6f35d2d-3b7a-57c1-95cf-d0c425d43291,8,0,12,4,0.2500,0,0,0,True,138,,,no_core_skills|sections_not_merged
e70d4101-6826-5014-9af8-d8cbd8c9d841,3,0,3,2,0.6667,28,0,0,False,37,0,0,sections_not_merged
e7107bf1-ee1f-560c-88fa-f63dd3a40f7b,2,0,1,1,1.0000,22,0,0,False,76,0,0,sections_not_merged
e72dd563-ee5c-5424-989c-4277cc5b5336,2,0,0,1,1.0000,25,0,0,False,576,0,0,sections_not_merged
e747d1c0-9040-52e9-bf0c-28d099191faa,2,0,1,1,1.0000,0,0,0,True,148,,,no_core_skills|sections_not_merged
e7531dcb-c261-5ce3-a87e-a46b59841985,9,0,5,1,1.0000,22,0,0,True,127,0,1,sections_not_merged
e79ca9a3-84d1-534c-b14a-c740aabab286,2,0,9,1,1.0000,19,0,0,False,85,0,0,sections_not_merged
e7ac7c9c-9c06-501c-8056-d15b0bdb5276,3,0,1,1,1.0000,21,0,0,True,113,0,0,sections_not_merged
e7d7c3cd-6166-51cd-9d63-2531300eeb00,2,0,5,1,1.0000,36,0,0,False,72,0,0,sections_not_merged
e80e94c4-a6af-5f1e-bf44-504a6bc51fc3,2,0,1,2,0.5000,23,0,0,False,86,0,0,sections_not_merged
e81455d4-4738-5879-aeed-964f897eacbe,3,0,4,1,1.0000,21,0,0,False,156,0,0,sections_not_merged
e86db2db-5a58-5efe-861e-799913cc8be8,2,0,2,1,1.0000,35,0,1,True,112,0,0,sections_not_merged
e8984d26-35e4-5b19-b128-5719ec43fb0b,2,0,4,1,1.0000,0,0,0,False,49,,,no_core_skills|sections_not_merged
e8b00b08-6107-5b01-b2c2-2ef2cea1e905,8,0,22,3,0.5000,24,0,0,True,108,0,0,duties_over_max|sections_not_merged
e8bde907-9c15-561a-8164-1d60456a1f0f,3,0,1,1,1.0000,0,0,0,False,159,,,no_core_skills|sections_not_merged
e8f7359b-3fd0-58b6-a967-e6e127519af1,2,0,0,1,1.0000,0,0,0,False,550,,,no_core_skills|sections_not_merged
e8f983d7-8f1b-507c-be6f-37ee3bc94159,5,0,9,1,1.0000,0,0,0,False,380,,,no_core_skills|sections_not_merged
e9224a4f-f430-5a59-a9ef-b204c4bc8363,2,0,2,2,0.5000,30,0,0,True,107,1,0,sections_not_merged
e934073f-bf3d-5319-be6a-9cbfd78b5697,2,0,1,1,1.0000,0,0,0,False,172,,,no_core_skills|sections_not_merged
e9657a51-a1a7-5842-a251-5720efde1abc,3,0,1,1,1.0000,0,0,0,False,169,,,no_core_skills|sections_not_merged
e99c9c43-6bb5-55a9-84a5-9ea3f77b014d,2,0,1,1,1.0000,0,0,0,False,53,,,no_core_skills|sections_not_merged
e9beca26-adb8-54b8-8665-a86346fb0cc4,4,0,12,1,1.0000,0,0,0,False,54,,,no_core_skills|sections_not_merged
e9f44b1a-3235-540f-af44-b3da65f19a42,3,0,12,1,1.0000,0,0,0,False,214,,,no_core_skills|sections_not_merged
e9f44f9f-59d6-5e8a-8856-222504ff4344,2,0,5,1,1.0000,0,0,0,False,236,,,no_core_skills|sections_not_merged
ea21f8dc-8cd0-5130-b087-a8620a86cb05,2,0,6,1,1.0000,0,0,0,False,184,,,no_core_skills|sections_not_merged
ea2423ac-9b65-50a6-93c0-28102006020e,2,0,12,1,1.0000,0,0,0,False,183,,,no_core_skills|sections_not_merged
ea3a3360-9f7f-5485-8dac-30b0759d0bd3,2,0,5,1,1.0000,29,0,0,False,158,0,0,sections_not_merged
ea96918e-e5a6-583b-ab46-e95ec314ee09,3,0,1,1,1.0000,0,0,0,False,335,,,no_core_skills|sections_not_merged
ea973548-31da-58d0-a941-c89fd5477590,8,0,3,2,0.6250,25,0,0,True,109,0,0,sections_not_merged
eade6b24-d60b-5930-9052-9d23a1c98946,2,0,10,1,1.0000,0,0,0,False,221,,,no_core_skills|sections_not_merged
eb01e508-8569-5123-a7ec-6a368725db08,15,0,2,2,0.7333,22,0,0,True,136,0,1,sections_not_merged
eb45c91c-3894-50b0-86d8-277882a9369c,7,0,10,1,1.0000,19,0,0,True,102,0,0,sections_not_merged
eb522dfa-b6a0-5910-8fa6-212437919bb8,3,0,1,1,1.0000,27,0,0,False,96,0,0,sections_not_merged
eba2aeb4-2b2a-59cf-b306-6a15c18133fd,2,0,10,1,1.0000,20,0,0,False,64,0,0,sections_not_merged
ec004404-39d6-5ccb-a062-b66a08e06361,2,0,2,1,1.0000,0,0,0,False,161,,,no_core_skills|sections_not_merged
ec0e4b58-df4d-5e1b-bca5-a8b965f37126,2,0,1,1,1.0000,25,0,2,False,189,,0,sections_not_merged
ec136c72-bafe-574e-a911-c0d08e41f0ce,2,0,12,2,0.5000,27,0,0,True,141,0,0,sections_not_merged
ec2357a2-5f65-578a-b0d7-9581bb7f21ff,2,0,1,1,1.0000,0,0,0,False,183,,,no_core_skills|sections_not_merged
ec563eef-a963-50d8-bd8f-b0abbd5d25de,3,0,3,1,1.0000,21,0,0,False,66,,,sections_not_merged
ec9b91d2-12ac-53d0-a700-b5a32d31839b,9,0,1,2,0.8889,27,0,0,False,79,0,0,sections_not_merged
ecbc1a36-e7c3-59eb-883c-9d1c3e5090ff,3,0,3,1,1.0000,21,0,0,False,79,0,0,sections_not_merged
ecd67daa-3a76-5689-82c3-4bee05130a29,2,0,1,1,1.0000,0,0,0,False,178,,,no_core_skills|sections_not_merged
ece803fd-fe44-57e9-80e9-3c741c4b43ee,4,0,1,1,1.0000,0,0,0,False,68,,,no_core_skills|sections_not_merged
ed2735c7-eb57-5504-9a70-e4c94f5ecd0e,2,0,6,2,0.5000,0,0,0,True,133,,,no_core_skills|sections_not_merged
ed5ed328-29ce-569a-adda-b43df91d2a9f,2,0,4,1,1.0000,22,0,0,True,105,0,0,sections_not_merged
ed681a1b-8a55-5984-87bc-b2739c6085db,4,0,0,2,0.7500,32,0,0,False,,0,,
edc6552a-10e6-5ea4-9852-fd4883bc634d,2,0,5,1,1.0000,0,0,0,False,50,,,no_core_skills|sections_not_merged
eddecb3d-9b90-5a68-a925-9c2de828746a,3,0,1,2,0.6667,21,0,0,True,100,0,0,sections_not_merged
edf18c57-d05b-5bf3-8314-39114358a27a,3,0,0,2,0.6667,27,0,0,False,83,0,0,sections_not_merged
edf9118c-53e2-565c-b878-9629520de53c,2,0,4,1,1.0000,24,0,0,False,151,0,0,sections_not_merged
ee0d255d-c4fe-5c13-bd6f-555ec1105195,2,0,1,1,1.0000,0,0,0,False,208,,,no_core_skills|sections_not_merged
ee34407a-d2e7-5459-8f9b-874cd0361003,2,0,12,1,1.0000,0,0,0,False,237,,,no_core_skills|sections_not_merged
ee79b0f3-9746-589b-81b4-0d21d3c5a2e0,2,0,1,1,1.0000,22,0,0,False,78,0,0,sections_not_merged
eeff3d1d-b8b1-5842-840d-740905a70789,2,0,12,1,1.0000,0,0,0,True,136,,,no_core_skills|sections_not_merged
ef08e830-8b00-51d8-aa7a-d0bdcb74cca3,11,0,1,5,0.6364,0,0,0,False,153,,,no_core_skills|sections_not_merged
ef14555a-a2b2-5b0c-9fc6-82a291b3f7e3,6,0,1,2,0.6667,24,0,0,False,93,0,0,sections_not_merged
ef74febb-344d-5fa3-81b4-011ff8f5b9f7,2,0,10,1,1.0000,29,0,0,True,103,0,0,sections_not_merged
f012bc26-a48b-5f84-80a5-1758b19afc35,5,0,5,2,0.6000,23,0,0,False,169,0,0,sections_not_merged
f021fa55-48b6-532b-9817-5f5822641313,2,0,12,1,1.0000,0,0,0,False,60,,,no_core_skills|sections_not_merged
f05b8010-f3f1-57fa-b25e-946183a6f7eb,4,0,1,1,1.0000,24,0,0,False,65,0,0,sections_not_merged
f06f9605-60bd-5c3d-9656-59d3f1946a18,2,0,11,1,1.0000,0,0,0,True,109,,,no_core_skills|sections_not_merged
f0c529e3-1114-5bc9-9b15-19f9f40fa6d9,5,0,4,1,1.0000,0,0,0,False,193,,,no_core_skills|sections_not_merged
f0dd8a5d-ffb6-597a-91c5-98b08a855b16,3,0,1,1,1.0000,0,0,0,False,63,,,no_core_skills|sections_not_merged
f0f962bd-b70f-5378-a0b0-b26364875657,2,0,0,1,1.0000,0,0,0,False,,,,no_core_skills|sections_not_merged
f129c19c-8d84-5056-af83-c70f841e0e6a,2,0,6,1,1.0000,23,0,0,True,143,0,0,sections_not_merged
f13d7699-7851-5edb-96ed-d829295f8162,2,0,12,1,1.0000,0,0,0,False,96,,,no_core_skills|sections_not_merged
f14bf804-c6b7-5b9a-b63f-0a243898e7be,2,0,9,1,1.0000,0,0,0,True,102,,,no_core_skills|sections_not_merged
f1781c88-dd60-5272-8bd0-4250555e8fae,2,0,1,1,1.0000,0,0,0,False,76,,,no_core_skills|sections_not_merged
f19303f4-a925-5bf9-b9e9-cce6e5d8d8ca,2,0,12,1,1.0000,25,0,0,False,82,0,0,sections_not_merged
f1ce6979-e98a-5927-8562-9d9196dc71ba,4,0,5,1,1.0000,29,0,0,True,136,1,0,sections_not_merged
f1f617b7-ccd2-5936-a53d-fc20ee5cfe92,3,0,13,1,1.0000,0,0,0,False,177,,,duties_over_max|no_core_skills|sections_not_merged
f1fbd928-b830-5148-bb31-c54681dccb67,3,0,6,1,1.0000,22,0,0,False,42,0,0,sections_not_merged
f25a66e5-9a50-527f-81f6-e1449dfcea28,2,0,1,1,1.0000,0,0,0,True,110,,,no_core_skills|sections_not_merged
f2894c85-7a2e-5812-9339-21c3a141647d,11,0,3,2,0.5455,21,0,1,True,116,,,sections_not_merged
f28a291d-40f6-5c7c-a549-30d940bd8044,6,0,2,2,0.8333,22,0,0,True,144,0,0,sections_not_merged
f29cb28f-090f-519e-8925-7b53427ed1ee,2,0,12,1,1.0000,0,0,0,False,283,,,no_core_skills|sections_not_merged
f2cb7420-7948-5dfc-99b3-d8ea46000528,12,0,11,2,0.9167,23,0,0,True,134,0,0,sections_not_merged
f2da71e3-b65f-5cbc-99c4-793d35d12297,3,0,1,2,0.6667,29,0,0,False,529,0,0,sections_not_merged
f2fe99f5-fdf4-557c-9ea5-91e197dd0fc4,2,0,3,2,0.5000,27,0,0,True,131,0,2,sections_not_merged
f32bb4f0-aff8-5fa1-9c5e-d9360775e0b4,3,0,1,1,1.0000,25,0,0,False,71,0,0,sections_not_merged
f38b6341-a89d-5a1f-8c31-f14d77485fc8,5,0,8,3,0.4000,18,0,0,True,112,0,1,sections_not_merged
f3a8727a-1f1b-5e16-a167-e4e883175b0f,2,0,5,1,1.0000,0,0,0,True,113,,,no_core_skills|sections_not_merged
f3acb95c-9369-5d82-b8fe-40e4d5812532,2,0,12,1,1.0000,0,0,0,True,112,,,no_core_skills|sections_not_merged
f3de7c9c-bb74-5c32-bb73-c1a65662af42,9,0,3,2,0.7778,27,0,0,False,62,0,0,sections_not_merged
f3ec527b-891e-57ac-82b1-95fd97930db8,5,0,1,2,0.8000,0,0,0,True,100,,,no_core_skills|sections_not_merged
f3fb8621-118e-5dbe-adc7-34e957a27751,2,0,1,1,1.0000,0,0,0,False,93,,,no_core_skills|sections_not_merged
f406a562-d616-5a52-bdb1-5bce5d32c243,2,0,7,1,1.0000,21,0,0,False,55,0,0,sections_not_merged
f429dd2e-9627-569d-bc74-cde80bc8a91a,2,0,1,1,1.0000,0,0,0,True,129,,,no_core_skills|sections_not_merged
f44e85a0-2c61-548a-8c55-964a1ccb13b8,6,0,1,1,1.0000,25,0,0,True,147,0,0,sections_not_merged
f4621d83-02af-5331-a7d2-227a40b5fb5c,7,0,1,1,1.0000,0,0,0,True,137,,,no_core_skills|sections_not_merged
f46dff51-ee70-55bd-84c6-7caf2d0e5956,2,0,5,1,1.0000,22,0,0,False,23,0,0,sections_not_merged
f4885161-ce90-504c-a51d-f18198defad4,3,0,1,1,1.0000,19,0,0,False,77,0,0,sections_not_merged
f4a81538-71c3-581d-b87a-00128bbf362f,7,0,8,1,1.0000,20,0,0,False,95,0,0,sections_not_merged
f5c418ed-b199-5dc1-99d8-aea1957d2a00,2,0,1,1,1.0000,0,0,0,False,60,,,no_core_skills|sections_not_merged
f5c97be1-7f9d-50b0-a078-3297d5c604c7,5,0,1,1,1.0000,0,0,0,False,87,,,no_core_skills|sections_not_merged
f5ff7dce-d808-5148-8637-9875b12c1bfd,2,0,5,1,1.0000,19,0,0,False,97,0,0,sections_not_merged
f6443cf0-31ef-5973-b830-0384b267863c,3,0,1,1,1.0000,0,0,0,False,77,,,no_core_skills|sections_not_merged
f646520c-d7d6-5d39-9a80-5da9ea6c5419,2,0,1,1,1.0000,19,0,0,False,92,0,0,sections_not_merged
f651ee3a-7603-50c1-9558-9ad0f076e9d0,5,0,5,2,0.8000,0,0,0,True,109,,,no_core_skills|sections_not_merged
f65a5458-0c3b-5b93-ada5-9f436c86ca5f,3,0,1,1,1.0000,0,0,0,False,185,,,no_core_skills|sections_not_merged
f6886098-25c8-5416-a93f-4c09ed73b110,4,0,2,2,0.7500,25,0,0,True,128,0,0,sections_not_merged
f68ab50b-bc74-54b5-8c2f-e1425a19a75a,3,0,4,1,1.0000,25,0,0,False,76,,,sections_not_merged
f68adcde-ccd0-5718-a983-e930bf1b403a,4,0,12,1,1.0000,0,0,0,False,75,,,no_core_skills|sections_not_merged
f6c12a6c-06af-5eca-9a15-df3b2752bd15,2,0,7,1,1.0000,0,0,0,False,190,,,no_core_skills|sections_not_merged
f6d1b764-7f2f-5aad-b18e-4aea02bf200e,4,0,10,3,0.5000,23,0,0,False,66,0,0,sections_not_merged
f6e8e514-a114-5d4f-9fcd-9b9b572acdf1,2,0,12,2,0.5000,0,0,0,True,122,,,no_core_skills|sections_not_merged
f70f4676-3654-54fc-8689-a9de4f81ebff,3,0,1,2,0.6667,21,0,0,False,94,0,0,sections_not_merged
f71d36e2-4ad6-5d77-9445-f274c40ff8c0,2,0,12,1,1.0000,0,0,0,False,41,,,no_core_skills|sections_not_merged
f8474840-4421-5842-9f9c-dc9e6d6ef8a6,2,0,7,1,1.0000,22,0,0,True,114,0,2,sections_not_merged
f94d948d-753a-5076-a379-6dac6d237fcd,12,0,2,1,1.0000,0,0,0,True,132,,,no_core_skills|sections_not_merged
f9bb7c7b-cd09-5e6b-8158-02ada2398828,3,0,1,2,0.6667,22,0,0,False,94,0,0,sections_not_merged
fa1a9246-fb9d-5801-8d0b-5346f8f50cfb,4,0,6,2,0.7500,0,0,0,False,79,,,no_core_skills|sections_not_merged
fa2b72a9-7921-53ae-a602-4b793df99c4b,6,0,2,2,0.5000,24,0,0,False,159,,,sections_not_merged
fa516135-fc24-5c79-a5e7-cdcb5459eaf3,3,0,1,2,0.6667,0,0,0,False,56,,,no_core_skills|sections_not_merged
fae5b70d-38c1-5dd5-b098-3f34801a15c9,2,0,12,1,1.0000,0,0,0,False,178,,,no_core_skills|sections_not_merged
fb3efee0-e2c8-5d62-80b4-91efbe2988eb,2,0,2,1,1.0000,22,0,0,True,145,0,3,sections_not_merged
fbb746cb-8e1d-529c-afa3-4aa7207b65c4,2,0,6,1,1.0000,24,0,0,True,132,0,0,sections_not_merged
fbdb49c1-b87d-5523-8a93-51b383957f09,2,0,8,1,1.0000,20,0,0,False,263,0,0,sections_not_merged
fc06d7e5-8264-5046-b8dd-f5cb7088b191,4,0,1,1,1.0000,0,0,0,False,77,,,no_core_skills|sections_not_merged
fc6ccddb-79bf-533f-b3d1-bd4a181d1711,6,0,2,3,0.5000,24,0,0,True,140,0,0,sections_not_merged
fc763ab3-03af-5a05-b560-b285cd415043,3,0,1,1,1.0000,23,0,0,False,161,0,0,sections_not_merged
fc96aaf3-5909-5bf0-a8ce-8c11ad4d20c3,2,0,1,1,1.0000,0,0,0,False,214,,,no_core_skills|sections_not_merged
fca7891d-5b21-5609-a392-e26a8a676079,2,0,1,1,1.0000,0,0,0,False,89,,,no_core_skills|sections_not_merged
fcd278ac-4e5f-5dd8-ad2e-61812ce24cbc,13,0,1,1,1.0000,24,0,0,False,153,0,0,sections_not_merged
fd02766b-e43f-53f1-b385-272c8c47c502,3,0,1,1,1.0000,19,0,0,False,172,0,0,sections_not_merged
fd0b10c5-1134-5601-ab19-ba2bf2c8c73d,2,0,5,1,1.0000,23,0,0,False,65,0,0,sections_not_merged
fd28df0c-2aba-50f2-b8a7-32c1eca569da,5,0,1,1,1.0000,0,0,0,True,146,,,no_core_skills|sections_not_merged
fd43ee07-9d96-5f42-bb09-f664fe7fe447,2,0,12,1,1.0000,21,0,0,True,108,0,0,sections_not_merged
fd47958f-d9f8-56a0-a8c2-0f4d510edd6d,5,0,5,2,0.8000,18,0,0,True,101,0,2,sections_not_merged
fd48b731-c34a-5bab-805b-b502e553d446,13,0,21,4,0.3846,25,0,0,True,111,0,5,duties_over_max|sections_not_merged
fd55d940-6cf8-56dd-bc76-5b6a3329c077,2,0,8,1,1.0000,26,0,0,True,139,0,0,sections_not_merged
fd570c30-f133-58d6-a914-96f900125f1f,3,0,5,1,1.0000,23,0,0,True,130,0,0,sections_not_merged
fd5e109c-12b2-51fd-914c-5361e9409433,25,0,5,2,0.8400,25,0,0,False,43,0,0,sections_not_merged
fd690477-2ede-55ca-8bbc-bb1fd6424aa4,4,0,4,2,0.7500,19,0,0,False,53,,,sections_not_merged
fd6de60a-0386-5c5d-b3f8-6e0f59f2ddab,5,0,3,2,0.6000,23,0,0,False,86,0,0,sections_not_merged
fda52119-dc76-59bd-98e9-dccd3e5431b4,2,0,6,1,1.0000,20,0,0,False,66,,,sections_not_merged
fdb24cd6-12c6-5e31-91a4-f73966b0072c,2,0,1,1,1.0000,20,0,0,True,149,0,0,sections_not_merged
fdc76cac-94be-5277-be1b-3bc1fe699b32,2,0,1,1,1.0000,23,0,0,True,106,0,0,sections_not_merged
fdd3167f-3eab-5aa1-b5b3-198cad1f9262,2,0,4,2,0.5000,22,0,1,False,56,0,0,sections_not_merged
fdd77bfc-f82c-5025-9266-8d37b92c7471,2,0,3,2,0.5000,0,0,0,False,98,,,no_core_skills|sections_not_merged
fe7af0ad-a424-51c3-8098-1b12fea11d62,2,0,10,1,1.0000,26,0,2,True,136,0,0,sections_not_merged
fe9b8464-cc49-58f0-9d7f-2f25d49dac39,3,0,6,1,1.0000,0,0,0,False,237,,,no_core_skills|sections_not_merged
feaa0860-ab10-521a-b352-0c194b800044,2,0,5,2,0.5000,25,0,0,False,55,0,0,sections_not_merged
febf1b59-0fde-5e53-9661-d9db5ffb1997,12,0,21,3,0.8333,28,0,0,True,149,0,0,duties_over_max|sections_not_merged
fee45b66-e8e2-5a5c-b26e-65dc3e9c8085,2,0,1,1,1.0000,23,0,0,True,138,0,0,sections_not_merged
fef16c0c-ea4d-5f66-af96-ea6f0aecea29,2,0,5,1,1.0000,0,0,0,True,148,,,no_core_skills|sections_not_merged
ff07c38c-05fe-538e-b698-4581d845f5b7,2,0,0,1,1.0000,22,0,0,False,173,0,0,
ff15aac1-03f7-5b20-abac-28d74dd74390,3,0,8,1,1.0000,0,0,0,False,87,,,no_core_skills|sections_not_merged
ff3f0b60-8a80-5cf7-9f8e-089de95decbd,5,0,1,1,1.0000,0,0,0,True,111,,,no_core_skills|sections_not_merged
ff792903-407f-5825-bf90-b1eb44b4bf53,2,0,1,1,1.0000,23,0,0,False,256,0,0,sections_not_merged
ff7c3ec7-b5fc-53a0-abf7-0f6391499c0e,2,0,3,1,1.0000,0,0,0,False,153,,,no_core_skills|sections_not_merged
ff88a425-d30b-5be8-b22f-a3b8ea7acac3,9,0,12,1,1.0000,0,0,0,False,175,,,no_core_skills|sections_not_merged
ffa57a0e-9ed8-573f-8790-7147a87f9fee,2,0,3,1,1.0000,0,0,0,True,100,,,no_core_skills|sections_not_merged
ffcde9f9-4cfd-5024-879c-bbcf028c5dd2,2,0,6,1,1.0000,26,0,0,True,104,0,0,sections_not_merged
ffd3c623-775c-5358-bf54-122b69afaa51,2,0,6,1,1.0000,0,0,0,False,99,,,no_core_skills|sections_not_merged
