cluster_id,label,member_count,distinct_titles,departments,cross_department,employee_groups,cross_group,family_band_spread,bands,has_restricted,drift_level_max,drift_major_count,tiers,min_edge_score,constraint_violations,representative_filename,human_verdict
88c49896-80f8-5e7c-af8b-3b4e117d7df4,Untitled Position,132,17,"Apsc Mechatronics Opererations|Arts Central|Biological Sciences|Communication, Art and Technology|Communications &|Communications & Marketing|Computing Science|Criminology|Customer Services|David Lam Centre for International Communication|Dean’s Office, FASS|Economics|Education|FASS History -|FASS at Surrey|Faculty of|Faculty of Applied Sciences|Faculty of Education|Faculty of Education,|Faculty of Environment|Faculty of Health|Faculty of Health Sciences|Gender, Sexuality, and|Graduate Studies and|Hellenic Studies|Humanities Institute|International Services|Language Training Institute|Learning &|Lifelong Learning|Linguistics|Molecular Biology & Biochemistry|Network Operations|Office of Research|Philosophy|Physics|Physics and Biomedical Physiology and Kinesiology|Political Science|Project Management|Recreation & Athletics|SFU International|SFU Surrey|School of Computing|School of Computing Science|School of Criminology|School of Engineering Science|School of Mechatronic Systems Engineering|School of Public|School of Resource &|Student Services|Student Services Student Engagement and Retention|Student Services – Student Retention|Student Success|Teaching & Learning|Teaching and Learning Centre|University Recruitment|Urban Studies|Vice-President,",True,cupe,False,0,0,False,major,75,exact|near_duplicate|role_equivalent,0.7501,oversize,20101119_00107204_Program_Assistant.docx,
98dcd665-38c2-52f0-9f38-28882aef5da3,Untitled Position,108,15,"4D LABS|Athletics|Athletics and Recreation|Biological Sciences|Biomedical Physiology & Kinesiology|Biomedical Physiology and Kinesiology|Budget Office|Business|Chemistry|Computing Science|Continuing Studies|Continuing Studies,|Continuing Studies, HC|Continuing Studies, Lifelong Learning|Continuing Studies, Lifelong Learning (Surrey)|Dean of Science|Dean’s Office – Faculty of Education|Faculty of Education – Dean’s Office|Faculty of Health Sciences – Dean’s Office|Faculty of Science|History|Learning &|Lifelong Learning|Lifelong Learning -|Mathematics|Mechatronic Systems Engineering|Physics|Political Science|Psychology|Recreation & Athletics|Research Accounting|School of|School of Engineering|School of Mechatronic Systems Engineering|School of Mechatronic Systems Engineering (MSE)|Science Office of the Dean|Statistics and|Statistics and Actuarial Science|University Advancement|VPR Administration",True,cupe,False,0,0,False,major,98,exact|near_duplicate|role_equivalent,0.7505,oversize,20080616_00103797_Clerk.docx,
87a48f7f-b18a-5f98-a239-de14b1f7759d,Senior Customer Service Associate,74,6,Bookstore|Bookstore - Surrey|Bookstore - Vancouver|Bookstore @SFU Surrey|Bookstore @Surrey|Bookstore/Spirit Shop|Bookstore/Spirit Shop Surrey|Microcomputer Store|SFU Bookstore/Spirit Shop,True,cupe,False,0,1,False,major,28,exact|near_duplicate|role_equivalent,0.7503,oversize,20100401_00098479_Clerk.docx,
903667a8-ec93-5a56-9004-37a67b666b6c,AV Technician III,52,5,Audio Visual|Faculty of Applied Sciences|IT Services - Client Services Innovations|IT Services – Audio Visual|IT Services – Audio Visual Services|IT Services – CaRS Client Services Innovations|IT Services – Client & Research Services|IT Services – Client Services|IT Services – Vancouver|IT Services-Client Services Innovations|Surrey Info Tech Services|Vancouver Campus IT Services,True,cupe,False,0,2,False,major,20,exact|near_duplicate|role_equivalent,0.7500,oversize,20130628_00030374_Technician.docx,
958d54e7-4fcd-5ac1-8325-36e883cb13bd,Academic Advisor,58,2,"Academic Advising|Academic Advising & Student Success|Academic Advising & Student Success, Student Success Programs|Student Engagement & Retention|Student Engagement and Retention|Student Engagement and Retention, Student|Student Engagement and Retention, Student Success|Student Retention|Student Services|Student Services Academic Advising|Student Services – Student Retention",True,,False,,,False,aligned,0,exact|near_duplicate,0.8510,oversize,20080916_00000743_Academic_Advisor.doc,
22e5db04-0a45-51d4-9518-97c849ee7d6f,Project Manager,57,2,Project Management Office|Project Portfolio Office,True,apsa,False,0,3,False,aligned,0,exact|near_duplicate|role_equivalent,0.8652,oversize,20191220_00127950_JDFN_APSA_20190710.docx,
0c07020c-8bed-5ad1-839c-f2ba99d9ae8e,Network Operator,39,3,Network Service Operations|Network Services|Network Services Operations,True,cupe,False,0,2,False,major,10,exact|near_duplicate|role_equivalent,0.7579,,20100204_00001251_Network_Operator.docx,
b8d6e6f5-8125-5dcb-ad9b-cc0f7ace3021,Untitled Position,38,7,"Biological Sciences|Communication, Art and Technology|Communications &|Dean of Science Office|Dean’s Office, Faculty of Education|FACULTY OF APPLIED|Faculty of|Faculty of Applied|Faculty of Applied Sciences|Faculty of Communication, Art & Technology, Office of the Dean|Faculty of Environment|Faculty of Health|Library Administration|Linguistics|Philosophy|Physics|School of Computing|Student Engagement and Retention|TLC Administration",True,cupe,False,0,0,False,major,1,exact|near_duplicate|role_equivalent,0.7521,,20140725_00115601_Secretary.docx,
fc998049-2fc5-5786-b44e-e6a861264184,Course Production Technician,36,3,"Beedie School of Business|Centre for Educational Excellence|Centre for Online and Distance Education ( Lifelong Learning)|Centre for Online and Distance Education (Lifelong Learning)|Continuing Studies ( Lifelong Learning)|Continuing Studies, Online Development",True,cupe,False,,,False,major,4,exact|near_duplicate|role_equivalent,0.7757,,20140902_00001451_Technician.docx,
34a7b4f5-ffb7-5bc0-8870-29feb8c2298c,Business Analyst I,26,1,"Faculty Information Technical Solutions|IT Services, Application Services|IT Services, Enterprise Systems|IT Services, Learning and Collaboration|IT Services, Service Desk|IT Services, Windows Applications|Servers and Storage|University Advancement",True,apsa,False,,,False,major,12,exact|near_duplicate|role_equivalent,0.7803,,20200928_00124960_JDFN_APSA_20190816.docx,
6027c819-6590-5057-ab58-3955c8a44945,Untitled Position,26,6,Graduate Studies|Graduate and Postdoctoral Studies,True,cupe,False,0,0,False,major,6,exact|near_duplicate|role_equivalent,0.7536,,20160824_00001106_Clerk.docx,
d8ba5010-f831-5a80-8262-59df68b3022f,Senior Application Developer,24,2,"IT Services – Application Services|IT Services, Application Services",True,apsa,False,,,False,major,11,exact|near_duplicate|role_equivalent,0.7876,,"20210210_00101518,_00110971,_00118379_JDFN_APSA_20190827.docx",
2872011b-629d-5dae-8236-0031b9a96696,Academic Affairs Advisor,21,7,"Faculty of Applied Sciences, Office of the Dean|Faculty of Arts & Social Sciences, Office of the Dean|Faculty of Health Sciences",True,apsa,False,1,3|4,False,major,14,exact|near_duplicate|role_equivalent,0.7511,,20210107_00134111_00121433_JDFN_APSA_20230317.docx,
7418bba9-e3a0-52f2-9e62-1a7df05d492f,"Program Assistant, CMC Undergrad",19,9,"Beedie School of Business|Business Career Management Centre|Business Career Management Centre (CMC)|Career Management|Career Management Centre SFU Beedie School of Business, Burnaby Campus|Career Management Centre SFU Business, Burnaby|Career Management Centre SFU Business, Segal|Career Management Centre, Beedie School of Business|Career Management Centre, Beedie School of Business @Segal Campus|Career Management Centre, Beedie School of Business – Vancouver Campus",True,cupe,False,0,0,False,major,2,exact|near_duplicate|role_equivalent,0.7912,,20101013_00100066_Program_Assistant.docx,
4f031480-3d3d-563b-a4bb-369798c6124d,Web Services Developer,18,4,Beedie School of Business|Faculty of Education|IT Client Services,True,apsa,False,,,False,major,1,near_duplicate|role_equivalent,0.7799,,20210210_00121900_JDFN_APSA_20190808.docx,
4b5ba74c-65b3-5e7c-9672-f5826313d495,Untitled Position,16,4,Financial Services|Payment Services,True,cupe,False,,,False,major,12,exact|near_duplicate|role_equivalent,0.7508,,20121211_00001192_Clerk.docx,
606fc0ef-d332-5b83-a660-86985b5159a1,"Specialist, Materials Characterization",14,8,4D LABS|Faculty of Applied Sciences,True,cupe,False,,,False,major,3,near_duplicate|role_equivalent,0.7767,,20171127_00122578_Technician.docx,
4e67f329-bc8b-5299-9038-c267da3bfcac,Untitled Position,13,2,Biomedical Physiology and Kinesiology|School of Computing|School of Engineering,True,cupe,False,,,False,major,6,near_duplicate|role_equivalent,0.7747,,20141215_00000596_Secretary.docx,
62d0bf4c-fc15-5528-ab11-8568952be0d7,Untitled Position,12,1,English|FASS First Nations|Faculty of Health,True,cupe,False,,,False,major,2,exact|near_duplicate|role_equivalent,0.7512,,20060201_00000292_Secretary.doc,
328149a2-0683-5eb3-8978-b18b30bb243a,Untitled Position,11,2,ENSC – Mechatronics|FAS Office of the Dean|Mechatronic System|Mechatronic System Engineering|School of Mechatronic,True,cupe,False,,,False,major,8,exact|near_duplicate|role_equivalent,0.7525,,20220120_00105987_JDFN_CUPE_20220708.docx,
fe2d5757-3ea7-5b81-a47e-d837b1059370,Untitled Position,11,3,Financial Reporting|Treasury,True,cupe,False,0,0,False,major,1,exact|near_duplicate|role_equivalent,0.7602,,20160104_00118494_Clerk.docx,
cd6c3af8-f54f-5cd3-9842-7ff2e9811b03,Untitled Position,10,2,Academic Advising and|Continuing Studies|Lifelong Learning|Lifelong Learning - Leadership and Community Building|Student Services -|Student Services Student,True,cupe,False,0,0,False,major,5,near_duplicate|role_equivalent,0.7519,,20170626_00000775_Program_Assistant.docx,
306c8281-3a7b-5b32-88ec-3c6a24225f7a,Untitled Position,9,2,"Faculty of Education|Office of the Associate Dean, Faculty of Education|School of Resource and",True,cupe,False,,,False,major,4,near_duplicate|role_equivalent,0.7600,,20141222_00102106_Secretary.docx,
9ea0b2fa-883d-5b8e-8525-b34c3e493055,"Advisor/Recruiter, Undergraduate Programs",9,3,Education Undergraduate Programs|Faculty of Education,True,apsa,False,,,False,major,3,near_duplicate|role_equivalent,0.7551,,20210501_00099469_JDFN_APSA_20210921.docx,
3290c686-d3fd-5276-89bd-168367cca63d,Laboratory Technician,8,4,Biomedical Physiology|Biomedical Physiology & Kinesiology|School of Engineering Science,True,cupe,False,,,False,major,2,near_duplicate|role_equivalent,0.7500,,20110530_00000849_Technician.docx,
c5caa8fd-ba37-5068-b764-f46bd6fc777d,"Senior Advisor, Institutional Strategic Awards",8,3,"Institutional Strategic Awards Office, VPR|Institutional Strategic Awards, VPR",True,apsa,False,0,3,False,major,1,exact|near_duplicate|role_equivalent,0.8883,,20211101_00123776_JDFN_APSA_20211028.docx,
1771dab6-6e77-5311-9bba-1a8c696d453f,"Director, Risk Management",7,2,Enterprise Risk & Resilience|Safety and Risk Services,True,apsa,False,1,3|4,False,major,3,near_duplicate|role_equivalent,0.8632,,20230623_00105513_JDFN_APSA_20230623.docx,
37070fc6-db24-565b-b0fa-fff1a14d7004,Untitled Position,7,2,"Planning Support, Facilities Services|Project Services,",True,cupe,False,,,False,major,2,exact|near_duplicate|role_equivalent,0.7666,,20110518_00101715_Building_Tech.docx,
48175dd8-41b3-5b24-8d07-b1917beb966c,Advancement Records Assistant,7,2,Alumni Relations|University Advancement,True,cupe,False,0,0,False,major,2,near_duplicate|role_equivalent,0.7715,,20091007_00001656_Clerk.docx,
5422ce11-55f4-58db-a840-a7b62a3664a8,Systems Support Technician,7,2,Facilities Services|Facilities Strategic Support|Faculty of Arts & Social Sciences,True,cupe,False,,,False,major,2,near_duplicate|role_equivalent,0.7603,,20160627_00077030_Technician.docx,
96d17e3c-5451-5479-9e14-9322cf3e4390,Senior Visual Communication Designer,7,3,Beedie School of Business|Office of the CIO,True,apsa,False,0,1,False,major,4,near_duplicate|role_equivalent,0.7872,,20210422_00130455_JDFN_APSA_20210413.docx,
bffc06cb-7341-53e4-b7d7-32c28809e86b,Information Technology Professional IV,7,2,"Identity, Security, and Compliance|Learning and Community Systems",True,apsa,False,,,False,major,3,near_duplicate|role_equivalent,0.7939,,20221117_00030516_JDFN_APSA_20221117.docx,
ede0133e-0b3c-535d-a5cb-a1cc5d3cf2df,"Coordinator, Course Materials",7,3,Bookstore|Bookstore/Spirit Shop,True,cupe,False,,,False,major,3,near_duplicate|role_equivalent,0.7570,,20101008_00064238_Clerk.docx,
a41df85e-26b6-5bc5-993d-5a9d5af86eb3,Photographer,6,2,Creative Services|Creative Studio|External Relations Communications & Marketing,True,cupe,False,0,2,False,major,3,near_duplicate|role_equivalent,0.8768,,20141127_00000974_Technician.docx,
2f892e07-ac8e-5d33-9ce4-503c55066116,Secretary to the Associate Deans,5,2,"Dean’s Office, FASS|Faculty of Arts and Social Sciences, Office of the Dean",True,cupe,False,,,False,major,1,near_duplicate|role_equivalent,0.8246,,20140721_00006677_Secretary.docx,
6cbcf930-5d6d-5fd2-85b4-0275b38ab64c,Campaign Assistant,3,1,Advancement & Alumni Engagement|University Advancement,True,cupe,False,0,0,False,major,2,role_equivalent,0.8756,,20190826_00126694_Campaign_Assistant.docx,
b62a0fb0-cfe4-537c-840c-3b89edf1cfb8,Untitled Position,3,2,Facilities Central Services|Science Stores,True,cupe,False,,,False,major,1,role_equivalent,0.7526,,20191018_00127482_JDFN_CUPE_20191216.docx,
b71bc1bb-cfee-5e44-81e8-58c285eb2bd1,Laboratory Animal Assistant,2,1,Animal Care|Animal Care Services,True,cupe,False,0,0,False,major,1,role_equivalent,0.9328,,20151009_00097253_Technician.docx,
d61f92d9-c053-5292-a656-a6ea9fff9d55,Untitled Position,47,5,Career & Volunteer Services|Career Services/Work Integrated Learning|Co-operative Education|Cooperative Education|Work Integrated|Work Integrated Learning,True,cupe,False,0,0,False,minor,0,exact|near_duplicate|role_equivalent,0.7600,,20110430_00031938_Clerk.docx,
ad972617-4b27-56bd-80a0-2ccf7d4e1fb5,Videography Production Technician,40,4,Beedie School of Business|Creative Services|Creative Studio|Learning &|Learning & Instructional Development Centre|Teaching and Learning Centre,True,cupe,False,,,False,minor,0,exact|near_duplicate|role_equivalent,0.7500,,20100823_00000970_Technician.docx,
66099c3e-be77-5f97-aee6-a7bb3c51b2df,Service Clerk,33,2,Facilities Services Surrey|SFU Campus - Operations|SFU Vancouver Campus -,True,cupe,False,,,False,minor,0,exact|near_duplicate|role_equivalent,0.7873,,20120413_00031475_Clerk.docx,
6d6b44e8-4387-5425-b544-203fdd9de805,Untitled Position,30,2,Health &|Health & Counseling Services|Health & Counselling|Health & Counselling Services|Health & Counselling Services @SFU Burnaby|Health & Services|Health and Counselling Services,True,cupe,False,0,0,False,minor,0,exact|near_duplicate|role_equivalent,0.8131,,20111027_00000342_Med_Office_Asst.docx,
a12a3354-ff6b-5aeb-b2d6-e2f8943e8004,Service Desk Agent,29,2,"Audio Visual|Desktop Services|Faculty of Arts and Social Sciences|Information Technology Services, SFU Surrey Campus|Service Deck|Service Desk|Surrey Campus IT Services|Vancouver Campus IT Services",True,cupe,False,,,False,minor,0,exact|near_duplicate|role_equivalent,0.7949,,20161123_00120204_Technician.docx,
945b7206-314c-57ef-8208-0f306db95096,Untitled Position,26,3,Beedie School of|Business|Business Graduate Program – Beedie School of Business|HC,True,cupe,False,1,0|1,False,minor,0,exact|near_duplicate|role_equivalent,0.7658,,20220805_00064889_00102216_00128805_JDFN_CUPE_20220516_(1).docx,
1d950d62-5ee0-51dd-9b5b-b98b413d4127,"Director, Administration and Strategic Planning",22,3,"Education, Office of the Dean|Graduate and Postdoctoral Studies|various",True,apsa,False,0,4,False,minor,0,exact|near_duplicate|role_equivalent,0.7710,,20240115_JDFN_APSA_20240115.docx,
6b804f78-a2ec-54c4-8dc7-34293cadfebc,Strategic Partnerships Manager,21,3,SFU’s Big Data Initiative|VP Research/SFU’s Big Data Initiative,True,apsa,False,0,3,False,minor,0,exact|near_duplicate|role_equivalent,0.7956,,20250711_00133753^_JDFN_APSA_20250711.docx,
96cd0732-890c-59be-a178-42f0a8493b55,Event Planner,21,2,"Meeting, Event &|Meeting, Event & Conference Services (MECS)|Meeting, Event and",True,cupe,False,,,False,minor,0,exact|near_duplicate|role_equivalent,0.7555,,20130923_00000564_Clerk.docx,
e750e061-961a-5bc3-ae6f-2077c9470deb,Program Assistant,21,4,Department of Sociology & Anthropology and Labour Studies Program|Department of Sociology & Anthropology and the Labour Studies Program|Faculty of Education|Sociology & Anthropology|Sociology and Anthropology,True,cupe,False,0,0,False,minor,0,exact|near_duplicate|role_equivalent,0.7537,,20110113_00064655_Program_Assistant.docx,
1e7e2d3e-a7ff-59ae-82a7-f4ae1501025c,Theatre Production Technician,20,3,"Goldcorp Centre for the Arts|Performance Venues –|Performance Venues – Woodward’s|Performance Venues – Woodward’s,|Woodwards Cultural Admin|Woodwards Cultural Unit Pgms",True,cupe,False,,,False,minor,0,exact|near_duplicate|role_equivalent,0.7732,,20091202_00106863_Technician.docx,
6eae8d4c-c9df-5615-b28a-fb10bd729b5b,"Program Assistant, Career and Professional Programs",20,3,"Community Education Programs, Lifelong Learning|Continuing Studies (CS), Lifelong Learning|Continuing Studies – Career & Professional Programs|Continuing Studies, Lifelong Learning (Surrey)|Leadership and Community Building Programs, Lifelong Learning|Lifelong Learning|Lifelong Learning - Leadership and Community Building|Lifelong Learning - Management Professional Program|Lifelong Learning – Leadership & Community Building",True,cupe,False,0,0,False,minor,0,exact|near_duplicate|role_equivalent,0.7719,,20150622_00110038_Program_Assistant.docx,
33fdbad0-6f89-5617-ad89-70a22684881b,Interlibrary Loans Assistant,18,2,Library – Interlibrary Loans|Library – Interlibrary Loans and Media,True,cupe,False,0,0,False,minor,0,exact|near_duplicate|role_equivalent,0.7911,,20151005_00000589_Library_Assistant.docx,
18633857-762d-541f-911f-db35130951dd,"Senior Developer, PeopleSoft",17,2,Enterprise Systems|IT Services – Application Services,True,apsa,False,,,False,minor,0,exact|near_duplicate|role_equivalent,0.7888,,20190827_00000694^00138457_JDFN_APSA_20260515.docx,
8abee58d-30cc-54b8-b29d-1d7cb105a6d1,Library Assistant,17,1,Belzberg Library|Library,True,cupe,False,0,0,False,minor,0,exact|near_duplicate|role_equivalent,0.7530,,20170223_00001388_Library_Assistant.docx,
a0f6acdc-e3ae-561c-ad4c-3b4030f91f38,Untitled Position,16,2,"Meeting, Event &|Meeting, Event & Conference Services (MECS)|Meeting, Event & Conference Services, (MECS)",True,cupe,False,0,0,False,minor,0,exact|near_duplicate|role_equivalent,0.7961,,20151223_00118364_Clerk.docx,
05a57ad3-911e-5920-8f08-ba6715deb64c,Untitled Position,15,4,Centre for Dialogue|Communications & Marketing|Creative Services|Creative Studio|The Design Group,True,cupe,False,,,False,minor,0,exact|near_duplicate|role_equivalent,0.7598,,20141127_00116245_Technician.docx,
7907019e-fd45-5302-ae81-3c338fccea14,Research Facilitator,14,1,Beedie Administration|FCAT Office of the Dean|Office of the|Various,True,apsa,False,,,False,minor,0,exact|near_duplicate|role_equivalent,0.8264,,20210903_00124727_JDFN_APSA_20210929.docx,
8ef2aea9-7208-5e83-8237-48481fc8ea8a,Program Assistant,14,2,"SFU International|SFU International (SFUi), External Relations|Student Development, Student Success|Student Engagement and Retention - Student Services|Student Retention - Student Services",True,cupe,False,0,0,False,minor,0,exact|near_duplicate|role_equivalent,0.7662,,20110325_00109390_Program_Assistant.docx,
a2318558-b581-5167-817c-1fcea5cdec6f,Untitled Position,14,1,Faculty of Business|INTERNATIONAL SERVICES|SFU INTERNATIONAL,True,cupe,False,,,False,minor,0,exact|near_duplicate|role_equivalent,0.7623,,20050927_00098919Program_assistant.doc,
c4d0d0c2-038c-5cae-9b3b-641524421bd0,Data Coordinator,14,2,Ceremonies & Events|Ceremonies and Events,True,cupe,False,,,False,minor,0,exact|near_duplicate|role_equivalent,0.7577,,20121218_00001096_Clerk_Typist.docx,
20eb5627-7e75-53a0-bb2f-30596f7d0309,Information Technology Professional I,13,1,Applications and Technology|Project Portfolio Office|Windows Applications,True,apsa,False,,,False,minor,0,near_duplicate|role_equivalent,0.7620,,20141021_00116122_ITP_II.docx,
3d239976-9d84-5cc7-b6a9-b9675e9c1bd7,Untitled Position,12,3,Accounting Services|Accounting Services (Payroll)|Payroll,True,cupe,False,0,2,False,minor,0,exact|near_duplicate|role_equivalent,0.7652,,20110405_00109404_Clerk.docx,
4ab282ff-9978-55ac-b054-3a27e5624f5f,Administrative Clerk,12,2,Beedie School of Business: Career Management Centre|CIO Office|IT Services Client and Research Services (CaRS)|ITS Administration,True,cupe,False,,,False,minor,0,exact|near_duplicate|role_equivalent,0.7507,,20110515_00000522_Clerk.docx,
6000355c-4c66-5047-aaf7-90d6edb7d54c,Reserves/Fines Processor,12,2,Access Services|Library Access|Library Loans,True,cupe,False,,,False,minor,0,exact|near_duplicate|role_equivalent,0.7992,,20160414_00119014_Library_Assistant.docx,
6bf7abd9-867f-51af-a244-4ea7ffbbde61,Untitled Position,12,2,Education|Faculty of Education,True,cupe,False,0,0,False,minor,0,exact|near_duplicate|role_equivalent,0.7514,,20101215_00108801_Secretary.docx,
ba797507-684a-554d-b16d-6308d20025da,Big Data Developer,12,2,"KEY, SFU’s Big Data Initiative|Library",True,apsa,False,,,False,minor,0,exact|near_duplicate|role_equivalent,0.7630,,20201028_00124114_JDFN_APSA_20200401.docx,
d04bd8a1-aada-57bb-86ea-54fc4cf7b5c4,Audio Visual Technician,12,4,Beedie School of Business|Educational Central – Instructional Support|IT Client Services,True,cupe,False,,,False,minor,0,exact|near_duplicate|role_equivalent,0.7516,,20140704_00115576_Technician.docx,
38ba2ec7-0aca-5c2b-aeaa-0fca514a734f,Program Assistant,11,2,University Advancement|University Development,True,cupe,False,0,0,False,minor,0,exact|near_duplicate|role_equivalent,0.7770,,20110923_00000566_Program_Assistant.docx,
f0f7f9de-5b6b-5199-9310-788e288cbc9e,Electronics Technologist,11,2,"Science Technical|Science Technical Centre|Science Technical Centre, Electronics Shop",True,cupe,False,,,False,minor,0,exact|near_duplicate|role_equivalent,0.7599,,20160219_00000228_Technician.docx,
6f2a2971-fdaa-539c-9346-bf87407ec9e1,Financial Service Assistant,10,3,Beedie School of Business|Dean’s Office – Faculty of Education,True,cupe,False,0,0,False,minor,0,exact|near_duplicate|role_equivalent,0.7518,,20170125_00120805_Clerk.docx,
ccaced71-6fad-524e-8211-23992e5a38ab,Untitled Position,10,1,Bookstore|Microcomputer Store,True,cupe,False,,,False,minor,0,exact|near_duplicate|role_equivalent,0.7994,,20070702_00001027_Clerk.doc,
d4e8bc6f-4611-508c-8922-2f861f5ef4c4,"Coordinator, Academic Affairs",10,3,"Beedie School of Business, Dean’s Office|Faculty of Science, Office of the Dean",True,apsa,False,,,False,minor,0,near_duplicate|role_equivalent,0.7704,,20230307_00125866_JDFN_APSA_20230516.docx,
46149aeb-5100-5d70-a482-8ab03620dd59,Untitled Position,9,2,"Centre for English|Centre for English Language Learning, Teaching and Research (CELLTR)|Education Dean’s|Education Strategic",True,cupe,False,0,0,False,minor,0,exact|near_duplicate|role_equivalent,0.8515,,20150120_00115438_Program_Assistant.docx,
b6b5a208-a9a7-5711-9179-c3b1b531573f,Untitled Position,9,2,Chemistry|Image Tech,True,cupe,False,,,False,minor,0,near_duplicate|role_equivalent,0.8520,,20130212_00006248_Technician.docx,
e2e7d85c-e4a4-5231-8107-a4d77ec016fb,Undergraduate Advisor/Recruiter,9,3,Arts Central|English|Faculty of Arts and Social Sciences,True,apsa,False,0,1,False,minor,0,near_duplicate|role_equivalent,0.8164,,20210709_00130871_JDFN_APSA_20210531.docx,
02522181-4053-5010-8f89-9a4a4eb36d0d,Program Assistant,8,2,"Education|Faculty of Education|Faculty of Education, Preservice Professional Studies|Graduate Programs, Faculty of Education",True,cupe,False,0,0,False,minor,0,near_duplicate|role_equivalent,0.7526,,20230724_00001831_00064655_JDFN_CUPE_20230726.docx,
0cd5db26-29ed-5f04-920c-8997d3d54a4e,Untitled Position,8,5,"IS Phones (11-8286)|IT Service Desk|Network Services|Operations & Technical|Phones Operations,|Service Desk|Telephone Services",True,cupe,False,,,False,minor,0,near_duplicate|role_equivalent,0.7674,,20140325_00115039_Clerk.docx,
1ef2bd20-e244-5803-bef9-73d181d1da81,"Director, Equity, Diversity & Inclusion (Faculty)",8,4,Faculty Relations|Human Resources,True,apex,False,0,4,False,minor,0,near_duplicate|role_equivalent,0.7997,,20170905_00122227_JDFN_APEX_20170905.docx,
2b04888e-5c63-531f-a305-116d91968770,Untitled Position,8,2,Registrar &|Registrar & Information Services -,True,cupe,False,0,0,False,minor,0,exact|near_duplicate|role_equivalent,0.9090,,20170706_00031070_Clerk.docx,
9343fb5b-dd2a-5faf-b068-c65c4c822d21,Untitled Position,8,2,Beedie School of|Beedie School of Business,True,cupe,False,,,False,minor,0,near_duplicate|role_equivalent,0.7970,,20190903_00102307_JDFN_CUPE_20191030.docx,
d83ce4fc-009d-56a7-bd41-34c89fd2b79b,Student Services Facilitator,8,2,"Centre for Online & Distance Education (Lifelong Learning)|Centre for Online and|Division of Learning & Teaching Technology, Centre for Educational Excellence",True,cupe,False,,,False,minor,0,exact|role_equivalent,0.7831,,20140903_00006568_Clerk.docx,
48a32f28-da73-5838-8adc-738b1bf0661e,Program Assistant,7,5,Faculty of Health Sciences|Faculty of Health Sciences (FHS),True,cupe,False,0,0,False,minor,0,role_equivalent,0.8402,,20130425_00099302_Secretary.docx,
49fb6961-285c-5f1a-b151-e5f5bd9c0afa,Untitled Position,7,2,Faculty of Business|Faculty of Business Administration,True,cupe,False,,,False,minor,0,near_duplicate|role_equivalent,0.8283,,20140522_00000461_Secretary.docx,
72db96c7-8b22-50f7-9920-f63ccf80e6c4,LMS & Open Source Programming Specialist,7,1,Centre for Educational Excellence|Centre for Online & Distance Education|Learning & Teaching Technology,True,cupe,False,,,False,minor,0,near_duplicate|role_equivalent,0.7576,,20140908_00113678_Programmer_Analyst.docx,
9c87656d-7ed0-58a3-aa39-2c5a8c4e26e3,Appointments Secretary,7,4,"Beedie Administration|Beedie School of Business|Beedie School of Business, Dean’s Office|Faculty of Science, Office of the Dean",True,cupe,False,,,False,minor,0,near_duplicate|role_equivalent,0.8129,,20121003_00030662_Secretary.docx,
c4032bcf-a0fd-5e5b-b3a8-dec5f667e165,Untitled Position,7,3,Campus Security|Operations Support,True,cupe,False,,,False,minor,0,near_duplicate|role_equivalent,0.7502,,20080716_00103698_Secretary.docx,
d77bc0f0-2615-58df-b8f1-778bdd3381df,Untitled Position,7,1,"FASS English Bridge|Linguistics|Linguistics, IELTS",True,cupe,False,,,False,minor,0,exact|near_duplicate|role_equivalent,0.7794,,20080908_00001556_Clerk_Typist.doc,
e48f5293-c67d-5988-ae64-78c36701cde2,Program Assistant,7,2,SFU Woodward’s Cultural Programs – SFU’s Vancity Office of Community Engagement|SFU’s Vancity Office of Community Engagement|VPR Administration|Woodward’s Community Engagement,True,cupe,False,0,0,False,minor,0,near_duplicate|role_equivalent,0.7835,,20141222_00116367_Secretary.docx,
ef01e023-5744-5125-b4e3-0e6a89d6854b,Cataloguing Assistant,7,3,"Library Processing|Library Resource, Acquisitions, Management & Metadata (RAMM)",True,cupe,False,0,0,False,minor,0,exact|near_duplicate|role_equivalent,0.7561,,20140528_00000833_Library_Assistant.docx,
1a362a64-5d2b-5879-9f41-8c2414e63c98,Group Leader,6,2,Library Access Services|Library Loans,True,cupe,False,,,False,minor,0,exact|near_duplicate|role_equivalent,0.7878,,20161216_00006847_Library_Assistant.docx,
2aaea981-f31e-5c5e-a1f9-ea24a913b278,Untitled Position,6,2,Continuing Studies|Lifelong Learning,True,cupe,False,,,False,minor,0,near_duplicate|role_equivalent,0.8215,,20070207_00097848Secretary.doc,
5e249868-491f-5b60-8881-676a9aab7785,"Manager, Academic and Administrative Services",6,1,Faculty of Applied Sciences|Faculty of Environment – School of Environmental Science|School of Communication,True,apsa,False,0,3,False,minor,0,near_duplicate|role_equivalent,0.7926,,20170927_00000535_Mgr_Academic_and_Admin_Srvs.docx,
6137f166-6a8f-514b-a7f7-196685bd64d6,Graduate Program Assistant,6,1,Biological Sciences|Molecular Biology and Biochemistry|School of Environmental Science,True,cupe,False,0,0,False,minor,0,near_duplicate|role_equivalent,0.7872,,20191001_00000067_JDFN_CUPE_20191031_(1).docx,
829b7fab-ac35-5152-a03f-67c0a8c03e3a,Untitled Position,6,2,"Centre for Online & Distance Education, Lifelong Learning|Learning & Teaching Technology",True,cupe,False,,,False,minor,0,near_duplicate|role_equivalent,0.7890,,20140902_00000276_Technician.docx,
aa0ae61e-6fb1-5687-be04-6c9a30819bbc,Secretary,6,3,Financial Reporting|Mathematics|Project Management Office|Project Portfolio Office,True,cupe,False,,,False,minor,0,near_duplicate|role_equivalent,0.7910,,20101130_00000185_Secretary.docx,
cbfb6cd0-f7f8-5b1e-aea9-9c78e793b58f,Technician,6,2,Faculty of Health|Molecular Biology and|Molecular Biology and Biochemistry,True,cupe,False,,,False,minor,0,near_duplicate|role_equivalent,0.7752,,20120928_00080013_Technician.docx,
fc6ccddb-79bf-533f-b3d1-bd4a181d1711,"Associate Director, RADIUS Labs",6,2,"Beedie School of Business|RADIUS, Beedie School of Business",True,apsa,False,0,3,False,minor,0,near_duplicate|role_equivalent,0.7823,,20180322_00123368_Assoc_Dir_RADIUS_Labs.docx,
3888fb1d-a496-5b09-9b19-a73267671ed3,Switchboard Operator,5,2,IT Service Desk (11-8246)|Network Services|Service Desk,True,cupe,False,,,False,minor,0,exact|near_duplicate|role_equivalent,0.8227,,20180830_00124447_Switchboard_Operator.docx,
71c30ad5-94f1-5071-8767-59c6d7cb100b,Untitled Position,5,2,Office of Research|Office of Research Ethics (ORE) and University Industry Liaison Office (UILO),True,cupe,False,0,0,False,minor,0,near_duplicate|role_equivalent,0.7945,,20101020_00099623_Clerk_Typist.docx,
c6930822-358e-5447-82fc-885bc06e694b,"Administrative Assistant, Dean’s Office",5,3,Beedie Burnaby Administration|Beedie School of Business|Faculty of Environment,True,cupe,False,0,0,False,minor,0,role_equivalent,0.7581,,20170509_00006656_Secretary.docx,
fe910123-4975-5072-8259-c9205aca5e3a,Clerical Assistant,5,1,"Beedie School of Business, CMC|Beedie School of Business, External Relations|External Relations, Beedie School of Business|Work Integrated Learning|Work Integrated Learning Central Operations",True,cupe,False,0,0,False,minor,0,near_duplicate|role_equivalent,0.7845,,20160203_00118604_Clerk_Typist.docx,
0980d620-d6b1-50f1-8c99-9dcc0806b77c,Untitled Position,4,2,Office for Aboriginal|Office for Aboriginal Peoples|Office for First,True,cupe,False,,,False,minor,0,near_duplicate|role_equivalent,0.8401,,20140507_00106664_Secretary.docx,
143ab861-856e-5f06-8802-48a7d8fc1603,Untitled Position,4,1,"SFU Art Gallery|SFU Art Gallery,",True,cupe,False,,,False,minor,0,role_equivalent,0.7870,,20090929_00106474_Clerk.doc,
2126c34e-148a-5695-be79-85bc3a9914cf,Program Assistant,4,1,Education – Graduate Programs|Faculty of Education,True,cupe,False,0,0,False,minor,0,exact|role_equivalent,0.7602,,20150427_00000569_Secretary.docx,
33c492b0-c380-52e4-a3bc-05d13846784c,Untitled Position,4,1,Humanities|Language Training|Linguistics|TechOne,True,cupe,False,,,False,minor,0,near_duplicate|role_equivalent,0.7862,,20061220_00097403_Secretary.doc,
4c035135-d861-5ff1-a6f1-1217d42f3c0a,Program Assistant,4,1,Lifelong Learning|Lifelong Learning - Liberal Arts and 55 Plus,True,cupe,False,0,0,False,minor,0,near_duplicate|role_equivalent,0.7967,,20121107_00000715_Program_Assistant.docx,
52cad525-efcd-5410-be30-7e95fe42d1cc,"Associate Director, Budget Planning",4,2,Budget Office|Finance,True,apsa,False,0,3,False,minor,0,near_duplicate|role_equivalent,0.7775,,20190725_00124944_Associate_Director_Budget_Planning.docx,
8954c0bb-f937-5af1-8a71-d6b58ae5cd28,Program Assistant,4,1,School of Computing Science|The School of Computing Science,True,cupe,False,0,0,False,minor,0,role_equivalent,0.7822,,20150928_00001736_Secretary.docx,
c27ed6a9-4b9d-5f27-99af-71b04edcdfe0,Untitled Position,4,2,Beedie School of Business|Business,True,cupe,False,,,False,minor,0,near_duplicate|role_equivalent,0.8285,,20120504_00006656_Secretary.docx,
d59fcbfa-be29-5895-a142-9ba963b828e7,Untitled Position,4,1,"Library Processing|Library Resource,",True,cupe,False,,,False,minor,0,near_duplicate|role_equivalent,0.7817,,20120926_00111920_Library_Assistant.doc,
e229016a-dab2-54d9-8119-73f558a30138,Untitled Position,4,1,"English|Vice-President,",True,cupe,False,,,False,minor,0,role_equivalent,0.7904,,20111025_00100165_Secretary.doc,
e9781238-13ef-5ae4-8ef6-aa6ee92bf7c8,Untitled Position,4,1,Faculty of Applied|School of Engineering,True,cupe,False,,,False,minor,0,near_duplicate|role_equivalent,0.8283,,20220825_00030606_JDFN_CUPE_20220712_(1).doc,
fbbd807b-6a22-5a17-86ed-d0c25caff634,Untitled Position,4,1,Applied Science|Computing Science|Mechatronic Systems|School of Computing,True,cupe,False,,,False,minor,0,near_duplicate|role_equivalent,0.7748,,20090512_00102466_Secretary.doc,
5091d9fb-e96f-55d2-a792-2a9f37ba3ffb,Secretary to Dean,3,3,Graduate Studies|Graduate and Postdoctoral Studies|Office of Graduate Studies and Postdoctoral Fellows,True,cupe,False,,,False,minor,0,near_duplicate|role_equivalent,0.7972,,20130930_00001617_Secretary.docx,
914b86eb-d8d6-559a-9710-144605236e8c,Physical Infrastructure Coordinator,3,1,Infrastructure Services|Network Operations,True,apsa,False,,,False,minor,0,near_duplicate|role_equivalent,0.8528,,20180309_00103075_Physical_Infrastructure_Coordinator.docx,
989e342c-0bfe-5224-8d7e-5f8a3dae082b,Secretary,3,2,SFU Surrey|SFU Surrey Administration|SFU Surrey Facilities,True,cupe,False,,,False,minor,0,near_duplicate|role_equivalent,0.8229,,20180426_00103245_Secretary.docx,
b497f22c-7509-5f93-b557-cff90aba620b,Secretary to the Dean,3,2,FASS Dean’s Office|FCAT Office of the Dean,True,cupe,False,,,False,minor,0,near_duplicate|role_equivalent,0.8190,,20160302_00000231_Secretary.docx,
fc5e0513-2545-57ad-8025-5283d3ee330b,Resource & Facilities Clerk,3,2,"Dean’s Office, Faculty of Education|Education Central,",True,cupe,False,,,False,minor,0,near_duplicate|role_equivalent,0.8507,,20170202_00099611_Stores_Clerk.docx,
033831a6-ee9d-5f18-9c6d-d7d4440d3b55,Web and Graphic Design Technician,2,1,"Centre for English Language Learning, Teaching and Research (CELLTR)|Education Office of the Dean",True,cupe,False,,,False,minor,0,role_equivalent,0.7935,,20150130_00116620_Technician.docx,
457477bd-5404-5a68-9624-0a5c2256f1ba,Graduate Awards Assistant,2,1,"Dean of Graduate Studies Office|Dean’s Office, Graduate Studies and Postdoctoral Fellows",True,cupe,False,0,0,False,minor,0,role_equivalent,0.7583,,20101213_00107011_Clerk.docx,
5b7476bd-2ec3-5edc-a593-528815358fc7,Office Assistant,2,1,"IT Services, Application Services|ITS Administration",True,cupe,False,0,0,False,minor,0,role_equivalent,0.7674,,20191017_00103650_JDFN_CUPE_20191203_(1).docx,
7fb7d44a-ea6d-50a5-a810-7c35010a7f11,Untitled Position,2,1,Applied Science|Mechatronic,True,cupe,False,,,False,minor,0,role_equivalent,0.8220,,20100616_00106989_Secretary.doc,
cbf7a5b7-c0c3-5bac-ba8d-bbb106a417fe,Undergraduate Program Assistant,2,2,Biomedical Physiology & Kinesiology|Science Dean’s Office,True,cupe,False,0,0,False,minor,0,role_equivalent,0.7785,,20170215_00000596_Secretary.docx,
db05f9f3-edbc-5902-8eba-aa5a02479e3e,Service Desk Analyst,45,1,"IT Services, Client Services|Surrey IT Services",True,apsa,False,,,False,aligned,0,exact|near_duplicate|role_equivalent,0.8815,,20190824_00126035_00137049_JDFN_APSA_20250501.docx,
714c2378-c898-5012-86f3-43268f3725b4,"Information Technology Professional III,",43,1,"Academic Computing Services|Application Integration & Support Group|CaRS|CaRS Classroom Technology, Burnaby Campus Computing Services|CaRS Research|Client & Research Services (CaRS)|ESPM Enterprise Systems|ESPM Major Projects|IT Services, CaRS|ITI Operations|Information Technology Infrastructure (ITI)|Information Technology Services (Surrey)|Network Services|Network Services Operations|Operations and Technical Support|Surrey Information Technology Services|Vancouver Campus Computing Services",True,,False,,,False,aligned,0,near_duplicate,0.8506,,20060503_00001219ITP_III.doc,
83a23a1b-3bc8-5fd9-9eeb-d88bb3dc231d,Student Recruitment Coordinator,41,3,Student Recruitment and Admission|Student Recruitment and Admissions,True,apsa,False,,,False,aligned,0,exact|near_duplicate|role_equivalent,0.8762,,20190606_00001085_Student_Recruitment_Coordinator.docx,
a622f3cf-764f-56bc-93fe-58159afae2b6,"Recruitment, Academic & Student Affairs Advisor",40,1,"Beedie Undergraduate Programs|Undergraduate Program, Beedie School of Business",True,apsa,False,,,False,aligned,0,exact|near_duplicate,0.8906,,20170308_00001835_RcrtmntAcdmcStudAffrs_Advisor.docx,
58eef122-936c-5721-b39b-279d87c1f7be,Research Project Manager,37,2,"Institutional Strategic Awards Office, VPR|VP Research Operation Admin",True,apsa,False,0,3,False,aligned,0,exact|near_duplicate|role_equivalent,0.8750,,20181014_00124799_Research_Project_Manager.docx,
31fc48f7-05b3-573e-b0b3-84dcb8d75f43,"Information Technology Professional I,",36,1,"48312 ESPM Enterprise Systems|Academic Computing Services|Application Integration & Support Group|Applications & Technology|Applications and Technology|Client & Research Computing|Client and Research Services (CaRS)|ESPM Major Projects – Special Projects|Enterprise Systems & Project Management Office|Enterprise Systems & Project Management Office (ESPM)|ICAT Operations|IT Services (ICAT)|Identity, Security, and Compliance",True,,False,,,False,aligned,0,near_duplicate,0.8504,,20120418_00111445_ITP_I.doc,
c27f16df-74fa-5c8b-b240-6217fca74272,Information Assistant I,36,1,Front Counter Services|Registrar & Information Services,True,cupe,False,0,0,False,aligned,0,exact|near_duplicate|role_equivalent,0.9036,,20120125_00001089_Clerk.docx,
256731e8-7394-504e-946f-e28a28e6b5f8,"Information Technology Professional II,",31,1,"Academic Computing Services|Academic Computing Services (Institutional,|Application Integration & Support Group|Application Integration and Support Group|Applications Integration and Support|Applications and Technology|ESPM Enterprise Systems|ESPM Major Projects|ICAT Operations|IT Services (ICAT)|IT Services, ICAT|Identity, Security, and Compliance",True,,False,,,False,aligned,0,exact|near_duplicate,0.8534,,20110628_00109898_ITP_II.doc,
e05bb857-9884-5427-bf6c-3594f300742e,"Information Technology Professional II,",30,1,Academic Computing Services|CIO - NSG|ITI Operations|Information Technology Infrastructure (ITI)|NS Operations|Network Services|Network Services Operations|OTS (NIES)|Operations and Technical Support|Surrey Info Tech Services,True,,False,,,False,aligned,0,near_duplicate,0.8694,,20060701_00001620ITP_II.doc,
d33385cd-11ff-5319-af99-503635cb34ab,"Information Technology Professional I,",29,2,"Academic Computing Services|Academic Computing Services, SFU Surrey|CIO Network Support Group|CaRS Operations|Client & Research Support (CaRS)|Client and Research Services (CaRS)|IT Services|IT Services, CaRS|IT Services. CaRS|Information|Surrey Info Tech Services",True,,False,,,False,aligned,0,exact|near_duplicate,0.8508,,20090302_00105460_ITP_I.doc,
5b97b98e-434d-5739-9ba7-0841298b49ff,"Information Technology Professional III,",28,1,Academic Computing Services|Application Integration & Support Group|Applications & Technology|ESPM Enterprise Systems|ESPM Major Projects|ESPM – Major Projects – Special Projects|Enterprise Systems & Project Management Office|Enterprise Systems/Project Management|Enterprise Systems/Project Management Office (ESPM)|ICAT|ICAT Operations|IT Services - ICAT,True,,False,,,False,aligned,0,near_duplicate,0.8565,,20110211_00109229_ITP_III.doc,
4c3b5c87-5fd7-5acf-bcfe-35d3bc80b815,Student Recruiter,26,1,Office of the Registrar|Recruitment|Student Services – Student Recruitment,True,cupe,False,,,False,aligned,0,exact|near_duplicate,0.8696,,20020718_00001085_Student_Recruiter_Recruitment.doc,
7a716b3b-9aa1-5a5d-81b6-c5d55a1ea125,"Information Technology Professional I,",26,2,"Application Integration & Support Group|ESPM Enterprise Systems|ESPM Major Projects|ESPM Project Management Office|Enterprise Systems|Enterprise Systems & Project Management Office (ESPM)|Financial Services|Human Resources|IT Services, ICAT|Payroll",True,excluded,False,,,False,aligned,0,near_duplicate,0.8504,,20090211_00105403_ITP_I.doc,
c36de5c8-6ef2-5846-84d9-10ad527bf9ed,Program Assistant,26,2,Beedie School of Business - Graduate Program|Business Graduate Program – Beedie School of Business,True,cupe,False,0,0,False,aligned,0,exact|near_duplicate|role_equivalent,0.7976,,20151116_00000753_Program_Assistant.docx,
2efca9e5-0b93-558f-952f-4f1ac909c880,"Information Technology Professional II,",24,1,Application Integration & Support Group|Application Integration and Support Group|CIO Office|ESPM Enterprise Systems|ESPM Major Projects|ESPM Project Management Office|Financial Services|Financial Services (Payroll),True,,False,,,False,aligned,0,near_duplicate,0.8509,,20110628_00109901_ITP_II.doc,
8859e46a-a94f-5b44-aa8f-493ca6868cbe,"Information Technology Professional III,",24,2,48301 ESPM Major Projects|48312 ESPM Enterprise Systems B48300 Enterprise|AISG (Enterprise Systems)|Application Integration & Support Group|ESPM Enterprise Systems|ESPM Enterprise Systems B48300 Enterprise Sys &|ESPM Position Management Office|ESPM Project Management Office|Enterprise Systems & Project Management (ESPM)|Enterprise Systems & Project Management Office|Project Management Office,True,excluded,False,,,False,aligned,0,near_duplicate,0.8501,,20120315_00111326_ITP_III.doc,
1811f1d6-eb9e-5356-8638-8624fbed0a05,Admissions Assistant,22,3,Student Recruitment and Admissions|Student Services -|Student Services - Admissions,True,cupe,False,0,0,False,aligned,0,exact|near_duplicate|role_equivalent,0.8971,,20130115_00001082_Clerk.docx,
744792b9-d6db-5d94-b169-c18d83361e1a,Counsellor,22,2,"Health and Counselling Centre|Health and Counselling Services|Health, Counselling and Career Centre|Student Services Counselling",True,,False,,,False,aligned,0,exact|near_duplicate,0.8681,,20050506_00001368Clinical_counsellor.doc,
a4e05e05-b80a-5f4d-94be-04cc4a03b237,Communications Associate,21,3,External Relations – Communications & Marketing|University Communications,True,apsa,False,0,1,False,aligned,0,exact|near_duplicate|role_equivalent,0.9150,,"20220811_00123494,_00133187_JDFN_APSA_2022-8-11.docx",
147faa04-875a-53c1-825b-afe89784283c,Student Advisor/Recruiter,20,1,New Student Enrolment|New Student Enrolment and Transition|Student Recruitment & Transition,True,,False,,,False,aligned,0,exact|near_duplicate,0.8516,,20121022_00001085_Student_Advisor_Recruiter.docx,
af4f7fcb-9ccb-5963-b79d-7ac850ee0c86,"Information Technology Professional I,",20,1,Application Integration & Support Group|CIO Network Support Group|ITI Operations|Network Services|Operations & Technical Support|Operations and Technical Support|Servers & Storage,True,,False,,,False,aligned,0,exact|near_duplicate,0.8527,,20060701_00000346ITP_I.doc,
45f89aed-8bc9-5bcb-a644-95ae12450591,Co-op Student Career Advisor,19,1,"Co-op Education: Multiple Disciplines|Student Services, Work Integrated Learning",True,,False,,,False,aligned,0,exact|near_duplicate,0.8616,,20110810_00105261_Coop_Student_Career_Adv_Gr_7_rev_10Aug11.docx,
93bef6e0-2bf1-5862-a975-0b0f59562d85,Library Assistant,19,1,Access Services|Library Loans,True,cupe,False,0,0,False,aligned,0,exact|near_duplicate|role_equivalent,0.8993,,20081217_00000318_Library_Assistant.docx,
2e9467c4-431c-5a27-8313-eab3116bec3f,"Coordinator, Student Engagement",17,1,"Student Engagement and Retention, Student Services|Surrey Student Life",True,apsa,False,,,False,aligned,0,exact|near_duplicate|role_equivalent,0.9228,,20200910_00129140_JDFN_APSA_20200909.docx,
4a2981fa-007d-5557-9fda-31db5306a5c3,"Coordinator, Graduate Programs",17,1,"Beedie Graduate Programs|Beedie School of Business, Segal Graduate School",True,apsa,False,,,False,aligned,0,exact|near_duplicate|role_equivalent,1.0000,,20180223_00123268_Coordinator_Graduate_Programs.docx,
41b47190-4caf-55de-afc5-4fd3288fee35,HUMAN RESOURCES,16,2,"Admissions|Admissions, Student Services|Office of the Registrar",True,,False,,,True,aligned,0,exact|near_duplicate,0.8516,,20100805_00050055_Admissions_Recruiter.doc,
4ff70884-9064-57f6-8de5-477093614015,Executive Secretary (Confidential Administrative Professional III),15,3,AVP Learning and Teaching|External Relations Administration|VPR Administration,True,apsa,False,0,0,False,aligned,0,exact|near_duplicate|role_equivalent,0.7802,,20180716_00124164_Executive_Secretary.docx,
b2e428a7-73ed-577e-807b-250065418c21,Faculty Relations Advisor,15,2,Academic Relations|Faculty Relations,True,apex,False,,,False,aligned,0,exact|near_duplicate,0.9289,,20160113_00118740_Human_Resources_Pfsnl_II.docx,
54c511c5-42f8-5a5c-9ea1-8a7673e9c212,"Information Technology Professional II,",14,1,"Academic Computing Services|CaRS Distributed Services|CaRS Microcomputer Store|CaRS Operations|Identity, Security, and Compliance|Surrey Info Tech Services|Vanc Campus Computing Services",True,,False,,,False,aligned,0,near_duplicate,0.8538,,20060701_00000888ITP_II.doc,
9fd49d9d-f855-5ee7-8520-cffadea76593,"Coordinator, Communications & Events",13,3,"English|English and Political Science|First Nations Studies and Gender, Sexuality & Women’s Studies|Linguistics and First Nations Languages Program|Philosophy, First Nations Studies, and Gender, Sexuality & Women’s Studies|Psychology|Sociology & Anthropology and Labour Studies Program",True,apsa,False,,,False,aligned,0,near_duplicate|role_equivalent,0.9025,,20190210_00125531_Coord_Comm_Events.docx,
d12b652e-a52d-5842-92c1-cf34e468e487,Project Manager I,13,2,Facilities Services – Project Services|Vancouver Facilities Services,True,apsa,False,0,3,False,aligned,0,exact|near_duplicate|role_equivalent,0.8731,,20171101_00122622_Project_Mgr_Facilities_Srvs.docx,
0a9fc1b5-e7a3-5aa7-affa-719570e69891,"Associate Director, Alumni Engagement",12,3,Alumni Relations|Beedie School of Business|FCAT Dean’s Office,True,apsa,False,0,3,False,aligned,0,exact|near_duplicate|role_equivalent,0.7741,,20170726_00111985_Assoc_Dir_Alumni_Relations.docx,
13ba6d24-62e3-5b70-97f0-2b6b1da058bc,Ambassador Team Member,12,1,"KEY, SFU’s Big Data Initiative|Office of the Vice-President Research",True,cupe,False,,,False,aligned,0,exact|near_duplicate|role_equivalent,0.8633,,20170407_00121263_Clerk.docx,
61d9e5bb-a815-5350-a30f-bc127e27e531,"Information Technology Professional IV,",12,2,CaRS|Client & Research Services (CaRS)|IT Infrastructure Operations|NS Operations|Network Services Operations|Operations and Technical Support,True,,False,0,3,False,aligned,0,near_duplicate,0.8693,,20060503_30485_ITP_IV_NIES_Gr_13.doc,
f94d948d-753a-5076-a379-6dac6d237fcd,Senior Financial Analyst,12,1,Budget Office|Financial Services,True,,False,,,False,aligned,0,exact|near_duplicate,0.8523,,20070913_102896_Senior_Financial_Analyst.doc,
2ec426af-a495-5e73-8818-6fbf63a9a303,Project Coordinator,11,1,Client Services|Special Projects,True,cupe,False,,,False,aligned,0,exact|near_duplicate|role_equivalent,0.9449,,20140626_00001009_Building_Technologist.docx,
ef08e830-8b00-51d8-aa7a-d0bdcb74cca3,"Information Technology Professional V,",11,5,"Academic Computing Services|Application Integration and Support Group|Applications & Technology|Enterprise Systems/Project Management Office (ESPMO)|IT Infrastructure|IT Major Projects|Information Technology Services (currently|Institutional, Collaborative and Academic Technology|Network Services|Operations and Technical Support|University Computing Services",True,,False,0,4,False,aligned,0,near_duplicate,0.8609,,20060701_00001253ITP_V.doc,
0aa38753-f9e9-5b5e-b55b-c52519cf245e,Technology Coordinator,10,1,"IT Services, AV Services|IT Services, Audio Visual|Surrey IT Services",True,apsa,False,,,False,aligned,0,exact|near_duplicate,0.8927,,20171127_00122743_Technology_Coordinator.docx,
32104eb1-3043-5130-9ecf-a799fa8bbd0a,Development Manager,10,2,"Major Projects, Campus Planning & Development|Major Projects, Campus Planning & Development Position Reports To (Title): Assistant Director, Campus Planning & Development Description Prepared by: K. C. Jones|Major Projects, Facilities Development|Planning Support, Facilities Development",True,,False,0,3,False,aligned,0,exact|near_duplicate,0.8581,,20130225_00001450_Development_Mgr.doc,
374f1199-fc67-59f0-86c2-8c67d07082cb,IT Electronics Technician,10,1,IT Services – Audio Visual|IT Services – Client & Research Services|Surrey Campus IT Services (7330)|Vancouver Campus IT Services,True,cupe,False,,,False,aligned,0,exact|near_duplicate|role_equivalent,0.8196,,20130628_00000964_Technician.docx,
5a47f62b-395b-5ab4-a314-73f88b3d3d1b,Untitled Position,10,1,University Advancement|University Development,True,cupe,False,,,False,aligned,0,exact|near_duplicate|role_equivalent,0.9265,,20090529_00030396_Secretary.doc,
dfcc40d3-3cac-59ce-9a54-8ce265f958ee,"Coordinator, Communications",10,4,"Beedie School of Business|Charles Chang Institute for Entrepreneurship Programs|Venture Connection, Office of the Vice-President, Research",True,apsa,False,,,False,aligned,0,exact|near_duplicate|role_equivalent,0.8090,,20170717_00121856_Coord_Cmns_and_Events.docx,
1255208a-c5b2-5380-9697-249d1a62d359,Registered Nurse,9,2,Health & Counselling Centre|Health & Counselling Services|Health Services|Health and Counselling Centre,True,,False,,,False,aligned,0,near_duplicate,0.8593,,20040812_00001148Professional_occupations.doc,
47037f09-3395-5265-a035-00b65ede7068,Sales Representative,9,1,"/ Meetings, Events & Conferences Services, SFU Vancouver (MECS)|Meetings, Events & Conferences Services, SFU Vancouver (MECS)|Morris J Wosk Centre for Dialogue/ Meetings, Events &",True,,False,0,1,False,aligned,0,exact|near_duplicate,0.8534,,20081202_00064748_Sales_Rep_2Dec08.doc,
6540b3b7-c70e-5903-8564-800610dea64d,Immigration Consultant,9,2,Faculty Relations|Office of Graduate Studies and Postdoctoral Fellows,True,apsa,False,,,False,aligned,0,exact|near_duplicate|role_equivalent,0.9795,,20170328_00121002_Immigration_Consultant.docx,
9b8162b0-6d03-5285-9a79-843393a09c5c,AV Systems Designer,9,1,Audio Visual|Surrey IT Services|Vancouver Campus IT Services,True,apsa,False,,,False,aligned,0,near_duplicate|role_equivalent,0.9261,,20210208_00126401_JDFN_APSA_20190530.docx,
9c21153f-80b7-5c43-8ce1-3c4f2116ca8d,"Information Technology Practitioner,",9,2,Academic Computing Services (Client and Research|CaRS Operations|Client and Research Computing (CaRS)|Microcomputer Store (CaRS)|Net Work Support Group (CaRS)|Network Support Group (CaRS),True,cupe,False,,,False,aligned,0,near_duplicate,0.8539,,20080417_00106095_ITP_I.doc,
c0cf6f76-de56-54df-90fa-8cffa4b6db22,AV/Media Operations Manager,9,1,"IT Services, Client Services|Vancouver Campus IT Services",True,apsa,False,0,3,False,aligned,0,near_duplicate|role_equivalent,1.0000,,20190310_00001463_AV_Media_Ops_Manager.docx,
d515bd6d-0545-5437-850c-962978b0b500,"Information Technology Professional IV,",9,3,Academic Computing Services|Application Integration & Support Group|Applications & Technology (AISG)|ICAT Operations|IT Services ICAT,True,,False,0,3,False,aligned,0,near_duplicate,0.8610,,20060701_00001335ITP_IV.doc,
ea7735a4-1b0e-5557-9a34-3f5ea748114a,Lead Webcast Technician,9,1,IT Client Services – AV Services|IT Client Services – Audio Visual Services,True,cupe,False,0,2,False,aligned,0,near_duplicate|role_equivalent,0.8718,,20161031_00120075_Technician.docx,
66cb15c2-1ba1-50e9-a879-4c5e79082b49,Budget Advisor,8,1,Analytical Studies|Budget,True,,False,,,False,aligned,0,exact|near_duplicate,0.8882,,20030610_00001200Budget_advisor.doc,
6fd441b1-3e3c-5810-8336-5bb06e3ac661,Psychologist,8,1,"Health & Counselling Services|Student Services, Counselling (Health & Counselling|Student Services, Counselling (Health & Counselling Services)",True,,False,,,False,aligned,0,exact|near_duplicate,0.8588,,20130708_00001323_Psychologist.doc,
c7acbd1c-61c4-5bed-b4cc-b3bf6e759e4b,"Information Technology Professional IV,",8,1,Application Integration and Support Group|ESPM Project Management Office|Project Management Office,True,,False,,,False,aligned,0,near_duplicate,0.8591,,20091201_00101791_ITP_IV.doc,
e6f35d2d-3b7a-57c1-95cf-d0c425d43291,Swimming Coach Position #: 00216,8,4,Recreation & Athletics|Recreation and Athletics|Recreational Services & Athletics|Recreational Services and Athletics,True,,False,,,False,aligned,0,near_duplicate,0.8922,,19960608_00000216Head_swim_coach.doc,
ef401ae3-2864-5cf5-b202-4c9dc0878475,Untitled Position,8,1,Campus Security|Parking Services,True,cupe,False,,,False,aligned,0,exact|near_duplicate|role_equivalent,0.9693,,20070810_01038_Clerk_Typist_gr5.doc,
f35a4116-6ec5-58fe-88c5-6ca263a2387f,Senior Accounting Assistant,8,2,Student Accounts|Student Financials,True,cupe,False,0,0,False,aligned,0,exact|near_duplicate|role_equivalent,0.9568,,20100401_00001784_Clerk.docx,
5a9ed897-54b9-5d14-ba56-075dd06b08cd,International Student Recruiter,7,2,Recruitment|SFU International,True,,False,,,True,aligned,0,near_duplicate,0.9087,,20041105_00097198International_student_recruite.doc,
0027e977-f1c6-5d90-a3c1-9fa7500b0a29,Customer Service Coordinator,7,1,"Business Services, Facilities Services|Facilities Customer Services",True,cupe,False,,,False,aligned,0,exact|near_duplicate|role_equivalent,0.8595,,20100409_00001021_Clerk.docx,
0a24e188-6b3b-5c79-96ca-1daa3d963372,Department Secretary,7,1,Beedie Burnaby Administration|Beedie School of Business,True,cupe,False,,,False,aligned,0,near_duplicate|role_equivalent,0.9736,,20181105_00124340_Secretary.docx,
1aad3709-0d6f-5e3e-af8e-ab5508ee9b7e,"Associate Director, Venture Connection",7,1,Beedie School of Business|Office of the Vice President Research,True,,False,1,3|4,False,aligned,0,near_duplicate,0.8619,,20151027_00117840_Assoc_Dir_Venture_Connctn.docx,
1b1feb9c-0b70-5c39-a626-12ba676b6c4b,"Director, Marketing & Communications",7,1,"Faculty of Arts and Social Sciences, Office of the Dean|Faculty of Science, Office of the Dean",True,apsa,False,0,4,False,aligned,0,near_duplicate|role_equivalent,0.8818,,20170718_00121475_Dir_Mrktng_and_Cmns.docx,
3fe42af3-9ba5-542a-846d-2678cdff8cdb,Administrative Coordinator,7,1,Athletics and Recreation Administration|Hellenic Studies,True,apsa,False,,,False,aligned,0,near_duplicate|role_equivalent,0.7697,,20180306_00123334_Administrative_Coordinator.docx,
4c2c47c4-836c-507a-b92a-e535eb8c3793,"Coordinator, Financial Administration",7,1,Beedie School of Business|Faculty of Applied Sciences,True,apsa,False,,,False,aligned,0,near_duplicate|role_equivalent,0.9025,,20180406_00123506_Coord_Financial_Admin.docx,
5b0818e9-1862-5d79-a933-d057a017b1db,MBA Career Manager,7,2,"Career Management Centre (CMC)|Career Management Centre (CMC),",True,,False,0,3,False,aligned,0,exact|near_duplicate,0.9550,,"20060906__00001664_Manager,_MBA_Careers,Bus_Admin.doc",
5d5eaeae-3972-55bf-b93b-2fe2bc6293ca,HCS Case Manager,7,2,AVPSI – Athletics Operations|Health and Counselling Services - Health Services,True,apsa,False,0,3,False,aligned,0,near_duplicate|role_equivalent,0.9379,,20180614_00121964_Transtn_Case_Mgr.docx,
7e97c2d0-d313-538d-b1d5-655c62f16c4a,"Program Coordinator, First Nations Languages Program",7,2,Criminology|First Nations Languages Program,True,apsa,False,,,False,aligned,0,exact|near_duplicate|role_equivalent,0.8556,,20171023_00122045_Coord_Trrsm_Risk_Scrty_Stds_Pgrm.docx,
b35c6530-2ae0-5210-9505-bbd84abd61a5,"Project Accountant, Research Accounting",7,2,Financial Services|Research Accounting,True,,False,,,False,aligned,0,exact|near_duplicate,0.9273,,20091224_00001223_Project_Accountant.doc,
bc83762a-ab32-50d4-93dc-798c858b62c4,Financial Analyst,7,1,Accounting Services|Budget|Budget Office|Financial Services,True,,False,,,False,aligned,0,near_duplicate,0.8682,,"20070531_00001200_Financial_Analyst,_Budget.doc",
dcab2c20-71ff-5a01-b0ca-7f63b7824fdf,Communications & Events Assistant,7,2,Faculty of Health Sciences|Vancouver Campus Office of the Executive Director,True,cupe,False,0,0,False,aligned,0,near_duplicate|role_equivalent,0.7562,,20170619_00121734_Clerk.docx,
05781a43-4ff7-5002-8546-95c6c9807ec8,"Coordinator, Strategic Enrollment Management Communications",6,1,AVPSI Communications Services|SEM Liaison|Strategic Enrollment Management Liaison,True,apsa,False,,,False,aligned,0,near_duplicate,0.8598,,20151127_00109864_Coord_Strgc_Enrlmnt_Mgmt_Cmns.docx,
248fa394-bf96-5be6-a2b2-eb2e7b3db8f8,Business Development Officer,6,1,"Office of the VPR - KEY, SFU’s Big Data Initiative|Vice-President Research, Administration",True,apsa,False,,,False,aligned,0,exact|near_duplicate|role_equivalent,1.0000,,20170824_00121696_Business_Dvlp_Officer.docx,
3927d17f-565b-5a24-b87e-0005bb36a557,Event Coordinator,6,1,"Faculty of Education|SFU’s Big Data Hub, VP Research",True,apsa,False,,,False,aligned,0,near_duplicate|role_equivalent,0.9308,,20170811_00122006_Event_Coord.docx,
3a8d1292-fdaa-5728-a951-fbc78ec724bd,Multimedia Coordinator,6,1,Faculty of Applied Sciences – Office of the Dean|Faculty of Environment– Office of the Dean,True,apsa,False,,,False,aligned,0,near_duplicate|role_equivalent,0.8654,,20181125_00125033_Multimedia_Coordinator.docx,
4a3d4c4e-0826-5dbc-b909-ffb2299c2530,Communications Assistant,6,1,Community Engagement|VPR Administration,True,cupe,False,0,0,False,aligned,0,near_duplicate|role_equivalent,0.9180,,20151125_00118272_Secretary.docx,
7188c7df-0879-5225-9ffb-8fad53cc1898,"Manager, Financial & Award Systems",6,1,Dean of Graduate Studies Office|Graduate & Postdoctoral Studies Office,True,,False,0,3,False,aligned,0,exact|near_duplicate,0.8625,,"20110812_00001478,_Manager,_Financial___Award_Systems,_Gr._8.doc",
73122ddc-c195-59c1-aada-bfb648c4465d,Psychologist,6,1,"Health & Couselling Centre|Health & Couselling Services|Health and Counselling Centre|Health and Counselling Services|Health, Counselling and Career Centre",True,,False,,,False,aligned,0,near_duplicate,0.8503,,20020324_00001323Psychologist.doc,
90b9afd7-4593-5de3-9586-99acf0f29937,Serials Access Assistant,6,2,"Acquisitions Unit, Resource Acquisition, Management, and Metadata (RAMM)|Serials Access Unit, Acquisitions & Serials Division",True,cupe,False,0,0,False,aligned,0,exact|near_duplicate|role_equivalent,0.8829,,20170410_00000819_Library_Assistant.docx,
a1b498ec-8eb8-5d8c-a55f-9b36118d9778,"Coordinator, Recruitment, Retention and Advising",6,1,Arts Central|First Nations Language Instruction,True,,False,,,False,aligned,0,exact|near_duplicate,0.9459,,20170724_00121958_Coordinator.docx,
a9023176-8168-5734-8e91-9491782e6845,Residence Life Coordinator,6,1,Residence & Housing|Residence Life,True,,False,,,False,aligned,0,exact|near_duplicate,0.8783,,20170727_00121954_Residence_Life_Coordinator.docx,
bb4dc2e0-09fd-5b08-ab69-1e65c575a77c,"Major Grants Administrator, Post Award",6,1,"Industry Engagement Office, Office of Vice-President Research|Major Projects Office|Research Operations|VP Research Operation Admin",True,,False,,,False,aligned,0,exact|near_duplicate,0.8573,,"20161114_00120092_Major_Grants_Administrator,_Post_Award.docx",
fc3a0b99-3032-561f-ba44-fa3a108af412,Untitled Position,6,2,Physics (Burnaby|Physics (SFU Burnaby|Physics (SFU Burnaby Campus),True,cupe,False,,,False,aligned,0,exact|near_duplicate|role_equivalent,0.8837,,"20120828_112051_Technician_gr_10_Aug._24,_2012.docx",
712f0d5e-fb52-5d16-b71e-2d10957c854c,HUMAN RESOURCES SIMON FRASER UNIVERSITY,5,2,"Application Services|Enterprise Systems, Application Services Position Reports To (Title): Information Technology Professional IV",True,apsa,False,,,True,aligned,0,near_duplicate|role_equivalent,0.8424,,20150910_00117873_ITP_II.docx,
180636f6-0887-5d71-bb53-ab2f7d6a44e4,Gallery Assistant,5,1,"Audain Gallery|Audain Gallery, SFU Woodward’s",True,cupe,False,0,0,False,aligned,0,near_duplicate|role_equivalent,0.8703,,20110121_108134_Clerk.docx,
18099dd7-75b0-5d04-ae55-93b4bb80ada6,Event Coordinator,5,1,Ceremonies & Events|SFU’s Partnership Hub,True,cupe,False,,,False,aligned,0,near_duplicate|role_equivalent,0.8393,,20141204_00112923_Program_Assistant.docx,
3fadcb3a-c77a-50c6-9181-c50c84a6f630,"Manager of Administration, Learning & Teaching Technology",5,2,"Division of Curriculum and Instruction, Centre for Educational Excellence|Learning & Teaching Technology",True,apsa,False,0,3,False,aligned,0,near_duplicate|role_equivalent,0.9102,,20190715_00110830_Manager_Administration.docx,
54257dda-fa71-5536-95c9-f11ee8a73eb9,Untitled Position,5,2,Business|Business Administration,True,cupe,False,0,0,False,aligned,0,exact|near_duplicate|role_equivalent,0.8643,,20110504_102557_Secretary_Gr.7.docx,
6569cfc2-e1f7-5d7e-866e-daedb0714b87,Program Assistant,5,2,"First Nations Studies|IUPP, Indigenous Studies|Indigenous Student Centre",True,cupe,False,0,0,False,aligned,0,near_duplicate|role_equivalent,0.8299,,20160418_00001764_Clerk.docx,
6c9757c8-9f7f-52a1-819e-fe72cc62954a,Endpoint Device Specialist,5,1,"Desktop Services|IT Services, Client Services",True,apsa,False,,,False,aligned,0,exact|near_duplicate|role_equivalent,1.0000,,20190222_00001449_Endless_Device_Specialist.docx,
8f6a7e6d-ef93-55f8-a97d-b89d4bf05d08,Advancement Officer,5,2,Advancement & Alumni Engagement|Beedie School of Business,True,apsa,False,,,False,aligned,0,near_duplicate|role_equivalent,0.8816,,20230313_00124931_JDFN_APSA_20230313.docx,
9139d519-8281-5919-a540-6c0b41a4c3ab,Office Assistant,5,2,AVPSI Recreation Operations|Student Services Business Unit Administration,True,cupe,False,0,0,False,aligned,0,exact|near_duplicate|role_equivalent,0.9186,,20130729_00030530_Clerk.docx,
a1ccb16a-87b1-5074-b533-4f25c2e56102,Program Assistant,5,1,"Curriculum & Instruction Division, Centre for Educational Excellence|Dean’s Office, Faculty of Education",True,cupe,False,0,0,False,aligned,0,exact|role_equivalent,0.8422,,20191124_00127246_JDFN_CUPE_20191124.docx,
a572d7e0-e27b-5c55-a2c5-0a22e6e08167,Career Account Manager,5,1,"Career Services|Health, Counselling and Career Centre|Stu Serv WIL Director Office",True,,False,0,3,False,aligned,0,near_duplicate,0.9039,,20030609_00001661Career_account_manager.doc,
a96a392b-75d0-5b42-b2da-de7c0e14c939,"Career Services Advisor, BBA Program",5,1,"Career Management Centre (CMC), Beedie School of Business|Career Management Centre, Beedie School of Business",True,,False,,,False,aligned,0,exact|near_duplicate,0.9171,,20150605_00101285_Career_Services_Advisor.docx,
b48c4a7b-83be-5a5f-977b-9bdc8e9846a0,"Information Technology Professional II,",5,1,56111 Applications and Technology|Accounting Services|Enterprise Systems & Project Management (ESPM)|Financial Services,True,,False,,,False,aligned,0,near_duplicate,0.8872,,20081103_00101702_ITP_II.doc,
c1559bf6-e1c1-56a0-8b4b-716c870374bf,"Awards Specialist, Institutional Strategic Awards",5,2,"Industry Engagement Office, VPR|Institutional Strategic Awards Office, VPR",True,apsa,False,,,False,aligned,0,near_duplicate|role_equivalent,0.8608,,20180528_00123772_Awards_Specialist.docx,
cc760806-976a-5d14-bd2a-ff1ac73f500a,Co-op Student Career Advisor,5,1,"Business Co-operative Education Program|Student Services, Work Integrated Learning|Work Integrated Learning, Student Services",True,,False,,,False,aligned,0,near_duplicate,0.8516,,20050215_00097712Co-op_student_career_advisor.doc,
d7372da1-2d2f-52bd-9232-44726290d02c,"Legal Counsel, Research Operations",5,1,"Industry Engagement Office, Office of the Vice-President, Research|Vice-President Research – Research Operations",True,,False,,,False,aligned,0,exact|near_duplicate,0.8688,,20160711_00119520_Legal_Counsel.docx,
d741904c-d6d1-59ee-b885-1e2b57328493,International Student Advisor – Student Advising and,5,1,International Services for Students|SFU International,True,,False,,,False,aligned,0,exact|near_duplicate,0.9539,,20090727_00097250_Intl_Student_Advisor.doc,
eece08b9-d1e2-5991-a321-0c423e3ca790,"Program Assistant, Leadership and Community Education Programs",5,2,Leadership and Community Education Programs|Lifelong Community Education Program|Lifelong Learning|Lifelong Learning - Leadership and Community Building,True,cupe,False,0,0,False,aligned,0,near_duplicate|role_equivalent,0.8535,,20110307_00063745_Program_Assistant.docx,
f3e7e960-b535-5fd7-b01e-63c725d80264,Directors Assistant,5,3,Curriculum & Instruction|Teaching and Learning Centre,True,cupe,False,0,4,False,aligned,0,exact|near_duplicate|role_equivalent,0.9264,,20121126_00001803_JDFN_CUPE_20191017.docx,
f771ca87-6503-53ba-a29e-982bee22ac85,Administrative Secretary,5,2,"Centre for Online & Distance Education (Lifelong Learning)|Division of Learning & Teaching Technology, Centre for Educational Excellence|Institute for the Study of Teaching & Learning in the Disciplines|Teaching & Learning Disciplines",True,cupe,False,,,False,aligned,0,near_duplicate|role_equivalent,0.8355,,20140902_00006648_Secretary.docx,
fb46057b-dd5f-5a05-817f-0426d1bac2e6,Senior Front of House,5,1,Contemporary Arts|Woodwards Cultural Admin,True,cupe,False,,,False,aligned,0,near_duplicate|role_equivalent,0.9591,,20100813_00108155_Clerk.docx,
42bcff57-4850-571a-b717-6cd43d1b3a45,Systems Consultant I,4,2,Administrative Systems — AIS|Campus Security,True,,False,,,True,aligned,0,near_duplicate,0.8516,,20020516_00000649Systems_consultantI.doc,
017608da-f6a4-5f00-afe8-d3c2c1457cdc,"Manager, Administration",4,1,External Relations|University Advancement,True,apsa,False,0,3,False,aligned,0,near_duplicate|role_equivalent,0.9970,,20180513_00123681_Manager_Administration.docx,
03e6781a-ab74-5c43-a3ea-83d07f2c4449,"Coordinator, Travel Safety",4,1,"Enterprise Risk and Resilience, Safety & Risk Services|Program & Policy Development, Safety & Risk Services",True,,False,,,False,aligned,0,near_duplicate,0.8691,,20170622_00117426_Coordinator_Travel_Safety.docx,
087a8148-36f3-5f00-b679-8fbb0ad5b11e,"Program Director, Leadership and Community Building Programs",4,2,"Leadership and Community Building Programs, Lifelong Learning|Lifelong Learning",True,apsa,False,0,4,False,aligned,0,near_duplicate,0.8543,,20141218_00064703_Program_Director.docx,
107a0147-fb9f-51ef-8efc-bd2569d7d7a0,Communications Assistant,4,1,Faculty of Education|Teaching and Learning Centre (TLC),True,cupe,False,0,0,False,aligned,0,near_duplicate|role_equivalent,0.8440,,20111108_00103212_Secretary.docx,
12b697a0-d7ef-5efc-9458-9892415de7b9,"Coordinator, Academic Program",4,1,Computing Science|School of Computing Science,True,,False,,,False,aligned,0,near_duplicate,0.9314,,20140617_00115569_Coord_Academic_Prgm.docx,
155c8c5c-66e4-5da6-80c1-dd0d33a40196,Functional Analyst,4,1,Athletics and Recreation|Recreation,True,apsa,False,,,False,aligned,0,near_duplicate|role_equivalent,0.8515,,20200928_00106509_JDFN_APSA_20190826.docx,
2365f858-e816-5859-88de-0353c1ca9e5a,Clerk,4,1,Engagement and Retention|New Student Enrolment,True,cupe,False,,,False,aligned,0,near_duplicate|role_equivalent,0.9488,,20120507_00111427_Clerk_Typist.docx,
31fa8783-3d89-5a67-b106-357152c82932,"Manager, Production",4,1,Cultural Unit – SFU|SFU School of|Woodwards Performance,True,cupe,False,0,3,False,aligned,0,near_duplicate,0.9058,,20090712_00106201_Mgr_Production_Tech_Serv.doc,
50abfaa0-d165-52cf-90f2-6d46962a4803,Student Life Educator Position #: 01152,4,2,"Student & Community Life Administration|Student Development|Student Development & Programming|Student Engagement and Retention, Student",True,,False,,,False,aligned,0,near_duplicate,0.8595,,20061109_00001152_Student_Life_Educator_Student_Dev___Prog.doc,
51f334db-a774-5c36-b963-92a1285ac022,Project Assistant,4,2,"Office of the Vice-President, Research|Office of the Vice-President, Research/Strategic Partnerships Hub|SFU's Big Data Initiative",True,cupe,False,0,0,False,aligned,0,near_duplicate|role_equivalent,0.8889,,20170922_00121699_Program_Assistant.docx,
63f1e6ec-9ab5-55d1-869f-4df650cc80ae,Digital Resources Specialist,4,1,Communications & Marketing|External Relations – Communications & Marketing,True,cupe,False,,,False,aligned,0,near_duplicate|role_equivalent,0.9696,,20170317_00120950_Technician.docx,
664d9c00-5b33-523e-a4b1-afd5d7b3a723,Media and Multimedia Specialist,4,2,"Centre for Educational Excellence, Learning and Teaching Technology Division|Centre for Online & Distance Education, Lifelong Learning",True,cupe,False,,,False,aligned,0,near_duplicate|role_equivalent,0.9496,,20140908_00000374_Technician.docx,
787d17da-f647-5ef2-9191-c53d407db48e,Lab Technician,4,1,Chemistry|Faculty of Science,True,cupe,False,,,False,aligned,0,near_duplicate|role_equivalent,0.8937,,20110228_00109355_Technician.docx,
80b8fcc6-156f-565b-a8f5-46dfca94c000,Course Content Assistant,4,1,"Centre for Online & Distance Education (CODE)|Division of Learning & Teaching Technology, Centre for Educational Excellence",True,cupe,False,0,0,False,aligned,0,exact|role_equivalent,0.9818,,20140902_00000363_WPO.docx,
8449ec34-cdd6-5f18-b8b1-d474178f7d97,"Director, University Communications",4,2,"Communications & Marketing, External Relations|External Relations, Communications & Marketing",True,,False,0,4,False,aligned,0,near_duplicate,0.8809,,20141024_00116148_Senior_Cmns_Officer.docx,
89b513bc-5cd9-5aed-aff1-9075520b29f4,Student Recruiter,4,1,SFU Contemporary Arts|School for the Contemporary Arts,True,,False,,,False,aligned,0,near_duplicate,0.9445,,20101013_00108075_Student_Recruiter.docx,
92d0406a-4da1-5b03-8126-e1acbcc6fdd1,"Finance Professional IV,",4,2,Accounting Services|Budget Office,True,,False,,,False,aligned,0,near_duplicate,0.9087,,20110228_00109247_Finance_Professional_IV.docx,
93c89c1e-7668-5487-a266-948c3395c742,"Information Technology Professional,",4,1,ESPM Major Projects – Special Projects|ESPM Project Management Office|Project Management Office,True,,False,,,False,aligned,0,near_duplicate,0.8742,,20120222_00111242_ITP.doc,
9a724b1f-adc2-535d-8280-f48d1e460b07,Undergraduate Advisor & Recruiter,4,1,School of Computing Science|School of Computing Science (Surrey Campus),True,,False,,,False,aligned,0,exact|near_duplicate,0.8701,,"20081106_00000702,1369_Undergrad_Advisor_and_Recruiter_6Nov08.doc",
9b26d8a1-1a93-5c9f-a089-c3c50c78d75f,"Application Administrator, Microsoft Exchange",4,1,"IT Services, Application Services|Learning and Community Systems",True,apsa,False,,,False,aligned,0,near_duplicate|role_equivalent,0.9972,,20210210_00122673_JDFN_APSA_20190926.docx,
a1cdda43-ae0f-5fcc-b633-235d8443723f,Budget and Administrative Assistant,4,2,Creative Studio|External Relations Administration,True,cupe,False,0,0,False,aligned,0,near_duplicate|role_equivalent,0.9697,,20151223_00118321_Clerk.docx,
aa971acd-c885-5324-9481-3dc7972650c0,"Coordinator, Strategic Enrollment and Special Projects",4,1,"Beedie School of Business|Beedie School of Business, SFU Surrey",True,,False,,,False,aligned,0,exact|near_duplicate,0.9334,,20160902_00110782_Coordinator.docx,
b9a3afae-fdde-5a01-85a9-b0d81f07d777,Career Services Advisor,4,1,"Career Services|Health, Counselling and Career Centre",True,,False,,,False,aligned,0,near_duplicate,0.8791,,20011003_00001140Career_services_advisor.doc,
bebc018f-c695-52fa-933e-2d89ff111ed7,Research Grants Assistant,4,1,Office Research Services (ORS)|VP Research Operation Admin,True,cupe,False,0,0,False,aligned,0,exact|near_duplicate|role_equivalent,0.9835,,20150916_00080043_Clerk_Typist.docx,
c149b863-d084-573f-810f-b364c4db6f0a,Program Assistant,4,1,University Advancement|University Development,True,cupe,False,0,0,False,aligned,0,near_duplicate|role_equivalent,0.8877,,20151113_00101884_Secretary.docx,
c3c87ae9-65bb-57bd-a4b1-11f2d1f88414,"Coordinator, Events and Community Engagement",4,1,Beedie School of Business|Venture Connection,True,apsa,False,,,False,aligned,0,near_duplicate|role_equivalent,0.8833,,20171201_00122790_Coord_Evnts_Cmmnty_Engmt.docx,
cc7adbcc-0567-507e-8669-b3e9d50170b2,"Manager,",4,2,School of|School of International Studies,True,,False,0,3,False,aligned,0,exact|near_duplicate,0.9944,,20110805_00098825_Mgr._Acad___Admin_Svcs.doc,
da5cd543-f626-5f81-b3dc-cb25d2bf330a,"Head Coach, Softball Position #: 205",4,2,Recreation & Athletics|Recreational Services & Athletics,True,,False,,,False,aligned,0,near_duplicate,0.8808,,20000111_00000205Head_softball_coach.doc,
df716736-6273-5f70-ad67-ddb2465cdc7b,"Coordinator, Communications & Events",4,1,Criminology|Philosophy,True,apsa,False,,,False,aligned,0,near_duplicate|role_equivalent,0.9995,,20190701_00120890__Coordinator_Communications_Events.docx,
e7248a1a-5570-5960-a4dd-1890d83ea64e,Technician,4,1,"Beedie School of Business|IT Client Services|IT Client Services – Desktop Support|IT Client Services, Surrey",True,cupe,False,,,False,aligned,0,near_duplicate|role_equivalent,0.8831,,20150826_00117707_Technician.docx,
f596462e-27e9-5e14-8850-13fc35325bd5,Office Assistant,4,2,Beedie Burnaby Administration|Business Administration,True,cupe,False,0,0,False,aligned,0,near_duplicate|role_equivalent,0.8919,,20100604_00031882_Clerk_Typist.docx,
fa1a9246-fb9d-5801-8d0b-5346f8f50cfb,Undergraduate Advisor,4,2,Beedie School of Business|Faculty of Business Administration,True,,False,,,False,aligned,0,near_duplicate,0.9225,,20110314_00001835_Ugrad_Advisor.docx,
fc06d7e5-8264-5046-b8dd-f5cb7088b191,Computer Systems Administrator,4,1,Computing Science|School of Computing Science,True,,False,,,False,aligned,0,exact|near_duplicate,0.9773,,20180703_00000856_Computing_Systems_Admin.docx,
7d2e081c-e4b7-52de-aa73-3e7b7734d3b3,"Executive Director, SFU International",3,2,"International Office, Office of the Vice President, Research|SFU International, Office of the Vice-President, Research",True,apex,False,0,4,True,aligned,0,near_duplicate|role_equivalent,0.8662,,20170515_00104916_Exec_Dir_SFU_Intnl.docx,
0759ea88-44d8-561a-a68b-086b5b1fb2bf,Untitled Position,3,1,FACILITIES SERVICES|Maintenance and|Maintenance –,True,cupe,False,,,False,aligned,0,near_duplicate|role_equivalent,0.9241,,20100112_00101713_Maint_Scheduler.doc,
0af5bf48-7469-54e2-a7af-444790730d22,Program Assistant/Chair’s Secretary,3,1,Archaeology|Geography,True,cupe,False,0,0,False,aligned,0,role_equivalent,0.9360,,20151130_00000354_Secretary.docx,
0f99379e-fa8e-53dd-ab47-54b8e984a101,Communications Associate,3,1,"Communications & Marketing, External Relations|University Communications",True,,False,0,1,False,aligned,0,exact|near_duplicate,0.9651,,20160314_00118864_Communications_Associate.docx,
109ae07e-7122-5537-b882-3e74fd1d126e,Untitled Position,3,1,Applied Science|FAS ENSC –|Mechatronics,True,cupe,False,,,False,aligned,0,near_duplicate|role_equivalent,0.8619,,20090610_00105988_Clerk.doc,
1c3a4fa7-bae7-56ac-9576-74913963aec7,Residence Projects Assistant,3,2,Athletics & Recreation|Residence & Housing,True,cupe,False,0,0,False,aligned,0,near_duplicate|role_equivalent,0.8336,,"20150310_00116760,_Secretary_gr_6.docx",
1c454abf-7b77-5901-999c-67485d26ed03,Clerk,3,2,Library Equipment Operations|WAC Bennett Library Administration – Building Operations,True,cupe,False,,,False,aligned,0,near_duplicate|role_equivalent,0.8785,,20130405_00000835_Clerk.docx,
1d1a8998-4267-51c1-b14e-8ac83bb7d213,Radiation Safety Technician,3,1,Environmental Health & Research Safety|Environmental Health & Safety|Radiation Safety Office,True,cupe,False,,,False,aligned,0,role_equivalent,0.9228,,20110117_00108875_Technician.docx,
20d07627-f1f8-5ad0-8e3f-0d1e256c54c4,Untitled Position,3,1,Beedie School of|Business,True,cupe,False,,,False,aligned,0,near_duplicate|role_equivalent,0.8749,,20070905_00080169_Program_Assistant.doc,
228fa938-1634-5af5-994b-01525a9b4dd1,"Instructional Designer, Continuing Studies Online Development",3,1,"Continuing Studies, Online Development|Lifelong Learning",True,,False,,,False,aligned,0,near_duplicate,0.8664,,20170621_00121632_Instructional_Designer_CSOD.docx,
24a22f09-c1f7-5578-abd6-27415157a9fb,Manager,3,1,Front Counter Services|Student Services,True,,False,0,3,False,aligned,0,near_duplicate,0.9249,,20051001_00000857Mgr_acad_resource_serv.doc,
283730b0-6a5f-5fca-8afc-c55dd15d874f,"Manager, Student Central",3,1,SEM Liaison|Student Success,True,,False,0,3,False,aligned,0,near_duplicate,0.9615,,20150914_00104736_Mgr_Student_Central.docx,
28b670c9-2511-5569-87ba-93b2f7da9c7e,Director’s Assistant,3,2,Contemporary Arts|School for the Contemporary Arts,True,cupe,False,0,4,False,aligned,0,near_duplicate,0.9676,,20110720_00076009_Secretary.docx,
2a54ddeb-b929-58fc-bfbc-e117b21d9e71,Untitled Position,3,1,Business|Business Marketing &|Library Administration,True,cupe,False,,,False,aligned,0,near_duplicate|role_equivalent,0.8328,,20090424_00099136_Technician.doc,
2c883465-2d18-5dbb-9000-8f297b7b3cd9,Administrative Assistant,3,1,School of Engineering Science|School of Mechatronic Systems Engineering,True,cupe,False,0,0,False,aligned,0,near_duplicate|role_equivalent,0.8901,,20211005_00107898_JDFN_CUPE_20210928.docx,
2fe8be22-1fca-5faa-aeef-79704537ea25,Serials Specialist,3,1,"Library Acquisitions Serials|Library Processing, Serials Section",True,cupe,False,,,False,aligned,0,near_duplicate|role_equivalent,0.9484,,20140729_00000848_Library_Assistant.docx,
3103014b-20ab-58b2-97b4-0b3fb790570a,Untitled Position,3,1,Biomedical Physiology|Kinesiology,True,cupe,False,,,False,aligned,0,exact|near_duplicate|role_equivalent,0.9623,,20080916_00031880_Clerk_Gr6_CU_16Sep08.doc,
323d35a3-0517-524a-b403-004f37594d57,"Director, Planning & Analysis",3,2,Financial Services|Planning & Analysis,True,,False,0,4,False,aligned,0,near_duplicate,0.9430,,20100908_00102896_Director.docx,
352b0d2e-17a1-5a9a-9ab3-669d6018e242,"Senior Director, Centre for Educational Excellence",3,1,Centre for Educational Excellence|TLC Administration,True,apsa,False,0,4,False,aligned,0,near_duplicate|role_equivalent,0.8727,,20190201_00125525_Sr_Dir_Centre_For_Educational_Excellence.docx,
372a3410-f038-5f6f-87aa-c38fa0369e44,"Director Administration, Office of AVPLT",3,1,"AVP Learning & Teaching|Office of the AVP, Learning & Teaching",True,apsa,False,0,4,False,aligned,0,near_duplicate|role_equivalent,0.9589,,20190201_00125524__Dir_Admin.docx,
3a53d00f-1785-59f3-86a3-f266ffb04799,"Associate Director,",3,1,Records & Registration|Registrar's Office,True,,False,0,3,False,aligned,0,near_duplicate,0.9879,,20020601_00001091Assoc_dir_schedules.doc,
3a763eb3-e2c1-51c7-bb8f-bd685b82fa91,Technical Support Specialist,3,1,FASS Office of the Dean|Linguistics,True,cupe,False,,,False,aligned,0,near_duplicate|role_equivalent,0.8873,,20100827_00106997_Technician.docx,
3af59608-6ffc-5c60-9d16-5a1b0294da98,Technician,3,1,IT Client Services – AV Services|Vancouver Campus IT Services,True,cupe,False,,,False,aligned,0,near_duplicate|role_equivalent,0.8630,,20160818_00119749_Technician.docx,
44048f4e-cdc7-5f2d-849e-262e2d83d93f,"Coordinator, Student Life",3,1,Student Development|Student Development & Programming,True,,False,,,False,aligned,0,near_duplicate,0.9154,,20080307_00098449_Coordinator_Student_Life.doc,
47d28bf3-2b30-5b98-8963-0e8432c65de8,Business Analyst I,3,2,"Financial Services|Financial Services, Accounts Payable & Expenses,",True,,False,,,False,aligned,0,near_duplicate,0.8731,,20120530_00111711_Business_Analyst_I.doc,
48f27bdf-da75-5999-988d-ecaf265d8b56,Undergraduate Advisor,3,1,FCAT Office of the Dean|School for the Contemporary Arts,True,,False,,,False,aligned,0,near_duplicate,0.8694,,20101216_00031469_Ugrad_Advisor.docx,
4e6fd8fd-7f85-5c8e-9a44-d78cec1fd595,Associate Academic Advisor,3,2,Academic Advising & Student Success|Student Services – New Student Enrolment,True,,False,0,1,False,aligned,0,near_duplicate,0.9114,,20130718_00107746_Associate_Academic_Advisor.docx,
528e67a2-9c45-51af-8934-7cc71e8ae60e,Client Services Program Assistant,3,1,Business Acceleration|Innovation Office (IO),True,cupe,False,0,0,False,aligned,0,near_duplicate|role_equivalent,0.8436,,20160115_00064877_Secretary.docx,
5589c128-92ea-5893-81f5-e50feb48641a,"Director, Enrolment Services",3,1,Student Enrolment Services|Student Services,True,,False,0,4,False,aligned,0,near_duplicate,0.9621,,20060601_99594_Director_Enrolment_Services.doc,
56b66c74-3b8e-5dbc-a461-601b3aa81401,Receptionist/Office Assistant,3,1,Faculty of Education|Office of Research Services,True,cupe,False,0,0,False,aligned,0,near_duplicate|role_equivalent,0.8907,,20150922_00080339_Clerk_Typist.docx,
594ce92e-33cf-5f9e-873b-722395055b72,"Director, Sexual Violence Support & Prevention Office",3,1,AVPSI SVSP Office|Student Services,True,apsa,False,0,4,False,aligned,0,near_duplicate|role_equivalent,1.0000,,20170705_00121911_Director_SVSPO.docx,
5b36e51c-580e-506b-978a-1348d17cd510,Associate Director,3,1,SFU Carnegie Community Engagement|SFU Carnegie Community Engagement Classification Office,True,apsa,False,0,3,False,aligned,0,near_duplicate|role_equivalent,0.9733,,20190428_00126004_Associate_Director.docx,
5cd0183e-fdd6-533d-b975-267143591566,Administrative Coordinator,3,1,"Health & Counselling Centre|Health & Couselling Services|Health, Counselling and Career Centre",True,,False,,,False,aligned,0,near_duplicate,0.9129,,20030929_00077048Administrative_coordinator.doc,
666f8bf8-7689-5b9f-9c20-19b7e62c7d71,Undergraduate Advisor,3,1,Faculty of Environment|School of Environmental Science,True,apsa,False,,,False,aligned,0,near_duplicate|role_equivalent,0.9618,,20190303_00125619_Undergraduate_Advisor.docx,
6da9010d-aea3-5e25-b8c4-afcc75d40674,"Associate Director, Strategic Enrollment Management Liaison",3,1,SEM Liaison|Strategic Enrollment Management Liaison,True,,False,0,3,False,aligned,0,near_duplicate,0.8629,,20150716_00114393_Assoc_Dir_SEM_Liaison.docx,
6dc978b5-21d8-5914-81dd-510a82ac3fb6,Research Grants Facilitator,3,1,Dean of Science Office|Faculty of Science,True,,False,,,False,aligned,0,near_duplicate,0.9026,,20060501_00000985_Res_Grants_Facil_Fac_of_Science.doc,
787287e9-11db-547e-96fb-d9b0e4777f0d,Junior Theatre Production Technician,3,2,Performance Venues –|Performance Venues – Woodward’s|Woodwards Cultural Admin,True,cupe,False,,,False,aligned,0,near_duplicate|role_equivalent,0.9007,,20091201_00106862_Technician.docx,
793b0622-35f1-585c-9d78-8f4a379af1aa,Senior International Student Advisor – Student Advising and Retention,3,1,International Services for Students|SFU International,True,,False,,,False,aligned,0,near_duplicate,0.8521,,20100304_00001638_Sr_Intl_Student_Advisor.docx,
793b0dad-0a8f-5545-a010-444078ff2c33,"Manager, Research Accounting",3,1,Financial Services|Research Accounting,True,,False,0,3,False,aligned,0,near_duplicate,0.9436,,"20090417_00030235_Mgr,_Rsch_Acctng.doc",
8281ff97-75dd-5f07-bfdd-438a92f7a848,Projects and Administration Assistant,3,1,Industry Partnerships Office|Innovation Office,True,cupe,False,0,0,False,aligned,0,near_duplicate|role_equivalent,0.8890,,20150226_00116410_Secretary.docx,
8bf8bc67-1658-5eaa-9a14-ae1e10d288f6,"Coordinator, International Graduate Student Programs",3,1,Graduate Studies and Postdoctoral Fellows|Graduate and Postdoctoral Studies,True,apsa,False,,,False,aligned,0,near_duplicate|role_equivalent,0.9931,,20191031_00110823_Coord_Intrntnl_Grad_Stdnt_Prgrms.docx,
8d8f1d42-0150-5769-a8b9-cad942e82a93,"Associate Director, Career Services",3,1,"Career Services|Health, Counselling & Career Centre",True,,False,0,3,False,aligned,0,near_duplicate,0.9162,,20060404_00098183Assoc_director_career_services.doc,
8f674ed8-a0b8-5a5c-9889-36af8f62d50f,Information Assistant,3,2,Registrar & Information Services|Surrey Registrar Services|Vancouver Campus Registrar Services,True,cupe,False,0,0,False,aligned,0,near_duplicate|role_equivalent,0.8937,,20150910_00117766_Clerk.docx,
8f93501c-c388-5b00-b1c0-00a7ae54c4d4,Untitled Position,3,1,Faculty of Science|Physics (Burnaby,True,cupe,False,,,False,aligned,0,near_duplicate|role_equivalent,0.8905,,20121002_00031991_Technician.doc,
939ab952-147a-5e52-b9d8-9bcb2591bcdf,Program Assistant,3,1,"Centre for Distance Education|Centre for Online & Distance Education (Lifelong Learning)|Division of Learning & Teaching Technology, Centre for Educational Excellence",True,cupe,False,0,0,False,aligned,0,role_equivalent,0.8490,,"20130307_0031625,_Program_Assistant.docx",
96872a82-00f9-542b-acf1-9cb2e915199e,Assistant to the Chair,3,2,Biomedical Physiology and Kinesiology|Chemistry|Physics,True,cupe,False,0,0,False,aligned,0,role_equivalent,0.8178,,20151123_00000209_Secretary.docx,
9d2a2f60-1ab3-5249-9ac4-e66f86de6e0d,Traffic and Parking Enforcement,3,1,Campus Security|Parking Services,True,,False,,,False,aligned,0,exact|near_duplicate,0.8827,,20070822_00031708_Traf_and_Park__Enf_Spvsr__Camp_Sec.doc,
9f96d3ad-8bc5-5b00-ac44-39ccbae3e5da,Untitled Position,3,2,Student Services|Student Services Recruitment,True,cupe,False,,,False,aligned,0,near_duplicate|role_equivalent,0.8750,,20200414_00030321_JDFN_CUPE_20191129.docx,
a17ea459-1103-5f91-8954-1f4a168f649e,"Director, Continuing Studies Online Development",3,1,"Continuing Studies, Online Development|Lifelong Learning",True,,False,0,4,False,aligned,0,near_duplicate,0.9449,,20170626_00121630_Dir_Cont_Studies.docx,
a6bb3931-e149-5f55-bc77-83f39d5cba7c,Secretary,3,2,Administration and Strategic Growth|Enterprise Risk and Resilience,True,cupe,False,,,False,aligned,0,near_duplicate|role_equivalent,0.8252,,20160329_00118825_Secretary.docx,
b645d5df-0366-584b-be8f-2bcb7d072e9a,"Manager, SFU Changemaker Campus Program",3,1,"RADIUS, Beedie School of Business|VPR Administration",True,apsa,False,0,3,False,aligned,0,near_duplicate|role_equivalent,1.0000,,20180814_00124180_Manager_SFU_Changemaker.docx,
b66c5369-2fb6-5b7d-8f7e-7b2e27b6d7e9,Untitled Position,3,1,Cultural Unit|SFU Woodward-|SFU Woodward’s,True,cupe,False,,,False,aligned,0,role_equivalent,0.8125,,20111116_00110631_Program_Assistant.doc,
bd6fcc03-6326-54cd-bc4a-a45f63bfbe40,Financial & Administrative Assistant,3,2,Biological Sciences|Molecular Biology and Biochemistry,True,cupe,False,0,0,False,aligned,0,role_equivalent,0.8503,,20210303_20210303_00031911_JDFN_CUPE_20210325_(1).docx,
c0df390e-9cd8-550b-b554-09a2fdeaad0b,Secretary,3,1,"Executive Education, Beedie School of Business|Segal Graduate School, Beedie School of Business",True,cupe,False,,,False,aligned,0,near_duplicate|role_equivalent,0.8695,,20120927_00111986_Secretary.docx,
c35a3fab-6047-5e9d-b2b5-b29d64250552,Confidential Administrative Professional II,3,1,Faculty Relations|Human Resources,True,apsa,False,,,False,aligned,0,near_duplicate,0.8592,,20190707_00126667_CAP_II.docx,
c71f9357-06b4-59b5-be78-e57140f091b6,Clinical Counsellor,3,1,"Health & Counseling Centre|Health & Counseling Services|Health, Counselling and Career Centre",True,,False,,,False,aligned,0,near_duplicate,0.8711,,20021028_00001139Clinical_counsellor.doc,
cb8ceca2-d022-5f91-8c39-bb8e864976d6,"Web Strategist, External Relations",3,1,Media & Public Relations|Public Affairs & Media Relations,True,,False,,,False,aligned,0,near_duplicate,0.8921,,20020701_00001612Web_strategist.doc,
cbdddf3c-05dd-5d67-bdfc-2896199f13c1,Sales Representative,3,1,"Meeting, Event & Conference Services (Centre for Dialogue)|Morris J. Wosk Centre for Dialogue|Morris J. Wosk Centre for Dialogue/ Meetings, Events &",True,,False,0,1,False,aligned,0,near_duplicate,0.8573,,20010302_00064748Sales_representative.doc,
cc6e6d84-ba58-591b-bbb8-ae889345005d,Health Educator,3,1,"Health & Counselling Services|Health and Counselling Centre|Health, Counselling and Career Centre",True,,False,,,False,aligned,0,near_duplicate,0.9703,,20041207_00097412Health_educator.doc,
d040a996-4e16-5966-b7e3-5e8d52c77b13,Director of Student Financials,3,1,Student Accounts|Student Services/Financial Services,True,,False,0,4,False,aligned,0,near_duplicate,0.8758,,20040902_00096600Director_student_financials.doc,
d0ec454c-f214-581e-9f46-de9a9381d08d,"Associate Director, Health Promotion & Prevention",3,1,"Health and Counsellng Centre|Health and Counsellng Services|Health, Counselling and Career Centre",True,,False,0,3,False,aligned,0,near_duplicate,0.9004,,20040223_00030634Assc_dir_hlth_prom_prv.doc,
d2f0e74e-53d0-5b76-8649-cdeeefc7354e,"Group Leader, Serials Access",3,2,"Library – Acquisitions & Serials Division|Library – Resource Acquisition, Management, and Metadata (RAMM)",True,cupe,False,,,False,aligned,0,near_duplicate|role_equivalent,0.9157,,20160601_00119219_Library_Assistant.docx,
d6003dd5-15a5-5c61-a8c9-e33178dd13c7,"Associate Director, Admissions",3,1,Admissions|Office of the Registrar,True,,False,0,3,False,aligned,0,near_duplicate,0.9535,,20060420_00001077Assoc_dir_admission.doc,
d604d893-2f47-598a-bbcb-dc2d187f536c,"Manager, Communications",3,1,Centre for Dialogue|Morris J. Wosk Centre for Dialogue,True,apsa,False,0,3,False,aligned,0,near_duplicate|role_equivalent,0.9838,,20180705_00123643_Communications_Manager.docx,
e0fcaa77-5d6d-52ec-a395-1068e7546650,General Manager,3,2,"RADIUS, Beedie School of Business|Venture Connection, Beedie School of Business",True,apsa,False,0,3,False,aligned,0,near_duplicate|role_equivalent,0.9011,,20171024_00122623_General_Manager.docx,
e10be863-16bd-5f71-b46e-45cef7511df0,Confidential Assistant,3,2,"Beedie School of|Beedie School of Business, Dean’s Office",True,cupe,False,0,0,False,aligned,0,near_duplicate|role_equivalent,0.9177,,"20151015_Secretary,_grade_7,_Pos.__30662,_October_15,_2015.doc.docx",
e328f813-ca7b-5fde-8de0-33ee6f53fe74,"Associate Director, Facilities Services",3,1,"Facilities Services, Surrey Campus|Facilities Services, Vancouver Campus",True,apsa,False,0,3,False,aligned,0,near_duplicate|role_equivalent,0.9746,,20190726_00030552_JDFN_APSA_20191029.docx,
e44ddf85-f1c1-509f-9b73-59258881e5cb,"Director,",3,1,Office of the Registrar|Records & Registrations,True,,False,0,4,False,aligned,0,near_duplicate,0.9649,,20000102_00001112Director_rcds_registratn.doc,
e4a7b3ac-1c17-511c-8098-11a4e6808fb0,Associate Director - Clinical Services,3,1,"Health & Counseling Centre|Health & Counseling Services|Health, Counselling and Career Centre",True,,False,0,3,False,aligned,0,near_duplicate,0.8717,,20031117_00001138Assoc_dir_clinical_svcs.doc,
e4f8cf05-a142-52ca-bb7f-59acce7d71fe,Undergraduate Assistant,3,2,Mathematics|School of Communication,True,cupe,False,0,0,False,aligned,0,role_equivalent,0.8232,,20150210_00000185_Secretary.docx,
ecb07ab9-fc0e-5a82-925d-95ba2ca100d7,Multimedia Technology Coordinator,3,1,ACS (SFU Surrey)|Client and Research Services,True,cupe,False,,,False,aligned,0,near_duplicate,0.9485,,"20071116_103154_Tech_Coord,_ACS_Sry,Gr_7.doc",
fb362584-d558-518d-bd40-5bb0772c6198,Administrative and Financial Assistant,3,1,Faculty of Applied Sciences|School of Computing Science,True,cupe,False,0,0,False,aligned,0,role_equivalent,0.9120,,20160829_00102166_Secretary.docx,
ff15aac1-03f7-5b20-abac-28d74dd74390,"Director, Centre for Students with Disabilities",3,1,Centre for Students with Disabilities|Student Services,True,,False,0,4,False,aligned,0,exact|near_duplicate,0.9350,,20050711_00001292Director_ctr_stu_disabil.doc,
24df092f-abd1-5c30-9a99-f899642faa24,"Associate Registrar, Senate & Academic Services",2,1,AVPSI Senate Academic|Senate & Academic Services (SAS),True,,False,0,1,True,aligned,0,near_duplicate,0.9742,,20160329_00000766_Assoc_Registrar.docx,
7d408a36-5441-51d8-923c-5d1539196b9e,"Senior Director, Office of the Vice Provost Students",2,2,"AVPSI Administration|Office of the Vice Provost & AVP, Students & International",True,,False,0,4,True,aligned,0,near_duplicate,0.9257,,20190116_00119092_Executive_Director.docx,
dcc4ec8b-cba0-5678-9ef0-6ec8c3b63c89,"Executive Director, SFU Childcare Society",2,1,Childcare Centre|VP Finance/Administration Office,True,,False,0,4,True,aligned,0,near_duplicate,0.9823,,20040401_00006240Exec_dir_SFU_chldcare_sc.doc,
01bb2702-8fcb-5e0f-9df9-ce6ec97d2fe5,"Associate Director, U-Pass Program",2,1,Office of the Registrar|Student Enrolment Services,True,,False,0,3,False,aligned,0,near_duplicate,0.9776,,20030423_00001750Assoc_dir_upass_program.doc,
05000322-43e3-5fbc-a92c-e1834be79fb7,"Programs Manager, RADIUS Incubation",2,1,"Beedie Burnaby Administration|RADIUS, Beedie School of Business",True,apsa,False,0,3,False,aligned,0,near_duplicate|role_equivalent,1.0000,,20190909_00124173_JDFN_APSA_20190909.docx,
07269b3b-2bc3-57a7-8659-31b67090d6f1,Program Assistant,2,1,FASS English Bridge Program|Linguistics/IELTS,True,cupe,False,0,0,False,aligned,0,near_duplicate|role_equivalent,0.9810,,20110114_00108939_Program_Assistant.docx,
10a0f6e2-c0b7-510f-b64f-72ac8026b654,Physiotherapy Practice Leader,2,1,Recreation & Athletics|Recreational Services & Athletics,True,,False,,,False,aligned,0,near_duplicate,0.9823,,19980921_00000629Physiotherapy_pract_lead.doc,
10c8ec9d-cf13-5baf-97d2-b43042b7a51e,"Coordinator, Scholarships, Awards and",2,1,(Office of the Registrar) Financial Assistant|Financial Assistance,True,,False,,,False,aligned,0,near_duplicate,0.9880,,19980701_00031889Coord_Sclrshp_awds_bursr.doc,
1118d8db-2e11-56e1-807b-9f06ab351448,Untitled Position,2,1,Campus Security|Parking Services,True,cupe,False,,,False,aligned,0,near_duplicate|role_equivalent,0.9790,,20070716_00064392_Clerk_gr6_Campus_Security.doc,
120395f3-3706-5073-94e3-559252a3a425,Untitled Position,2,1,Research Resource|VP Research Operation,True,cupe,False,,,False,aligned,0,near_duplicate|role_equivalent,0.9588,,20080122_00103562_Clerk_Typist_gr7.doc,
13824a6c-ae19-5c64-9e23-c6d156472db7,"Associate Director,",2,1,Office of the Registrar|Student Enrolment Services,True,,False,0,3,False,aligned,0,near_duplicate,0.9427,,20030130_00001579Assoc_dir_enrol_mgmt.doc,
16771fa2-9f01-5ee0-bfe3-93b29aeaff35,Undergraduate Advisor,2,1,Biomedical Physiology & Kinesiology|Kinesiology,True,,False,,,False,aligned,0,near_duplicate,0.8944,,20040604_00096427Undergraduate_advisor.doc,
1a2c250d-04f9-58da-9e33-777a221b3322,Visual Designer,2,2,TLC – Educational Media|Teaching and Learning Centre,True,cupe,False,,,False,aligned,0,near_duplicate|role_equivalent,0.9001,,20120724_00111696_Technician.docx,
1a64b23c-a672-508d-9c7e-080a729215a9,"Manager, Budgets & Administration",2,1,Academic Computing Services|Vice-President Academic’s Office,True,,False,0,3,False,aligned,0,near_duplicate,0.9723,,20060701_00031224_Manager.doc,
1aa86546-e4f7-5bfe-8af5-744f28b2c5e8,"Manager, Student Accounts",2,1,Student Accounts|Student Services,True,,False,0,3,False,aligned,0,near_duplicate,0.9498,,20060105_00001730Mgr_student_accounts.doc,
1b9c5b12-3e99-5a9e-8441-307227c05cb4,Program Assistant & Assistant to the Director,2,2,School of Public Policy|Urban Studies,True,cupe,False,0,0,False,aligned,0,role_equivalent,0.9832,,20230816_00134685_JDFN_CUPE_20230816.docx,
20acfae8-d8ae-56f3-9a14-da6f099053bf,Untitled Position,2,2,Facilities Management|Facilities Services,True,cupe,False,,,False,aligned,0,near_duplicate|role_equivalent,0.8810,,20100511_00077030_Technician.docx,
20ddfb53-df66-5aaf-a97c-2a28eaaa2210,Student Life Educator,2,2,Student Development|Student Development & Programming Centre (SDPC),True,,False,,,False,aligned,0,near_duplicate,0.8675,,20060131_97115.doc,
21c00be8-d0a3-5ebd-96c2-8fc3839ef9fe,Academic Advisor,2,1,Academic Advising|Student Academic Resources,True,,False,,,False,aligned,0,near_duplicate,0.9741,,20010129_00031756Academic_advisor.doc,
22537d87-9f50-5772-a7ab-f2487cb3ba2f,Communications Assistant,2,1,AVP Learning and Teaching|Office of the AVPLT,True,cupe,False,0,0,False,aligned,0,role_equivalent,0.9101,,20201020_00129432_JDFN_CUPE_20201002.docx,
2722431b-160e-5111-80b2-6e9b472832ba,"Coordinator, International Programs",2,1,Continuing Studies|SFUi,True,,False,,,False,aligned,0,near_duplicate,0.9487,,20090603_00105989_Coord_Intn_l_Programs.doc,
2901ae88-b2cb-5345-8d80-729c40e9da82,"Director, International Services for",2,2,International Services for Students|Student Services,True,,False,0,4,False,aligned,0,near_duplicate,0.9681,,20130213_00031180_Director.doc,
2efa190b-dec5-5a9c-b95c-11f0a7a510cf,"Program Assistant, Venture Connection",2,1,Beedie School of Business|VP Research – Venture Connection,True,cupe,False,0,0,False,aligned,0,near_duplicate|role_equivalent,0.9850,,20170217_00120893_Program_Assistant.docx,
2f80d00a-665c-5cf1-9702-65e2d10ef7d8,"Director, Recreational Services & Athletics Position #:",2,1,"Associate VP, Students & International|Recreational Services & Athletics",True,,False,0,4,False,aligned,0,near_duplicate,0.9353,,20000301_00000777Director_rec_svs_athltcs.doc,
2fdc8ae0-5b63-5f66-ba18-eb6a17f8945c,"Director, Strategic Enrollment Management Liaison",2,1,SEM Liaison|Student Success and Strategic Support,True,,False,0,4,False,aligned,0,near_duplicate,0.9837,,20160205_00109865_Dir_Strtgc_EnrlmntMgmt.docx,
3295e062-9e0a-5b58-a07b-17ce885c98bb,Safety and Wellness Assistant,2,1,Environmental Health and Safety|Human Resources,True,,False,0,0,False,aligned,0,near_duplicate,0.8669,,20030501_00001642Safety_wellness_assistan.doc,
33a5edd2-fe81-55ba-877f-ef7e6d859743,Senior Academic Advisor,2,1,Academic Advising|Academic Resources,True,,False,,,False,aligned,0,near_duplicate,0.9348,,20040902_00031593Senior_academic_advisor.doc,
36c94a3d-4f32-5924-9a79-68520dc46ef0,"Information Technology Professional III,",2,1,"Identity, Security, and Compliance|Network Services",True,,False,,,False,aligned,0,near_duplicate,0.8744,,20100601_00076035_ITP_III.doc,
391c5ae6-9a17-5872-ac89-57453c3104bd,Special Projects and Publications Coordinator,2,1,SFU Art Gallery|SFU Galleries,True,cupe,False,,,False,aligned,0,near_duplicate|role_equivalent,0.8821,,20221012_00106474_JDFN_CUPE_20230112.docx,
3bb53893-ddb0-5d58-82e2-f5c488c0f493,Writing Services Associate,2,1,"BC Electronic Library Network Operations|Student Learning Commons, W.A.C Bennett",True,,False,0,1,False,aligned,0,near_duplicate,0.9538,,20180508_00115578_Writing_Services_Associate.doc,
4161bcd0-f8f3-55a7-a8a4-d39191a4e589,Marketing and Outreach Coordinator,2,1,Health & Counseling Centre|Health & Counseling Services,True,,False,,,False,aligned,0,near_duplicate,0.8534,,20061205_697.doc,
43a560ca-83c8-58fb-9d66-50a0adc576bf,Untitled Position,2,1,ITS Administration|Network Operations,True,cupe,False,,,False,aligned,0,role_equivalent,0.9548,,20220819_00131567_JDFN_CUPE_20220706_(2).doc,
4b7d628f-7296-58ed-bc63-75d81b3200a3,Emergency & Business Continuity Planner,2,2,Emergency & Business Continuity Planning|Environmental Health & Safety,True,,False,,,False,aligned,0,near_duplicate,0.9024,,"20110325_00042831,_EHS_Advisor.docx",
4bcf7fb0-af57-5dd1-988f-7b1088f40f24,Senior Analyst,2,1,Analytical Studies|Institutional Research & Planning,True,,False,,,False,aligned,0,near_duplicate,0.9426,,20010829_00000031Senior_analyst.doc,
504335cc-9292-56ba-9244-8bc80b14fbb0,Research Grants Facilitator,2,1,"Faculty of Science, Dean’s Office|Faculty of Science, Office of the Dean",True,,False,,,False,aligned,0,near_duplicate,0.9077,,20160119_00000985_Rsrch_Grants_Facilitator.docx,
508a9773-5485-58e3-ba24-15d45c8b2dd5,Track & Field Coach Position #: 00223,2,1,Recreation & Athletics|Recreational Services & Athletics,True,,False,,,False,aligned,0,near_duplicate,0.9810,,19960608_00000223Head_track_field_coach.doc,
529b7c39-f15c-54da-a55f-8f75f3672a07,"Manager, International Student Services",2,1,Recruitment|SFU International,True,,False,0,3,False,aligned,0,near_duplicate,0.9532,,20021218_00000994Mgr_intl_stud_serv.doc,
5561cd82-dfe0-537f-a8c8-4eb851ca9145,"Manager, Risk Management & Insurance",2,1,"AVP, Financial Planning Office|Purchasing",True,,False,0,3,False,aligned,0,near_duplicate,0.9883,,20030609_00031269Manager_risk_mgmt_insur.doc,
56cf31d5-0b54-5fc6-bdc7-f21e3317a03c,"Manager, Student Life",2,1,Student Development|Student Development & Programming Centre,True,,False,0,3,False,aligned,0,near_duplicate,0.9569,,"20080307_00031919,_Manager_Student_Life.doc",
5b77c988-3024-586d-9e51-e04d80d2c4c6,"Supervisor, Research Accounting",2,1,Financial Services|Research Accounting,True,,False,0,3,False,aligned,0,near_duplicate,0.8582,,20010201_00030600Supv_research_accounting.doc,
5c6c7a4f-d512-5728-8bca-25740097a05d,"Assistant Coordinator, International Partnerships and Protocol",2,1,"SFU International, VP External Relations|SFU International, VP Research",True,,False,0,0,False,aligned,0,near_duplicate,0.8786,,20170216_00120953_Assistant_Coordinator.docx,
62c3821d-902b-5c9a-a491-58d61eb6fe9c,"Manager, International Student Enrolment",2,1,Admissions|Office of the Registrar,True,,False,0,3,False,aligned,0,near_duplicate,0.9447,,20030523_00001640Mgr_Intrntl_stdnt_enroll.doc,
653291a0-6410-5798-a3e4-6d8fb5e2bfd8,Men's Soccer Coach Position #: 00224,2,1,Recreation & Athletics|Recreational Services & Athletics,True,,False,,,False,aligned,0,near_duplicate,0.9693,,20010201_00000224Head_men_s_soccer_coach.doc,
6ad62579-476e-53bf-ab64-cac5622467ae,Untitled Position,2,1,"Executive Education,|Learning Strategies",True,cupe,False,,,False,aligned,0,near_duplicate|role_equivalent,0.9242,,20090211_00100555_Program_Assistant.doc,
6d270c2d-69dc-53b8-886f-e013ed7ddb7e,Intermediate Analyst,2,1,Analytical Studies|Institutional Research & Planning,True,,False,,,False,aligned,0,near_duplicate,0.9479,,"20011101_00001258_Intermediate_Analyst,_Gr_10.doc",
6e34818f-bb00-5a5b-8962-9372ec6215c6,"Director, Student Academic Affairs",2,2,Senate & Curriculum Services|Student Services,True,,False,0,4,False,aligned,0,near_duplicate,0.9051,,20031211_00000766Director_studacadaffairs.doc,
6e508fcf-5575-5db5-b9ff-9c7849c126c0,Senate Assistant and Electoral Officer,2,1,Registrar's Office|Senate & Curriculum Services,True,,False,0,0,False,aligned,0,near_duplicate,0.9637,,19960201_00030768Senate_ast_electoral_off.doc,
700f07db-f179-5fac-98d3-02e1d007870b,Logistics Co-ordinator,2,1,"Office of the Vice-President, Research|Vice-President, Research",True,cupe,False,,,False,aligned,0,role_equivalent,0.9561,,20160405_00100165_Secretary.docx,
7314238b-c793-5790-9263-e91bf6d23766,Director of Admissions,2,1,Associate VP Students & International|Office of the Registrar,True,,False,0,4,False,aligned,0,near_duplicate,0.9768,,19990501_00001073Director_admissions.doc,
74b6f383-bfd2-5b9d-bf9d-e9aa161a0aec,"Director, Health & Counselling Centre",2,2,Health & Counselling Centre|Health & Counselling Service,True,,False,0,4,False,aligned,0,near_duplicate,0.9710,,20060410_00030814Director_hlth_couns_CC_April2006.doc,
7781e9bf-e2a3-5bf4-a748-de26e2015d9d,"First Nations Student Life Coordinator,",2,1,First Nations Student Centre|First Nations Student Centre (Student Services) Position,True,,False,,,False,aligned,0,near_duplicate,0.9776,,20060101_00000044Prg_crd_frs_nat_std_ctr.doc,
787f88c4-d646-5175-b1c3-727fb5046c1d,Student Recruiter - First Nations Initiatives,2,1,Recruitment|Student Services,True,,False,,,False,aligned,0,near_duplicate,0.9867,,20050712_00098450Stdnt_recruiter_first_nations.doc,
7b999f6e-05ab-5f60-b56f-d8e1b8d25f92,Administrative Assistant,2,1,Safety & Risk Services- Campus|Safety & Risk Services- Program &,True,,False,0,0,False,aligned,0,near_duplicate,0.9758,,20120717_00064870_Admin_Assistant.doc,
7c138947-ebdf-58d9-856f-17a398e9d5fa,"Career Services Advisor,",2,2,Career Services|Work Integrated Learning (WIL),True,,False,,,False,aligned,0,near_duplicate,0.8740,,20120615_00111740_Career_Services_Advisor.docx,
7d504b71-bb4e-5e48-b88d-0ed9c6ced5a7,"Manager, Student Recruitment & Transition",2,1,Student Engagement and Retention|Student Recruitment and Transition,True,,False,0,3,False,aligned,0,near_duplicate,0.9066,,20170704_00031919_Mgr_Student_Rcrtmnt_Transtn.docx,
7f20e912-e5e5-5785-8527-03ef172f7977,"Director, International Service for Students",2,1,AVPSI International Student Services|International Services for Students,True,,False,0,4,False,aligned,0,near_duplicate,0.9513,,20170502_00031180_Dir_IntrnSrvcs_for_Stdnts.docx,
85cc42d9-04ef-54b0-827f-1760929bbb1d,Computer Technician,2,1,Beedie School of Business|Department of Economics,True,cupe,False,,,False,aligned,0,role_equivalent,0.9474,,20141219_00000839_Technician.docx,
85da0eab-19ca-5731-a5bd-2aba34ce7f36,Business Analyst I,2,1,"Associate Vice-President, Students & International|Student Services",True,,False,,,False,aligned,0,near_duplicate,0.9653,,20061004_101045_Business_Analyst_I.doc,
8d76cdee-bd7f-5da8-b39a-b902d0c91fdb,Research Technician,2,1,FASS Office of the Dean|Linguistics,True,cupe,False,,,False,aligned,0,near_duplicate|role_equivalent,0.9330,,20190408_00125529_Technician.docx,
8f106f91-dce9-5707-ade0-a43f8b45b5b1,"Group Lead, Graduate Admissions, Records and Registration",2,1,Graduate Studies and Postdoctoral Fellows|Graduate and Postdoctoral Studies,True,cupe,False,0,2,False,aligned,0,role_equivalent,0.9523,,20170711_00121144_Clerk.docx,
90fb84af-1d18-5ee5-9f8c-a4b567373307,Nutritionist,2,1,Health & Counselling Services|Health and Counselling Centre,True,,False,,,False,aligned,0,near_duplicate,0.9487,,20061101_97411.doc,
9211db22-c6a1-5180-98a7-fc51360a8da9,"Manager, Finance",2,1,"Office of the Dean, Faculty of Arts and Social|Office of the Dean, Faculty of Arts and Social Sciences",True,,False,0,3,False,aligned,0,near_duplicate,0.8866,,20130501_00110810_Manager_Finance.doc,
92d75b9d-2b56-5118-bf99-0e21b9ef17b9,"Manager, Production",2,1,Reprographics|SFU Document Solutions,True,,False,0,3,False,aligned,0,near_duplicate,0.9020,,20051202_00097722Manager_production.doc,
97806519-bb52-51fd-addc-164e0294d4e1,Study Abroad Advisor,2,1,International Services for Students|SFU International,True,,False,,,False,aligned,0,near_duplicate,0.9862,,20050324_00097815Study_abroad_advisor.doc,
9a3931b4-d696-52fe-ba5d-cdd1467a905d,"Director, MECS Client",2,2,"Meeting, Event and|Meeting, Event and Conference Services (MECS)",True,,False,0,4,False,aligned,0,near_duplicate,0.8781,,"20080204_31273_Director,_MECS_Client_Serv.doc",
9c69ec89-4122-5db9-9f2a-ae09077e9ced,Junior Business Analyst,2,1,Beedie Administration|Beedie School of Business,True,,False,,,False,aligned,0,near_duplicate,0.9015,,20160527_00119311_Junior_Business_Analyst.docx,
9cb989d9-6c0c-52c0-8918-db862e30e5e5,"Coordinator, Graduate Program Admissions",2,1,Beedie School of Business|Business Graduate Program - Beedie School of Business,True,,False,,,False,aligned,0,near_duplicate,0.9567,,20140408_00096730_Coord_Grad_Prgm_Admsns.doc,
9d0a4347-1be2-5140-b703-f50f5ea6c4f8,"Financial Manager, Office of the Vice-President,",2,1,"Analytical Studies|Vice-President, Academic Office",True,,False,0,3,False,aligned,0,near_duplicate,0.9672,,20060317_00001808Financial_manager.doc,
9d4c7697-4506-5627-ac31-e85422c35b40,Communications Associate,2,1,"External Relations, Communication & Marketing|University Communications",True,,False,0,1,False,aligned,0,near_duplicate,0.8937,,20170323_00118864_Communications_Associate.docx,
9f37f40b-0091-5501-999e-7091bde6234b,Office Assistant,2,2,Recreation|Student Services Business Unit Administration,True,cupe,False,0,0,False,aligned,0,role_equivalent,0.8203,,20251201_00000628_JDFN_CUPE_20260302.docx,
a349ce8d-c1f7-546c-a39c-10b84b025519,Program Assistant,2,1,"Institute for the Study of Teaching and Learning in the Disciplines (ISTLD), Centre for Educational Excellence|Transforming Inquiry into Learning and Teaching (TILT)",True,cupe,False,0,0,False,aligned,0,role_equivalent,0.9816,,20210223_00130306_JDFN_CUPE_20210205.docx,
a76327eb-586e-5314-8c27-c0dbe59194e4,Student Learning Commons Coordinator,2,2,"Library, Student Learning Commons|Yosef Wosk Student Learning Commons (Surrey)",True,,False,,,False,aligned,0,near_duplicate,0.8798,,20150706_00102363_Learning_Srvcs_Coord.docx,
a7aaa054-ccec-53d1-9751-06ce76c89207,Enrollment Services Analyst,2,1,Student Enrollment Services|Student Enrolment Services,True,,False,,,False,aligned,0,near_duplicate,0.9882,,"20070517_00102158_Enroll_Serv__Analyst,_Student_Enroll_Serv.doc",
a8624f27-2831-5b19-a8a0-93c0bcb1bcec,Untitled Position,2,1,Audain Gallery|SFU Galleries,True,cupe,False,,,False,aligned,0,role_equivalent,0.9416,,20130213_00113063_Technician.doc,
a9001617-21c4-542d-b4d1-597bb8144cbf,"Manager, Media and Technical Services, LIDC",2,2,Learning & Instructional Devlopment Centre|Learning & Instructional Devlopment Centre@HC,True,cupe,False,0,3,False,aligned,0,near_duplicate,0.9176,,20010514_00030564Manager_media_AV_serv.doc,
aa22d9ce-1501-5ba9-9e59-b1330d8420aa,Director of Animal Care,2,2,Animal Care Facility|Animal Care Services,True,,False,0,4,False,aligned,0,near_duplicate,0.9160,,20000124_00000771Director_animal_care.doc,
aac1f88c-933e-5ec4-bd4e-4dd53239814a,Computer Systems Technician,2,1,Mechatronic Systems Engineering|Mechatronics Systems Engineering,True,cupe,False,,,False,aligned,0,role_equivalent,0.8483,,20150813_00117642_Technician.docx,
ab186f79-7d0a-5349-b373-8dd20522ad8b,"Senior Director (Managing Director), University Communications",2,1,"Communications & Marketing (External Relations)|Communications & Marketing, External Relations",True,,False,0,4,False,aligned,0,near_duplicate,0.9489,,20140908_00115875_Senior_Director_Uni_Cmns.docx,
ac05b3c1-ab4f-534f-9d1b-3976c040ec2b,Research Grants Officer,2,1,Research Services|VP Research Operation Admin,True,,False,,,False,aligned,0,near_duplicate,0.9037,,19940131_00030151Rsch_grants_officer.doc,
ad118d55-5de5-5baf-9396-d51c52371e4f,Program Assistant,2,1,"Communications & Strategic Enrolment Management Liaison, Student Services|SEM Liaison",True,cupe,False,0,0,False,aligned,0,near_duplicate|role_equivalent,0.9739,,20121022_00112248_Program_Assistant.docx,
b50682ea-44a7-5f77-ba1a-c438a3273800,Mental Health Intake Worker,2,1,Health and Counselling Centre|Health and Counselling Services,True,,False,,,False,aligned,0,near_duplicate,0.8901,,20061205_1436.doc,
b6d166e7-9e84-5543-b50d-bb641d92d903,Untitled Position,2,1,Continuing Studies|Lifelong Learning,True,cupe,False,,,False,aligned,0,role_equivalent,0.9151,,20090719_00103808_Technician.doc,
ba7bf27c-6eb2-5fac-a6b8-97de2adb01f5,Planning Analyst,2,1,AVP Financial Services – Planning & Analysis|Planning & Analysis,True,,False,,,False,aligned,0,near_duplicate,0.9803,,20160512_00110689_Planning_Analyst.docx,
bc975745-db00-5b99-abc4-3a5ba208d7c2,"Assistant Director, Student Academic Affairs",2,2,Office of the Dean of Student Services|Senate & Curriculum Services,True,cupe,False,0,4,False,aligned,0,near_duplicate,0.8707,,20061029_1492_Asst_Dir_Student_Acad_Affairs.doc,
c0b73e87-49b3-531a-a528-da040915391c,Scheduling Assistant,2,1,SFU Surrey Campus|Surrey Campus Administration,True,cupe,False,0,0,False,aligned,0,role_equivalent,0.9201,,20141219_00116379_Clerk.docx,
c2a7225c-aee2-53b4-91de-5934d83d45ac,Budget Coordinator,2,1,"Dean’s Office, Faculty of Communication, Art and Technology|Office of the Dean, Faculty of Environment",True,,False,,,False,aligned,0,near_duplicate,0.9072,,20171117_00122730_Budget_Coordinator.docx,
c4ea590e-3c7f-533d-987d-384a53f4f5cd,Departmental Assistant,2,1,Explorations Program at Surrey|Faculty of Arts & Social Sciences at Surrey,True,,False,0,0,False,aligned,0,near_duplicate,0.9767,,20050110_00097531Departmental_assistant.doc,
c5fa2d69-99a1-5fd8-88d5-e07742761442,List Coordinator,2,1,Advancement and Alumni Engagement|University Advancement,True,cupe,False,,,False,aligned,0,near_duplicate|role_equivalent,0.9179,,20190626_00030973_JDFN_CUPE_20191017.docx,
c9712ce0-7458-58f9-a672-20076ba51ea1,Associate Director,2,1,Admissions|Student Services,True,cupe,False,0,3,False,aligned,0,near_duplicate,0.9675,,20031201_00031565Assoc_dir_undgrd_records.doc,
cdb2c934-c8d6-5d37-bee0-d5d467e88a66,Web Communications Co-ordinator,2,1,Communications|Student Services,True,,False,,,False,aligned,0,near_duplicate,0.9659,,20040811_00096729Web_communications_coordinator.doc,
cdb8a0ca-f72a-50d1-ae45-1695e79b00f9,Undergraduate Advisor & Recruiter,2,1,Beedie School of Business|Faculty of Business Administration,True,,False,,,False,aligned,0,near_duplicate,0.9209,,20100824_00101792_UG_Advisor___Recruiter_24Aug10.docx,
ce7eb836-5e24-545e-812f-8f0296440e11,Production Assistant,2,1,Creative Services|Creative Studio,True,cupe,False,0,0,False,aligned,0,near_duplicate|role_equivalent,0.9271,,20140820_00112566_Program_Assistant.docx,
d4ea28fe-8193-5aaf-98d0-1b4c3547e24f,"Coordinator, Graduate Program Administration",2,1,Beedie School of Business|Business Graduate Program - Beedie School of Business,True,,False,,,False,aligned,0,near_duplicate,0.9344,,20140407_00114560_Coord_Grad_Prgm_Admn.docx,
e0394641-ef11-5450-b61e-a48804a507b9,Untitled Position,2,2,Campus Security|Parking & Sustainable Mobility Services,True,cupe,False,,,False,aligned,0,role_equivalent,0.8715,,20241202_109626_JDFN_CUPE_20250102.docx,
e18b2db5-d989-5e58-a375-7802d3a070e1,Technical Director,2,1,Contemporary Arts|School for the Contemporary Arts,True,,False,0,4,False,aligned,0,near_duplicate,0.8985,,20120907_00111900_Tech_Director.doc,
e5ee59ef-65d3-57a5-a1ad-9eecffea7700,"Coordinator, Research Grants and Projects",2,1,Criminology|Economics,True,,False,,,False,aligned,0,near_duplicate,0.9518,,20170615_00121470_Coord_Rsrch_GrantsProjects.docx,
e887e6b1-dcae-5f4e-a13e-d962e1b44f42,Secretary to the Chair,2,1,First Nations Studies|Indigenous Studies,True,cupe,False,,,False,aligned,0,role_equivalent,0.8636,,20130316_00111394_Secretary.docx,
e8984d26-35e4-5b19-b128-5719ec43fb0b,Systems Consultant,2,1,AISG|Applications Integration and Support (AISG),True,,False,,,False,aligned,0,near_duplicate,0.8650,,20060112_00099565Systems_consultantIII.doc,
e8f7359b-3fd0-58b6-a967-e6e127519af1,Women's Basketball Coach Position #: 00222,2,1,Recreation & Athletics|Recreational Services & Athletics,True,,False,,,False,aligned,0,near_duplicate,0.9693,,20010227_00000222Head_wmns_bsktbl_coach.doc,
e9ccc463-fb38-5e0a-ac64-6429fa15e2b7,"Program Assistant, Surrey",2,1,Arts Central|FASS Office of the Dean,True,cupe,False,0,0,False,aligned,0,near_duplicate|role_equivalent,0.9850,,20190321_00099724_Secretary.docx,
ea2bd31b-bcff-5b9f-a9ce-958e1eb16c16,Media Designer,2,1,TLC – Educational Media|Teaching and Learning Centre,True,cupe,False,,,False,aligned,0,near_duplicate|role_equivalent,0.9110,,20120801_00111697_Technician.docx,
efdf8118-94e1-5050-ae21-284f7cd4779f,Assistant to the Dean of Associate VP Student &,2,2,Associate VP Student & International|Student Services,True,,False,0,0,False,aligned,0,near_duplicate,0.8508,,20030611_00001360Asst_to_dean_of_stu_serv.doc,
f3acb95c-9369-5d82-b8fe-40e4d5812532,"Co-ordinator, Web Development Services",2,1,Communications|Office of the Registrar,True,,False,,,False,aligned,0,near_duplicate,0.9399,,20010222_00001020Coord_web_develop_serv.doc,
f6e8e514-a114-5d4f-9fcd-9b9b572acdf1,Senior Multimedia Developer,2,2,7th Floor Media|Continuing Studies,True,,False,,,False,aligned,0,near_duplicate,0.9618,,20080109_063865_Sr_Multimedia_Devlpr_gr10.doc,
ffd3c623-775c-5358-bf54-122b69afaa51,"Coordinator, Program & Policy",2,1,Safety & Risk Services- Campus Security|Safety & Risk Services- Program & Policy,True,,False,,,False,aligned,0,near_duplicate,0.9766,,20120717_00111764_Coord_Prgrm_Policy_Dvlp.doc,
e48ed066-9ca0-5838-b334-1e0e525f5d22,"Manager, Academic & Administrative Services",45,2,,False,apsa,False,0,3,False,major,18,exact|near_duplicate|role_equivalent,0.7548,,"20200601_00000061,_00030785,_00000208,_00000975_JDFN_APSA_20211117.docx",
d368fbf6-7242-5d6d-8a53-1b1e2cc76131,Admissions Coordinator,36,2,Student Recruitment and Admissions,False,apsa,False,,,False,major,17,exact|near_duplicate|role_equivalent,0.7529,,20190509_00006674_Snr_Admissions_Coordinator.docx,
58240502-4b24-5228-b03a-71bcb8391187,Business Systems Analyst,30,3,,False,apsa,False,,,False,major,2,exact|near_duplicate|role_equivalent,0.7554,,20200827_00129276_JDFN_APSA_20200826.docx,
5e87dece-f50b-5717-9ece-f600ec05f7cf,Senior Business Systems Analyst,23,3,IT Services,False,apsa,False,,,False,major,1,exact|near_duplicate|role_equivalent,0.7506,,20201001_00100418_JDFN_APSA_20201211.docx,
62b656f8-be73-54fd-bc24-5249861efdf5,Desktop Support Analyst,22,1,"IT Services, Application Services",False,apsa,False,,,False,major,21,exact|near_duplicate|role_equivalent,0.7675,,20171128_00122748_Desktop_Support_Analyst.docx,
c9bc455b-bcec-595c-9923-5b048bf426c7,Executive Assistant (Confidential Administrative Professional III),21,6,,False,apsa,False,0,0,False,major,3,exact|near_duplicate|role_equivalent,0.7503,,20210722_00130842_JDFN_APSA_20210618.docx,
35ff4ef8-abb4-531f-9f5b-6d29e63fe9b4,Financial Aid Awards Assistant,20,2,Financial Aid & Awards,False,cupe,False,0,0,False,major,1,exact|near_duplicate|role_equivalent,0.7847,,20140324_00115073_Clerk.docx,
4c424c1a-91a8-5c84-99b4-482903696338,"We are Canada’s engaged university, defined by our dynamic integration of innovative education, cutting-edge research, and far-reaching community engagement.",18,4,"IT Services, Strategic Services",False,apsa,False,,,False,major,15,exact|near_duplicate|role_equivalent,0.8875,,20201028_00001220_JDFN_APSA_20180717.docx,
5fe17bd5-3997-59f2-b174-bcf85bf030db,Untitled Position,18,1,,False,cupe,False,,,False,major,1,near_duplicate,0.9476,,20040520_00001108Clerk.doc,
d6504671-04ac-5f04-a675-dd6f09f317b5,"Coordinator, Faculty Affairs",16,8,,False,apsa,False,,,False,major,7,exact|near_duplicate|role_equivalent,0.7526,,20200521_00134899_00129706_JDFN_APSA_20230914.docx,
ae975a2d-4c5d-5a7a-9db4-be80b7d3375c,Intermediate Analyst,15,6,,False,apsa,False,,,False,major,4,exact|near_duplicate|role_equivalent,0.7510,,20210923_00131251_JDFN_APSA_20210830.docx,
55d2149c-05db-50f6-9671-5ef2f24f0c32,Pension & Benefits Consultant,13,4,,False,apex,False,0,3,False,major,11,exact|near_duplicate|role_equivalent,0.7646,,20210201_00122488_00001132_JDFN_APEX_20210201.docx,
9fc8ecbe-d85a-5e72-a192-e3aee2899589,"Coordinator, Communications & Marketing",12,2,FCAT Office of the Dean,False,apsa,False,0,1,False,major,5,exact|near_duplicate|role_equivalent,0.7605,,"20200921_00125851,00109864_JDFN_APSA_20201012.docx",
541cfff0-a12d-58f0-bad6-9861dc1b7145,"Manager, Administration",11,8,,False,apex,False,0,3,False,major,4,near_duplicate|role_equivalent,0.7642,,20220713_00133022_JDFN_APEX_20220713.docx,
397f6970-6b39-50ec-a074-a3308c83ebb8,Development Coordinator Direct Response,10,3,University Advancement,False,apsa,False,,,False,major,6,exact|near_duplicate|role_equivalent,0.8532,,20180819_20180819_00124373_Development_Coordinator_Direct_Response.docx,
24e80da7-29ed-5025-9aea-7ff7df80a198,Data Analyst,9,2,Beedie School of Business,False,apsa,False,,,False,major,2,exact|near_duplicate|role_equivalent,0.7996,,20170710_00121697_Data_Analyst.docx,
38b6ee40-bcae-5e5e-934d-f5f27a223ef6,Untitled Position,9,1,,False,cupe,False,,,False,major,8,exact|near_duplicate,0.8642,,20050104_00001818Technician.doc,
3fa77b67-b8aa-5e4c-9c96-90a86304ca8e,Executive Assistant,9,1,,False,apsa,False,0,0,False,major,6,exact|role_equivalent,0.7671,,20201001_00030125_JDFN_APSA_20201130.docx,
11f5b782-caf7-52ed-9f48-1e05edc8c599,"Analyst, Research Computing Support",8,2,IT Services – High Performance Computing,False,apsa,False,,,False,major,7,exact|near_duplicate|role_equivalent,0.8728,,20200930_00123010_JDFN_APSA_20201018.docx,
2ba6afb0-6f54-5bb8-82f1-6a10c46fd547,Project Manager II,8,2,,False,apsa,False,0,3,False,major,1,exact|near_duplicate|role_equivalent,0.7674,,20210810_00131121_JDFN_ASPA_20210803.docx,
58bffe5d-4ec4-53c4-8728-d5d54fdf0a5d,"Supervisor, Access Services",8,2,Library Access Services,False,apsa,False,0,3,False,major,2,exact|near_duplicate|role_equivalent,0.7584,,20210707_00130789_JDFN_APSA_20210616.docx,
f46897ba-c0ed-54b6-9e8b-0d2f7758cf76,Undergraduate Program Assistant,8,4,Contemporary Arts,False,cupe,False,0,0,False,major,2,near_duplicate|role_equivalent,0.8017,,20121011_00030536_Secretary.docx,
31a2204c-1353-512c-9dbe-011d559b342d,"Manager, Special Projects",7,3,Faculty of Education,False,apsa,False,0,3,False,major,1,exact|near_duplicate|role_equivalent,0.8641,,20180921_00124355_Dvlpmnt_Plnnr.docx,
3d3802f8-b66f-5b2a-a202-03a9add1fb44,Research Grants Facilitator,7,2,"Faculty of Arts and Social Sciences, Office of the Dean",False,apsa,False,0,4,False,major,4,near_duplicate|role_equivalent,0.7610,,20260317_00096642_JDFN_APSA_20260421.docx,
801b4c00-3a5f-5ff9-b403-d7a9cd8757e5,Junior CSR,7,4,SFU Document Solutions,False,cupe,False,0,1,False,major,2,near_duplicate|role_equivalent,0.7718,,20140704_00115568_Clerk.docx,
9befcc96-5dca-5600-abd6-5cb4aac38ce3,"Associate Director, Marketing & Communications",7,2,University Advancement,False,apsa,False,0,3,False,major,2,exact|near_duplicate|role_equivalent,0.8900,,20230724_00122653_00132818_JDFN_APSA_20230724.docx,
bf9d9d03-7f58-561d-a9a6-2f7c0cfcb21a,Untitled Position,7,1,,False,cupe,False,,,False,major,1,exact|near_duplicate,0.9018,,20050427_00080043Clerk_Typist.doc,
697c3ca1-7006-5ed2-a05f-0f0e2da127b9,Legal Counsel,6,1,Office of the President,False,apex,False,,,False,major,5,near_duplicate|role_equivalent,0.8349,,20210208_00130182_JDFN_APEX_20210118.docx,
6d8d8866-1698-5957-8905-82d052e383b7,Student Development Educator,6,2,,False,apsa,False,,,False,major,5,exact|near_duplicate|role_equivalent,0.8015,,20210304_00121943_JDFN_APSA_20210311.docx,
75dc5907-e8ce-5b6a-869f-6fb47c0e99d1,"Associate Director, Convocation and Events",6,2,Ceremonies and Events,False,apsa,False,0,3,False,major,4,exact|near_duplicate|role_equivalent,0.7611,,20171212_00000500_Sr_Assoc_Dir_Ceremonies_Events.docx,
cc7b0814-d041-5001-a3ed-941ab43b9503,Associate Research Grants Facilitator,6,4,,False,apsa,False,0,1,False,major,3,exact|role_equivalent,0.7555,,20210209_00130258_JDFN_APSA_20210125.docx,
cd6d34c5-953e-5f0a-bffa-577d180768d9,Senior Financial Planning Analyst,6,3,,False,apsa,False,,,False,major,3,exact|near_duplicate|role_equivalent,0.7641,,20220509_00122367_00000898_JDFN_APSA_20230518.docx,
e38ba24d-884e-52c4-b30c-c9ddef3a72c2,"Manager, Laboratory Operations",6,3,,False,apsa,False,0,3,False,major,1,role_equivalent,0.7523,,20210219_00130259_JDFN_APSA_20210122.docx,
1ecd8ef5-14cd-50d4-8ac0-02eef99f1ec4,Assistant to the,5,3,Undergraduate Programs Administration,False,cupe,False,0,0,False,major,2,near_duplicate|role_equivalent,0.7622,,20120911_00112287_Program_Assistant.docx,
23b9230a-728e-5941-8bf9-dda5b547ff31,Administrative Assistant,5,1,Faculty of Education,False,cupe,False,0,0,False,major,2,near_duplicate|role_equivalent,0.8655,,20170328_00030176_Program_Assistant.docx,
30c955d7-25c9-5237-9cd1-caa4a8702aef,Recreation Coordinator,5,1,Recreation,False,cupe,False,,,False,major,1,near_duplicate,0.9243,,20090615_00000284_Rec_Coord_Events.doc,
365c0f8e-e243-5b63-9cf9-362847e3688c,Recreation Coordinator,5,1,Recreation and Wellness,False,cupe,False,,,False,major,1,near_duplicate,0.9212,,20080721_00000284_Recreation_Coordinator.doc,
41b3c74a-be52-50b1-a7cf-ac70b99dd452,"Program Director, Centre for Distance Education",5,1,Centre for Distance Education,False,,False,0,4,False,major,1,near_duplicate|role_equivalent,0.8604,,20030130_00000559Program_director.doc,
95ed12d3-1bf8-568c-b817-c2a1d762cf4f,Junior Business Analyst,5,1,,False,apsa,False,,,False,major,1,exact|near_duplicate|role_equivalent,0.7609,,20211210_00131720_JDFN_APSA_20211115.docx,
9e10c28c-c17c-5a6b-874e-475316eba115,Information Systems Programmer,5,3,Faculty of Education – Education Central,False,cupe,False,,,False,major,4,near_duplicate|role_equivalent,0.9149,,20150303_00116761_Technician.docx,
a7b08c3c-33fa-58ae-b56a-fb9a7fa8eb25,Program Manager,5,2,,False,apsa,False,1,3|4,False,major,4,near_duplicate|role_equivalent,0.7826,,20220517_00132535_JDFN_APSA_20220422_(1).docx,
b1b083ac-9ace-5d93-ba57-ebb33753ad87,Lab Technician,5,1,Biological Sciences,False,cupe,False,,,False,major,3,near_duplicate|role_equivalent,0.7569,,20140929_00000082_Technician.docx,
d0186da4-0140-51a4-b8ea-c0575001cbf0,"Coordinator, Communications and Marketing",5,3,,False,apsa,False,,,False,major,4,exact|near_duplicate|role_equivalent,0.7506,,20241002_00136139_JDFN_APSA_20241001.docx,
d1aa4ebf-04ea-52b2-bce5-fdb1100ec135,Business Analyst,5,2,,False,apsa,False,0,3,False,major,1,role_equivalent,0.7515,,20210208_00130058_JDFN_APSA_20210202.docx,
d327c59d-1b09-5810-bdfa-12f9d201d36f,Strategic Partnerships Manager,5,3,,False,apsa,False,0,3,False,major,2,near_duplicate|role_equivalent,0.7577,,20210301_00130062_00133983_JDFN_APSA_20230201.docx,
fd47958f-d9f8-56a0-a8c2-0f4d510edd6d,"Coordinator, Events and Communications",5,3,,False,apsa,False,,,False,major,2,exact|near_duplicate|role_equivalent,0.7839,,20201116_00129727_JDFN_APSA_20201102.docx,
d72b7008-2717-5a2f-a603-a57da32fc840,"Chief of Staff, President’s Office",4,3,,False,apex,False,1,4|5,True,major,1,role_equivalent,0.7999,,20230918_00134839_JDFN_APEX_20230918.docx,
1e1ae3fa-2f67-5210-ba3c-16339bcbd798,"Information Technology Professional I,",4,1,Enterprise Systems - Application Services,False,apsa,False,,,False,major,1,near_duplicate|role_equivalent,0.7533,,20150128_00099986_ITP_I.docx,
2fe4c51f-1d14-585b-b429-e2934eaaf0d4,Recognition and Stewardship Manager,4,3,,False,apsa,False,0,3,False,major,1,near_duplicate|role_equivalent,0.7741,,20221119_00114407_JDFN_APSA_20221119.docx,
684fda55-c642-5ca9-a10e-bb761bd53934,"Manager, Student Central",4,2,AVPSI Strategic Enrollment Management Liaison,False,apsa,False,0,3,False,major,1,near_duplicate|role_equivalent,0.8013,,20181125_00104736_Manager_Student_Central.docx,
73523d63-a4dd-57fb-8da0-61b57a9d37cd,"Senior Director, Principal & Planned Gifts",4,4,,False,apsa,False,0,4,False,major,3,near_duplicate|role_equivalent,0.8527,,20230921_00125366_JDFN_APSA_20231101.docx,
80ec5d82-7de9-54ce-8d35-e60b33c88f89,"Associate Director, Academic Affairs",4,2,Faculty of Applied Sciences - Office of the Dean,False,apsa,False,0,3,False,major,2,near_duplicate|role_equivalent,0.8546,,20210604_00120650_JDFN_APSA_20210618.docx,
87fad965-39a1-5b4c-8e13-a2cb6c76a3d7,Untitled Position,4,1,Centre for Online and,False,cupe,False,,,False,major,1,near_duplicate|role_equivalent,0.7688,,20040816_00001451Technician.doc,
f1ce6979-e98a-5927-8562-9d9196dc71ba,RADIUS Lab Manager,4,2,,False,apsa,False,1,2|3,False,major,3,exact|near_duplicate|role_equivalent,0.8325,,20220316_00131922_JDNF_APSA_20220316.docx,
2a3823f4-b37e-5296-973d-fe35b1b6a5a6,HUMAN RESOURCES,3,1,,False,apsa,False,,,True,major,2,exact|near_duplicate,0.8875,,20070323_00101815Coordinator_Recruitment___Retention.doc,
79eeaea5-981b-57f1-8041-fe3b9dfb8b27,HUMAN RESOURCES             #01449,3,3,,False,apsa,False,,,True,major,1,role_equivalent,0.7583,,20020514_00001448Systems_consultantII.doc,
80ba3078-5eab-5825-bcf6-a8d5e9c4cc5b,"Executive Director, Campaigns",3,3,,False,apex,False,0,4,True,major,2,near_duplicate|role_equivalent,0.8857,,20220309_00130457_JDFN_APEX_20220427.rtf,
0bed1443-cae5-5df0-9f91-996a63710c5d,"Director, SFU’s Partnerships Hub",3,1,,False,apsa,False,1,3|4,False,major,1,role_equivalent,0.8222,,20211104_00131584_JDFN_APSA_20211021.docx,
137dcd77-17ca-5f34-890b-cd73cbfa19fe,Academic Policy and Project Analyst,3,2,Faculty Relations,False,apex,False,,,False,major,1,near_duplicate|role_equivalent,0.7519,,20231101_00000545_JDFN_APEX_20231101.docx,
143a7301-0254-5f00-bb3e-ec91728d0271,Greenhouse Technician,3,2,Biological Sciences,False,cupe,False,,,False,major,2,role_equivalent,0.9186,,20140930_00000070_Technician.docx,
1d706647-a762-5018-bb52-4839390c5ef3,Untitled Position,3,1,,False,cupe,False,,,False,major,1,near_duplicate,0.8543,,19990601_00000138Technician.doc,
1fb01a4d-16af-5073-8785-94947a543cb3,"Manager, Information Systems",3,3,,False,apsa,False,0,3,False,major,2,near_duplicate|role_equivalent,0.8201,,20210817_00001607_JDFN_APSA_20210930.docx,
2cd24c7a-68d4-5a00-82b1-e3f3af8d8dc1,"Manager, Learner Progress",3,3,,False,apsa,False,0,3,False,major,1,role_equivalent,0.7979,,20241220_00136600_JDFN_APSA_20241220.docx,
374a8ea8-604b-5d9c-be73-1820023c2170,Untitled Position,3,1,Faculty of Business,False,cupe,False,,,False,major,2,near_duplicate|role_equivalent,0.7550,,20081023_00097599_Clerk_Typist.doc,
43d0b844-90c0-56d8-86be-96e7dca602ee,"Director, Wellness and Recovery",3,3,,False,apex,False,1,3|4,False,major,2,role_equivalent,0.8318,,20210512_00126843_JDFN_APEX_20191029.docx,
50dbfaaf-6040-5c1d-a344-adf2caa9c864,Desktop Software Analyst,3,1,"IT Services, Client Services",False,apsa,False,,,False,major,2,near_duplicate|role_equivalent,0.8063,,20170822_00116706_Desktop_Software_Analyst.docx,
5313424e-197c-53b6-82ad-46cad0a745f3,The Registered Nurse works autonomously and in partnership with physicians and other members of an integrated health and counselling team in providing specialized high-quality care for the SFU and FIC,3,2,,False,apsa,False,,,False,major,2,near_duplicate|role_equivalent,0.8339,,20260301_00001148_JDFN_APSA_20260205.docx,
6a9cd83c-98b4-52f4-836f-7d616bdf3cc7,Incubation Programs Manager,3,1,"RADIUS, Beedie School of Business",False,apsa,False,0,3,False,major,2,near_duplicate|role_equivalent,0.8797,,20190127_00124173_Incubation_Programs_Manager.docx,
6fa6465b-0f36-5207-9772-d72d7b74be82,Digital Content Manager,3,3,,False,apsa,False,0,3,False,major,1,role_equivalent,0.9178,,20230518_00121986_JDFN_APSA_20230518.docx,
7d3e5af1-248c-5d8c-acd8-90287955e66f,"Program Director, City Program",3,3,,False,apsa,False,1,3|4,False,major,1,role_equivalent,0.8875,,20231114_00076018_JDFN_APSA_20231114.docx,
7d6065ff-2fdb-55da-9672-3ee01023973a,"Manager, Health Partnerships",3,3,,False,apsa,False,0,3,False,major,1,near_duplicate|role_equivalent,0.7930,,20250228_00136847_JDFN_APSA_20250227.docx,
91e9732d-770b-5f1b-82ad-9e637fa0d554,Knowledge Mobilization,3,3,,False,apsa,False,0,3,False,major,2,role_equivalent,0.7688,,20230710_00134369_JDFN_APSA_20230710.docx,
9b06da95-fcb0-5ac6-b091-6299204fa379,"|Specialist, Career Education|Position #:|00133267|",3,2,,False,apsa,False,,,False,major,1,exact|near_duplicate|role_equivalent,0.9523,,20220822_00133267_JDFN_APSA_2022-08-24.rtf,
c45b3d16-c2af-5dea-8518-f3cd3fa6553a,Systems Consultant I,3,2,School of Computing Science,False,,False,,,False,major,1,near_duplicate|role_equivalent,0.8525,,19991001_00000747Systems_consultantI.doc,
ef0fd07f-134b-51e1-a5d6-b9ae8b9acd60,Untitled Position,3,1,,False,cupe,False,,,False,major,1,near_duplicate,0.9648,,20061025_101115_Program_Assistant.doc,
549bb2d5-55f4-54ac-a756-7d387e420c26,"Executive Director, Dean’s Office",2,2,,False,apex,False,0,4,True,major,1,role_equivalent,0.7744,,20240617_00135811_JDFN_APEX_20240617.docx,
f2fe99f5-fdf4-557c-9ea5-91e197dd0fc4,"Executive Director, Office of the VPSI",2,2,,False,apex,False,0,4,True,major,1,role_equivalent,0.8545,,20220829_00133303_JDFN_APEX_20220913.docx,
fb3efee0-e2c8-5d62-80b4-91efbe2988eb,"Senior Director, Strategic Partnerships Hub",2,2,,False,apex,False,0,4,True,major,1,role_equivalent,0.9128,,20220602_00128824_JDFN_APEX_20211212.docx,
0f211429-9f4c-5217-89e8-0aa5431aac62,"Associate Director, Client Services (SFU Burnaby)",2,2,,False,apsa,False,0,3,False,major,1,role_equivalent,0.8368,,20230127_00109766_JDFN_APSA_20230127.docx,
1af4db97-6496-5218-b2e4-acbc13e19adf,"Program Coordinator, SFU Climate Innovation & ACT",2,2,,False,apsa,False,0,3,False,major,1,role_equivalent,0.7577,,20240904_00136067_JDFN_APSA_20240903.docx,
49c9926c-6613-505e-a51a-417a19e50646,"Associate Director, Indigenous Graduate Programs",2,1,,False,apsa,False,0,3,False,major,1,role_equivalent,0.8875,,20201217_00122762_JDFN_APSA_20210228.docx,
4a81ddad-8184-529e-9f7a-135e9cc144cc,Communications,2,2,,False,apsa,False,0,3,False,major,1,role_equivalent,0.8510,,20201130_00129826_JDFN_APSA_20201118.docx,
5612601f-0718-5d53-8fc7-4ff79f2d1efe,Communications Coordinator,2,2,,False,apsa,False,,,False,major,1,role_equivalent,0.7627,,20210520_00130651_JDFN_APSA_20210507.docx,
56e11277-d363-5c21-9c1d-0bdce192a548,"Director, Office for Indigenous Peoples",2,2,,False,apsa,False,0,4,False,major,1,role_equivalent,0.7902,,20250313_00105920_JDFN_APSA_20250423.docx,
6ce993fa-d648-58b7-9813-1e95e62fce73,Untitled Position,2,1,Faculty of Health,False,cupe,False,,,False,major,1,role_equivalent,0.8935,,20070104_00099528Technician.doc,
81207556-e4c5-5b0b-8262-af3e26c74867,Untitled Position,2,1,Centre for Online and,False,cupe,False,,,False,major,1,near_duplicate|role_equivalent,0.9874,,20070917_00006568_CU_Reg___Records_Clk_Nov07.doc,
83377d85-705c-55b0-9182-1307237c108e,"Director, Insights & Communications",2,2,,False,apsa,False,0,4,False,major,1,role_equivalent,0.7901,,20250507_00136439_JDFN_APSA_20250425.docx,
89cf63ca-c38d-58f7-8d30-95dfa2e116ad,Untitled Position,2,1,,False,cupe,False,,,False,major,1,near_duplicate,0.9278,,20020802_00000836Library_assistant.doc,
91d8de21-8291-5474-ade0-0c1316a7f188,"Coordinator, Projects and Events",2,2,,False,apsa,False,,,False,major,1,role_equivalent,0.7800,,20200303_00128117_JDFN_APSA_20200302_(1).docx,
95d410a5-fcf9-5ace-91c5-8ffb35bef778,"Associate Director, Residence Finance",2,1,,False,apsa,False,0,3,False,major,1,role_equivalent,0.8552,,20201009_00100807_JDFN_APSA_20201214.docx,
99ea13e9-6c80-502a-8f0a-7f89f12000f8,Software Engineer,2,2,,False,apsa,False,,,False,major,1,role_equivalent,0.7748,,20210825_00131120_JDFN_APSA_20210804.docx,
9be2a831-f9bc-5764-bb79-51e3e2916e57,"Manager, Prospect Research & Development",2,2,,False,apsa,False,1,3|4,False,major,1,role_equivalent,0.8119,,20241107_00030949_JDFN_APSA_20250305.docx,
b15fbef5-8278-58b9-a870-a2211c629d66,Communications Associate,2,2,,False,apsa,False,0,1,False,major,1,role_equivalent,0.8871,,20210915_00124761_JDFN_APSA_20220125.docx,
b39d8605-dbbc-5249-920d-68be8a11b7bb,Course Design Assistant,2,1,"Lifelong Learning, Online Development",False,cupe,False,0,0,False,major,1,role_equivalent,0.9472,,20190822_00126969_JDFN_CUPE_20190910_(1).docx,
ba360a85-28af-597f-8be2-08d51d8d562b,Untitled Position,2,1,,False,cupe,False,,,False,major,1,near_duplicate,0.9840,,20041216_00064481Secretary.doc,
cb485bd1-6026-5ea7-9307-d3008e45d181,Administrative Coordinator,2,1,,False,apsa,False,,,False,major,1,near_duplicate,0.9635,,20220804_00133076_JDFN_APSA_20220804.docx,
d1d7c555-bd40-50e7-949c-dbd8db2be622,"Manager, Knowledge & Practice",2,1,,False,apsa,False,0,3,False,major,1,role_equivalent,0.8338,,20220330_00123644_JDFN_APSA_20220606.docx,
d8fe8111-8561-55bc-950f-e16e3aafabc4,"Associate Director, Residence Life",2,1,Residence and Housing,False,,False,0,3,False,major,1,near_duplicate,0.9721,,"20080220_00064168_Assoc_Director,_Residence_Life.doc",
e06f01b6-9fb5-522c-bf0c-6714dd5fa251,Research Intelligence and Knowledge Mobilization Officer,2,1,,False,apsa,False,,,False,major,1,near_duplicate|role_equivalent,0.9164,,20230505_00134130_JDFN_APSA_20230324.docx,
e9224a4f-f430-5a59-a9ef-b204c4bc8363,"Director, Systems and Data",2,2,,False,apsa,False,1,3|4,False,major,1,role_equivalent,0.7897,,20210615_00130553_JDFN_APSA_20210518.docx,
ec02b6c5-c98d-56f2-bc51-f19d71ca080f,Programmer Analyst,2,1,Library Systems,False,cupe,False,,,False,major,1,role_equivalent,0.8584,,20101213_00101280_Programmer_Analyst.docx,
f03dd67f-88c7-5e7a-9fb4-a577dabd6104,Untitled Position,2,1,,False,cupe,False,,,False,major,1,near_duplicate,0.9381,,20051101_00001447Secretary.doc,
f332cd51-d41d-55cb-bff3-bd3100071a22,Untitled Position,2,1,SFU Art Gallery,False,cupe,False,,,False,major,1,role_equivalent,0.8199,,20080922_00099048_Gallery_Assistant.doc,
f72028a4-6b1a-5449-a4b1-10f5f5ed59cf,Untitled Position,2,1,Contemporary Arts,False,cupe,False,,,False,major,1,role_equivalent,0.9024,,20070929_00001606_Revised.doc,
f8474840-4421-5842-9f9c-dc9e6d6ef8a6,"Associate Director, Systems Development and Operations",2,2,,False,apsa,False,0,3,False,major,1,role_equivalent,0.9216,,20220906_00133331_JDFN_APSA_20220906.docx,
115ebb00-9bed-519a-98af-aa38d4c97d1e,Front Desk Clerk,40,5,Residence & Housing,False,cupe,False,1,1|2,False,minor,0,exact|near_duplicate|role_equivalent,0.7578,,20130114_00001135_Clerk.docx,
d664368f-9c87-5357-9d8a-f82a823ffb3f,Admissions Coordinator,29,4,,False,apsa,False,,,False,minor,0,exact|near_duplicate|role_equivalent,0.7547,,"20211018_00031842,_00098036,_00117893_JDFN_APSA_20220304.docx",
e1f445b4-a78b-5cad-9090-05fecd347382,Application Developer,26,3,Faculty Information Technical Solutions,False,apsa,False,,,False,minor,0,exact|near_duplicate|role_equivalent,0.8077,,20191025_00134219_00123055_JDFN_APSA_20230418.docx,
23201bc7-04b3-5413-9d51-838ce50479c6,Special Projects Manager,20,4,,False,apsa,False,0,3,False,minor,0,exact|near_duplicate|role_equivalent,0.7612,,20210324_00130481_JDFN_APSA_20210324_(002).docx,
1bb1a9ba-a98c-508f-b68d-b5dcc4fae919,Records Assistant,16,1,"Student Services - Information, Records & Registration",False,cupe,False,0,0,False,minor,0,exact|near_duplicate|role_equivalent,0.8017,,20121214_00001080_Clerk.docx,
17ed8bb0-9355-5f96-aae2-7686ac4622ee,Lead System Analyst,15,6,,False,apsa,False,1,2|3,False,minor,0,exact|near_duplicate|role_equivalent,0.7764,,20201028_00001219_JDFN_APSA_20190828.docx,
3694a665-3466-5fbb-91b6-79a59ae76b80,"Coordinator, Finance and Research Administration",12,5,,False,apsa,False,0,3,False,minor,0,exact|near_duplicate|role_equivalent,0.7788,,20221121_20221121_00124163_00129891_JDFN_APSA_20221121.docx,
0d3d52ad-7de5-5a26-b79b-2cf503126d01,Residence Life Coordinator,11,1,Residence and Housing,False,apsa,False,,,False,minor,0,exact|near_duplicate|role_equivalent,0.7786,,20190415_00109414_Residence_Life_Coordinator.docx,
c7d6186f-b68f-58ec-a0f6-f43a3342b4a8,Junior Business Analyst,11,1,,False,apsa,False,,,False,minor,0,exact|near_duplicate|role_equivalent,0.7822,,20220804_00119311_00133104_JDFN_APSA_20220804.docx,
f2894c85-7a2e-5812-9339-21c3a141647d,"Manager, Leadership Giving",11,6,,False,apsa,False,0,3,False,minor,0,exact|near_duplicate|role_equivalent,0.7818,,20250811_00116848_JDFN_APSA_20250811.docx,
1c94dc8a-7f00-5dcb-b08a-aaa7f448d788,Fabrication and Prototyping Manager,10,4,4D LABS,False,apsa,False,0,3,False,minor,0,exact|near_duplicate|role_equivalent,0.7537,,20171127_00122576_Lab_Scientist_Materials.docx,
441ca56b-1e3a-5ab9-bac7-84aaebeaf8d2,ADMINISTRATIVE & PROFESSIONAL,10,4,,False,apsa,False,0,0,False,minor,0,exact|near_duplicate|role_equivalent,0.7506,,20220714_00132933_JDFN_APSA_20220613.docx,
aa4e8b19-11ea-5cfa-99d3-f03e67a57eda,Senior Financial Analyst,10,5,,False,apsa,False,0,3,False,minor,0,near_duplicate|role_equivalent,0.7513,,20210721_00130986_JDFN_APSA_20210622.docx,
cdeda48a-a996-5082-9c12-4485e6c5fe38,"Director, Annual Giving",10,10,,False,apsa,False,1,3|4,False,minor,0,near_duplicate|role_equivalent,0.7623,,20241202_00136508_JDFN_APSA_20241202.docx,
cb884550-6e9a-5986-8d2c-6306063672c8,"Specialist, Labour & Employee Relations",9,2,,False,apex,False,0,0,True,minor,0,exact|near_duplicate|role_equivalent,0.7874,,20210330_00130445_JDFN_APEX_20210304.docx,
11343ee0-98f9-5fa7-815e-239c6cc76e49,Office Coordinator,9,3,Facilities Services,False,cupe,False,,,False,minor,0,exact|near_duplicate|role_equivalent,0.7867,,20100420_00001007_Secretary.docx,
3878672b-57b1-5f2b-bfd3-f9ce6a0857fe,Service Clerk,9,2,Facilities Management – SFU Surrey,False,cupe,False,,,False,minor,0,exact|near_duplicate|role_equivalent,0.7578,,20110810_00001597_Clerk_Gr_5_-_10_Aug2011_(SFU_Surrey)_-_FS.docx,
56d633fa-21b6-53fb-96c7-7c7ea288c068,Untitled Position,9,2,Science Dean’s Office,False,cupe,False,,,False,minor,0,exact|near_duplicate|role_equivalent,0.7559,,20161107_00031103_Secretary.docx,
6ac16c45-9e3a-56f5-a0d4-760d923ca38c,Associate Director,9,1,Lifelong Learning,False,apsa,False,0,3,False,minor,0,exact|near_duplicate|role_equivalent,0.7919,,20171114_00110540_Associate_Director.docx,
f3de7c9c-bb74-5c32-bb73-c1a65662af42,"Counsellor, Indigenous Students",9,6,,False,apsa,False,,,False,minor,0,near_duplicate|role_equivalent,0.7643,,"20220413_00119611,_00131510,_00132522_JDFN_APSA_20220413.docx",
3d0f06bc-9b5b-53ef-9821-8987bf0c93de,Untitled Position,8,1,,False,cupe,False,,,False,minor,0,near_duplicate|role_equivalent,0.7510,,20041208_00076009Secretary.doc,
535f02ce-2a29-5609-b2a2-d55dc690f8f9,"Director, Internal Communications",8,3,External Relations – Communications and Marketing,False,apsa,False,0,4,False,minor,0,near_duplicate|role_equivalent,0.8176,,20170921_00122364_Director_Internal_Cmnctns.docx,
b0622605-d451-5f0b-b719-e3ef8886dd2c,"Manager, Graduate Program",8,6,,False,apsa,False,0,3,False,minor,0,near_duplicate|role_equivalent,0.7505,,20210501_00000575_JDFN_APSA_20210921_(1).docx,
ca35a5df-729d-5036-81be-65933e7cef96,Co-op Student Career Advisor,8,1,,False,apsa,False,,,False,minor,0,exact|near_duplicate|role_equivalent,0.7552,,20220331_00097712_00103333_JDFN_APSA_20220331.docx,
ea973548-31da-58d0-a941-c89fd5477590,Communications Officer,8,2,,False,apsa,False,,,False,minor,0,exact|near_duplicate|role_equivalent,0.7659,,20211007_00110717_JDFN_APSA_20211007.docx,
265e6e01-1348-5058-97cc-dc4fd61d745b,"Associate Director, Communications & Marketing",7,3,,False,apsa,False,1,3|4,False,minor,0,exact|near_duplicate|role_equivalent,0.7545,,20250109_00136668_JDFN_APSA_20240109.docx,
4350cc35-cd70-5b00-88c2-94da82a0cf30,Technician,7,2,Physics,False,cupe,False,,,False,minor,0,near_duplicate|role_equivalent,0.7539,,20140917_00098457_Technician.docx,
5ed6a6e4-67f4-50e4-9e79-52bca92e2659,Administrative Coordinator,7,1,Faculty of Health Sciences,False,apsa,False,,,False,minor,0,exact|near_duplicate|role_equivalent,0.7504,,20190519_00126206_Administrative_Coordinator.docx,
7a22d364-1036-58f5-a380-daba42542239,Undergraduate Advisor,7,2,,False,apsa,False,,,False,minor,0,exact|role_equivalent,0.8034,,20230215_00031840_JDFN_APSA_20230215.docx,
aa841b48-854d-5b28-8309-de7e0c6a0a11,"Associate Director, Marketing and Communications",7,4,,False,apsa,False,0,3,False,minor,0,near_duplicate|role_equivalent,0.7627,,20210408_00130438_JDFN_APSA_20210318.docx,
ae18fd2b-2f89-57f7-ad92-9609666b4275,Untitled Position,7,2,"SFU International Services for Students Services for Students, Student Services",False,cupe,False,,,False,minor,0,exact|near_duplicate|role_equivalent,0.8153,,20140707_00030218_Secretary.docx,
eb45c91c-3894-50b0-86d8-277882a9369c,Business Analyst I,7,1,,False,apsa,False,,,False,minor,0,exact|near_duplicate|role_equivalent,0.7658,,20250206_00129931_00133265_JDFN_APSA_20250206.docx,
2679b19d-c8d2-5786-b5ad-665749269f19,Information Compliance Architect,6,2,"IT Services, Strategic Services",False,apsa,False,,,False,minor,0,near_duplicate|role_equivalent,0.8503,,20201028_00123432_JDFN_APSA_20180816.docx,
506abee6-d170-563c-8dc6-5127688e594e,Financial Analyst,6,1,Financial Reporting,False,apsa,False,,,False,minor,0,near_duplicate|role_equivalent,0.7646,,20240117_101196_JDFN_APSA_20240118.docx,
9e8617a8-8cc3-5f44-afd9-b84a6c193887,"Coordinator, Research Ethics Board",6,3,,False,apsa,False,,,False,minor,0,exact|near_duplicate|role_equivalent,0.7933,,20231017_00134979_JDFN_APSA_20231016.docx,
c313d54a-a350-5874-8f05-59fd2c35f7ca,Untitled Position,6,2,Campus Security,False,cupe,False,,,False,minor,0,exact|near_duplicate|role_equivalent,0.8019,,20130313_00103649_Clerk.docx,
ccb3c2f3-2c87-58a8-b3a8-471392e5db5a,Program Assistant,6,1,Faculty of Education,False,cupe,False,0,0,False,minor,0,near_duplicate|role_equivalent,0.8197,,20180321_00031133_Program_Assistant.docx,
cd977fff-2fdd-5cc8-a922-abee062f8f68,"Associate Director, Strategic Enrollment Management",6,2,Beedie School of Business,False,apsa,False,0,3,False,minor,0,near_duplicate|role_equivalent,0.8034,,20181012_00001908__Associate_Director.docx,
fa2b72a9-7921-53ae-a602-4b793df99c4b,"Application Administrator, CRM",6,2,"IT Services, Application Services",False,apsa,False,,,False,minor,0,near_duplicate|role_equivalent,0.8378,,"20200604_00126514,_00128857_JDFN_APSA_20200603.docx",
0d38041b-9e22-55ae-abf9-f069cd8f2b84,Untitled Position,5,1,,False,cupe,False,,,False,minor,0,near_duplicate|role_equivalent,0.7503,,20030610_00001004Building_technologist.doc,
466a66dd-bb9c-5be1-b605-6e355ac52f99,Microscopy & Imaging Technician,5,1,Molecular Biology and Biochemistry,False,cupe,False,,,False,minor,0,near_duplicate|role_equivalent,0.7860,,20240507_00108945_JDFN_CUPE_20240626.docx,
5ba11ea7-1ff2-516d-b52e-94fb2bbd86dc,"Coordinator, Graduate Programs",5,2,Faculty of Applied Sciences – Office of the Dean,False,apsa,False,,,False,minor,0,exact|near_duplicate|role_equivalent,0.8240,,20230324_00134154_JDFN_APSA_20230324.docx,
5c009b5d-dcdf-59f2-88a6-9910d6d7ffdf,Disabilities Services Officer,5,2,,False,apsa,False,0,3,False,minor,0,exact|near_duplicate|role_equivalent,0.7993,,20201208_00031480_JDFN_APSA_20210514.docx,
6e57ff2d-be33-5e44-8fee-7a70bf5aa584,Untitled Position,5,1,Residence & Housing,False,cupe,False,,,False,minor,0,exact|near_duplicate|role_equivalent,0.7846,,20071102_98885_Final.doc,
8b91d5c0-ca76-5d44-a83b-1c039a8b070d,Untitled Position,5,3,Lifelong Learning,False,cupe,False,,,False,minor,0,near_duplicate|role_equivalent,0.8025,,20120319_0006612_Technician.docx,
9d5a362f-b4bb-5705-8970-ee49eed1bed9,Technical Project Manager,5,1,,False,apsa,False,0,3,False,minor,0,exact|near_duplicate|role_equivalent,0.8011,,20230401_00122577_00122576_JDFN_APSA202401030.docx,
9e2d32ca-1d66-5732-8c12-79ab45736fa3,Untitled Position,5,1,,False,cupe,False,,,False,minor,0,exact|near_duplicate,0.9673,,20030113_00030601Clerk.doc,
a92fc227-3fea-59f0-b882-31476adb9830,Computer Systems Administrator,5,2,,False,apsa,False,,,False,minor,0,exact|near_duplicate|role_equivalent,0.7955,,"20201209_00000856,_00096793_JDFN_APSA_20201215.docx",
b096ce4d-a2fe-5e14-a416-20c2e7cfbd29,Program Assistant,5,1,Faculty of Education,False,cupe,False,0,0,False,minor,0,exact|near_duplicate|role_equivalent,0.7699,,20101110_00100602_Program_Assistant.docx,
de07eb79-5c55-5ecc-a478-34c4d9a48765,Sustainability and Climate Project Manager,5,1,,False,apsa,False,0,3,False,minor,0,exact|near_duplicate|role_equivalent,0.7871,,20250703_00137215_JDFN_APSA_20250623.docx,
f012bc26-a48b-5f84-80a5-1758b19afc35,"Educator EDI, Work Integrated Learning",5,2,,False,apsa,False,,,False,minor,0,exact|near_duplicate|role_equivalent,0.7771,,20200320_00128266_JDFN_APSA_20200323.docx,
f204e259-006e-52b5-a806-3095aa7939e7,Untitled Position,5,1,Alumni Relations,False,cupe,False,,,False,minor,0,near_duplicate|role_equivalent,0.7888,,20080505_30227_Secretary_gr7.doc,
0522037a-f9f9-5f3a-bc7c-17d20c53537e,"Director, Curriculum",4,4,,False,apsa,False,0,4,False,minor,0,near_duplicate|role_equivalent,0.7600,,20240307_00135469_JDFN_APSA_20240307.docx,
08ad02ed-8154-5eb4-ae1c-7fb5457e1d59,"Senior Director, Student Affairs",4,4,,False,apex,False,0,4,False,minor,0,role_equivalent,0.8145,,20230524_00134402_JDFN_APEX_20230221_(4).docx,
0bc64d1b-2909-5918-8a38-e27e90b92a7b,"Coordinator, Finance & Administration",4,3,,False,apsa,False,0,3,False,minor,0,role_equivalent,0.7725,,20210709_00130920_JDFN_APSA_20210618.docx,
0e1c6229-e3cc-53df-b5cf-7a62e7398e1e,"Associate Director, Indigenous Initiatives",4,1,Teaching & Learning Centre,False,apsa,False,0,3,False,minor,0,near_duplicate|role_equivalent,0.8041,,20180304_00123030_Associate_Director_Indigenous_Initiatives.docx,
28552fd3-d415-5f46-9ac9-dd35f2f57b5f,Records Technologist,4,2,Planning Support,False,cupe,False,,,False,minor,0,near_duplicate|role_equivalent,0.7739,,20140626_00001724_Building_Technologist.docx,
43415a52-185e-5f5b-a2dd-ad5ffde14d02,"Associate Director, Career Operations",4,2,,False,apsa,False,0,3,False,minor,0,exact|near_duplicate|role_equivalent,0.7825,,20220301_00131819_JDFN_APSA_20210917.docx,
45e30107-53ff-577e-8298-dec5ae75f69f,"Senior Advisor, Indigenous Relations",4,2,Faculty of Arts and Social Science,False,apsa,False,0,4,False,minor,0,near_duplicate|role_equivalent,0.7832,,20211005_00126227_JDFN_APSA_20210923.docx,
6033c8f7-9ce2-599b-8c15-746e2ac915fc,"Senior Director, Faculty Operations and Planning",4,1,Faculty of Education,False,apex,False,0,4,False,minor,0,near_duplicate|role_equivalent,0.7974,,20190113_00125499_Snr_Dir_Fclty_Ops_Planning.docx,
87eacc7e-65b9-546a-b982-1563e735305f,"Manager, Finance & Administration",4,2,Facilities Administration,False,apsa,False,0,3,False,minor,0,near_duplicate|role_equivalent,0.8010,,20170428_00121431_Mgr_Finance_and_Admin.docx,
8a1a3aae-9118-5279-9fce-1f8830750485,Project & Event Coordinator,4,3,FCAT Office of the Dean,False,apsa,False,,,False,minor,0,near_duplicate|role_equivalent,0.7531,,20190512_00126076_Project_Event_Coordinator.docx,
8e227408-7b46-54e8-b218-08dc667d85e2,Untitled Position,4,1,,False,cupe,False,,,False,minor,0,near_duplicate,0.9505,,20010201_00006347Clerk.doc,
92f266a1-8c03-5361-950f-80bc5070392d,"Manager, MBA Careers",4,2,,False,apsa,False,0,3,False,minor,0,exact|role_equivalent,0.8085,,20220512_00101778_JDFN_APSA_20220512.docx,
a3581444-4ebd-5937-bca4-087d0670d685,"Information Technology Professional I,",4,1,,False,apsa,False,,,False,minor,0,near_duplicate|role_equivalent,0.7605,,20141006_00115974_ITP_I.docx,
b404b1a4-e1ce-5fec-b72b-fbf16e4eb934,"Scheduling Agent, Halpern Centre and Event Assistant, MECS",4,2,"Meeting, Event & Conference Services, MECS",False,cupe,False,0,0,False,minor,0,near_duplicate|role_equivalent,0.8185,,20120606_00031128_Clerk_Typist.docx,
b60cf162-1e2c-500c-af89-4f2ca94b9c5b,Assistant to the Chair,4,1,Mathematics,False,cupe,False,0,0,False,minor,0,near_duplicate|role_equivalent,0.8966,,20111223_00000183_Secretary.docx,
b7b19740-b46b-5433-ae4d-b82a608a953d,Strategic Leadership Coordinator,4,1,University Advancement,False,apsa,False,,,False,minor,0,near_duplicate|role_equivalent,0.7930,,20230911_00134838_JDFN_APSA_20230911.docx,
be9d03e4-02f8-59b5-bb68-d0e26ea923d4,Athletic Therapist,4,1,,False,apsa,False,0,2,False,minor,0,exact|near_duplicate|role_equivalent,0.8270,,20231220_00030048_JDFN_APSA_20240117.docx,
bf7fad96-73ad-58d3-a070-066d35b01b36,"Associate Director, Community Engagement & Strategic Partnerships",4,1,Beedie Office of the Dean,False,apsa,False,0,3,False,minor,0,near_duplicate|role_equivalent,0.8906,,20210520_00110370_JDFN_APSA_20210520.docx,
d33abfb4-bb37-5deb-9f67-b602fe4004e5,"Manager, Civil Trades & Projects",4,2,,False,apsa,False,0,3,False,minor,0,exact|near_duplicate|role_equivalent,0.8066,,20210106_00114553_JDFN_APSA_20210316.docx,
dbbc056b-ef23-5bb8-b7ff-5d1eb3f02a3b,"Associate Director, Mechanical/Electrical and Energy",4,3,Facilities Services,False,apsa,False,0,3,False,minor,0,near_duplicate|role_equivalent,0.8055,,20190304_00001755_Assoc_Dir_Mechanical_Electrical_Energy.docx,
124cec44-c49a-5ebd-8a75-aa5a1ed429ba,Executive Director,3,1,"Office of the Vice-President, Academic",False,apex,False,0,4,True,minor,0,near_duplicate|role_equivalent,0.8629,,20181028_00124886_Executive_Director.docx,
1f7bea9f-6132-50ea-a43c-a4d77455a718,"Executive Director, Human Resources",3,3,,False,apex,False,0,4,True,minor,0,role_equivalent,0.8462,,20210929_00131522_APEX_JDFN_20210927.docx,
06c0d082-29aa-5d38-b7c7-6d1e3aa48093,Business Analyst,3,3,,False,apsa,False,,,False,minor,0,role_equivalent,0.7610,,20210217_00126673_JDFN_APSA_20201019.docx,
07e5214c-747f-5e37-bbb4-d935626b02cd,"Program Director, Science",3,3,Continuing Studies,False,apsa,False,0,4,False,minor,0,role_equivalent,0.7785,,20000501_00000802Program_director.doc,
0952a20b-88df-5302-9d2f-7eb1c8dbcaa3,Student Learning Commons Assistant,3,1,"Library, Student Learning Commons",False,cupe,False,0,0,False,minor,0,role_equivalent,0.7757,,20060704_00100516_Clerk_Typist.docx,
11b468c5-18b2-5ceb-8d0f-03da2512c204,"Manager, Events and Special Projects",3,2,,False,apsa,False,0,3,False,minor,0,exact|role_equivalent,0.7694,,20211214_00131788_JDFN_APSA_20211130.docx,
1567d28d-64c3-5d0a-8a34-a42d079e0f15,"Manager, Audience and Event Services",3,3,,False,apsa,False,0,3,False,minor,0,role_equivalent,0.7830,,20190930_00128031__JDFN_APSA_20191124.docx,
2b83e851-eb63-52b9-a1ac-def82087eed6,Untitled Position,3,1,Office of the,False,cupe,False,,,False,minor,0,role_equivalent,0.7743,,20110121_00109090_Program_Assistant.doc,
36e1824f-943d-5d62-a722-d882ea71fda1,Untitled Position,3,2,Document Solutions,False,cupe,False,0,1,False,minor,0,role_equivalent,0.8007,,20150828_00117589_Technician.docx,
4244f363-da4c-58fe-9a4a-25c752b8433a,"Coordinator, Communications and Marketing",3,1,Residences,False,apsa,False,,,False,minor,0,near_duplicate|role_equivalent,0.8380,,20171108_0010182_Coordinator_Communications_Marketing.docx,
45caaa40-ae6f-537a-85fa-31e18ccf1a17,Untitled Position,3,1,Document Solutions,False,cupe,False,,,False,minor,0,role_equivalent,0.7612,,20100730_00076029_Technician.doc,
4d5de8c9-2975-5caa-9acc-6e4d774890bb,Untitled Position,3,2,Bookstore,False,cupe,False,,,False,minor,0,near_duplicate|role_equivalent,0.8788,,20181019_00124862_Clerk.docx,
4f087a4d-c2fc-54c6-af6f-35c7e717ae5a,"Projects Manager, Economic Reconciliation and CED",3,2,Faculty of Environment,False,apsa,False,0,3,False,minor,0,near_duplicate|role_equivalent,0.7799,,20190623_00126294__Project_Manager.docx,
51107a77-1322-5067-9a96-339929e79163,"Director, Student Affairs",3,2,,False,apsa,False,0,4,False,minor,0,role_equivalent,0.8088,,20220825_00120430_JDFN_APSA_20220825.docx,
5d3c45a1-4acb-5028-983d-3fae52127fd3,"Manager, Sports Information",3,2,,False,apsa,False,0,3,False,minor,0,exact|role_equivalent,0.7649,,20210723_00123335_JDFN_APSA_20210827.docx,
5d975aa4-c5c0-55bb-ad4d-7ad88cc8fa4f,Admissions and Enrolment Officer,3,2,Faculty of Applied Sciences,False,apsa,False,,,False,minor,0,near_duplicate|role_equivalent,0.8140,,20181127_00124940_Admissions_Enrolment_Officer.docx,
5e8230ad-1ad0-5f79-b5dd-4142c87fb693,Untitled Position,3,1,,False,cupe,False,,,False,minor,0,role_equivalent,0.7535,,20040503_00000082Technician.doc,
60f43312-1414-5d0c-9448-840ddd0db48f,Program Assistant,3,2,Faculty of Education,False,cupe,False,0,0,False,minor,0,near_duplicate|role_equivalent,0.7817,,20160405_00099920_Program_Assistant.docx,
6677d957-62cf-5a9e-bdda-402c2569215e,"Officer, Safety Operations",3,1,,False,apsa,False,,,False,minor,0,role_equivalent,0.7682,,20201201_00129849_JDFN_APSA_20201123.docx,
6fec28de-4a86-599f-acab-d22414b328d4,Untitled Position,3,1,Engineering Science,False,cupe,False,,,False,minor,0,near_duplicate|role_equivalent,0.8680,,20090319_00006912_Secretary.doc,
722e20fd-216c-5837-9add-e90c7ee72859,Untitled Position,3,1,Centre for Online and,False,cupe,False,,,False,minor,0,role_equivalent,0.7506,,20040501_00031329_WPO.doc,
91d5ed53-4fb5-5f76-88ed-b210f59057fb,Untitled Position,3,2,,False,cupe,False,,,False,minor,0,role_equivalent,0.7845,,20030425_00031257Clerk_typist.doc,
95b87b04-a5fa-5099-8e34-6921b7b04c81,Untitled Position,3,2,SFU Document Solutions,False,cupe,False,,,False,minor,0,role_equivalent,0.7717,,20160816_00098298_Technician.docx,
999c063a-5d6a-5c31-a0ca-df18db3df182,Untitled Position,3,2,Physics,False,cupe,False,,,False,minor,0,role_equivalent,0.7785,,20130514_00000215_Technician.docx,
9b1b5133-68ff-510c-9e7d-6746c6576a0f,Lead Product Owner,3,2,,False,apsa,False,0,2,False,minor,0,near_duplicate|role_equivalent,0.7526,,20241030_00030524_JDFN_APSA_20241210.docx,
a209eab0-3186-5099-acf9-ed361e3d6924,Untitled Position,3,2,Document Solutions,False,cupe,False,0,2,False,minor,0,near_duplicate|role_equivalent,0.7796,,20111128_00120641_Technician.docx,
a9806d39-4763-5e98-bd82-e41dd95aff5c,AV/Media Operations Manager,3,1,,False,apsa,False,0,3,False,minor,0,near_duplicate|role_equivalent,0.8024,,20210208_00125975_JDFN_APSA_20190829.docx,
acf40b12-5f34-5955-9c9c-7dfe6dd408e3,"Manager, Graduate Admissions",3,1,,False,apsa,False,0,3,False,minor,0,near_duplicate|role_equivalent,0.8439,,"20211217_00128816,_00110822_JDFN_APSA_20221111.docx",
b379007f-a504-5b25-8ed8-a25e27a11c2a,Program Assistant,3,1,Alumni Relations,False,cupe,False,0,0,False,minor,0,role_equivalent,0.8165,,20130205_00030227_Secretary.docx,
b7a34b75-8624-5426-b405-5c951fdfed7a,Untitled Position,3,1,Bookstore,False,cupe,False,,,False,minor,0,near_duplicate|role_equivalent,0.8253,,20110309_00001032_Buyer.doc,
bc0ee140-3553-5c2d-b682-faa8c557a952,"Coordinator, Special Projects",3,2,"Faculty of Arts and Social Sciences, Office of the Dean",False,apsa,False,,,False,minor,0,near_duplicate|role_equivalent,0.7565,,20170607_00121112_Project_Coordinator.docx,
bd6e8608-83d4-57ce-bcb4-bcc888de0766,"Director, Marketing & Communications",3,1,Business Marketing & Communications,False,apsa,False,0,4,False,minor,0,near_duplicate|role_equivalent,0.7788,,20210520_00098605_JDFN_APSA_20210706.docx,
bd8c5523-0799-5fc7-aa86-f2cc459912d3,"Director, Strategy & Operations",3,2,,False,apsa,False,0,4,False,minor,0,role_equivalent,0.7876,,20240111_00135247_JDFN_APSA_20240116.docx,
bebb6d23-ec48-5037-bf2d-78f47cd6fcea,Associate Research Grants Facilitator,3,1,"Faculty of Arts & Social Sciences, Office of the Dean",False,apsa,False,0,1,False,minor,0,role_equivalent,0.8438,,20210817_00125899_JDFN_APSA_20210826.docx,
beeab3e0-6c84-5050-a21c-f44d3577d138,Untitled Position,3,1,,False,cupe,False,,,False,minor,0,exact|near_duplicate,1.0000,,20060427_99418-2.doc,
c10aae96-8534-5360-820b-9a4b2e9c75db,Communications Officer,3,2,,False,apsa,False,,,False,minor,0,role_equivalent,0.7680,,20211010_00110615_APSA_JDFN_20211229_(2).docx,
d0b89461-9507-51d9-8fe9-d3799635ae23,Systems Consultant I,3,1,,False,apsa,False,,,False,minor,0,role_equivalent,0.8547,,20230918_103172_JDFN_APSA_20230918.docx,
d60d9258-550d-5613-8fbb-62f8c40045fc,"Manager, Production",3,1,Document Solutions,False,apsa,False,0,3,False,minor,0,near_duplicate|role_equivalent,0.7726,,20180928_00110610_Mgr_Production.docx,
ea8ae5d0-3ecb-5953-b9f6-43ebbd1f00e7,Untitled Position,3,1,Physics,False,cupe,False,,,False,minor,0,near_duplicate|role_equivalent,0.8053,,"20080118_00000210,Clerk_Typist_gr_5.doc",
02b81449-caa1-58e3-817a-cd11d0e4e727,Campus Public Safety Supervisor,2,2,,False,apsa,False,0,3,False,minor,0,role_equivalent,0.8321,,20251118_00030958^00127529_JDFN_APSA_20251231.docx,
0d378a6c-334e-5286-be4d-57bdbbf4717b,Untitled Position,2,1,Facilities Services,False,cupe,False,,,False,minor,0,role_equivalent,0.7534,,20080222_00001316_Clerk.doc,
1354d0e8-92ae-536b-bd0b-bd213462473e,Strategic Business Analyst,2,1,,False,apsa,False,,,False,minor,0,role_equivalent,0.7858,,20210917_00110689_JDFN_APSA_20210927.docx,
1ba91a29-dc21-5781-bc1f-9bf1546e2f6f,"Supervisor, Parking Office",2,2,,False,apsa,False,0,3,False,minor,0,role_equivalent,0.8045,,20211008_00097249_JDFN_APSA_20211008.docx,
1fdefce2-ff01-564a-be78-a42c7f753546,Undergraduate Advisor,2,2,,False,apsa,False,,,False,minor,0,role_equivalent,0.8002,,20220909_00116281_JDFN_APSA_20220906.docx,
206b76a1-b349-560c-9666-d39f8e754b59,Untitled Position,2,1,Library Management,False,cupe,False,,,False,minor,0,role_equivalent,0.7617,,20061017_00101069Word_Processing_Operator.doc,
21c90841-1a19-5d9a-a2a6-55950d5e0cbf,Untitled Position,2,1,Student Services,False,cupe,False,,,False,minor,0,role_equivalent,0.8463,,20190523_00001070_Secretary.doc,
29742879-a173-51d1-87e6-29024e5fdc8a,Secretary,2,2,Centre for Dialogue,False,cupe,False,,,False,minor,0,role_equivalent,0.8560,,20150316_00116839_Secretary.docx,
2af6d5ff-c899-52fe-ae76-f0488ebda405,"Advisor, Research Security",2,2,,False,apsa,False,,,False,minor,0,role_equivalent,0.7647,,20260316_00134490_JDFN_APSA_20260406.docx,
2bf7dae0-4e38-5817-8509-bf1ebe66ea3d,Untitled Position,2,1,,False,cupe,False,,,False,minor,0,role_equivalent,0.8078,,19950118_00031142Technician.doc,
327b2120-a4f5-58c5-a7f7-c15b01c6fa9e,Untitled Position,2,1,Bookstore,False,cupe,False,,,False,minor,0,role_equivalent,0.7570,,20100623_00107914_Clerk.doc,
3d22b998-d6b4-5773-899c-64d88c3e0d67,Research Machinist,2,1,,False,poly,False,,,False,minor,0,role_equivalent,0.7535,,20230728_00030924_JDFN_POLY_20230816.docx,
40d1abe3-91c2-5cd3-8ecd-0eceafba75e5,"Associate Director, Student Aid",2,2,,False,apsa,False,0,3,False,minor,0,role_equivalent,0.7646,,20220809_00099595_JDFN_APSA_20220809.docx,
43773d14-2834-5c63-8c87-391a61f465a3,Untitled Position,2,1,Department of,False,cupe,False,,,False,minor,0,near_duplicate|role_equivalent,0.8204,,20130220_00031125_Secretary.doc,
491a7399-e241-5f7c-ba29-9316d0c7ae3d,"Manager, Graduate Admissions",2,2,,False,apsa,False,0,3,False,minor,0,role_equivalent,0.8067,,20200123_00096730_JDFN_APSA_20191115_(3).docx,
50179811-0b33-552f-acb1-7b882a896b35,"Associate Director, Advancement Information Services",2,1,,False,apsa,False,0,3,False,minor,0,role_equivalent,0.7656,,20250306_00136820_JDFN_APSA_20250303.docx,
57e96431-a493-5999-8ea4-50d5184467a3,Budget and Financial Analyst,2,2,,False,apsa,False,0,3,False,minor,0,role_equivalent,0.7736,,20201026_00129682_JDFN_APSA_20201016.docx,
5a37c0f0-1d28-5386-ac90-94eb1d3214ae,Stores Clerk,2,1,Science Stores,False,cupe,False,,,False,minor,0,role_equivalent,0.8008,,20190503_00000145_Stores_Clerk.docx,
61ac10c0-3a11-5233-b678-b97ea369670c,Untitled Position,2,1,Financial Services,False,cupe,False,,,False,minor,0,role_equivalent,0.9094,,"20080213_103606__103607_Clerk,_gr_3.doc",
65400c07-3f87-56ca-83a8-367cfa75cb31,Immigration Services Manager,2,2,,False,apex,False,0,3,False,minor,0,role_equivalent,0.7804,,20200824_00103360_JDFN_APEX_20210311.docx,
6aedf201-718a-5f2d-bcfe-d24963e0fdee,Untitled Position,2,1,,False,cupe,False,,,False,minor,0,near_duplicate,0.8748,,20020611_00064933Technician.doc,
6cf22484-237d-5261-92b7-cc788a677a2a,Donor Pipeline Manager,2,2,,False,apsa,False,0,3,False,minor,0,role_equivalent,0.8022,,20221216_00133489_JDFN_APSA_20221128.docx,
7006548c-29c9-538a-8cfc-252fc35442bb,"Senior Product Manager, Solutions Delivery",2,2,,False,apsa,False,0,3,False,minor,0,role_equivalent,0.7648,,20250618_00136913_JDFN_APSA_20250416.docx,
731eda10-8ae1-5133-bf22-ca26f9f36860,"Director, Communications & Marketing",2,1,,False,apex,False,1,3|4,False,minor,0,role_equivalent,0.7508,,20250701_00122364_00126914_JDFN_APEX_20260312.docx,
7ae2b8f2-6a8d-5a32-bedf-aac5e2a5c9a0,Systems Administrator,2,2,,False,apsa,False,,,False,minor,0,role_equivalent,0.7749,,20231010_00001793_JDFN_APSA_20231102.docx,
7c9dba2c-df24-5f8d-83ba-e6f0866563a7,Business Analyst I,2,1,,False,apsa,False,,,False,minor,0,role_equivalent,0.7824,,20200925_00117560_JDFN_APSA_20150721.docx,
7f620dfc-b59b-56f3-b7c5-b1254741e05a,"Coordinator, Emergency Management",2,2,,False,apsa,False,,,False,minor,0,role_equivalent,0.7797,,20220907_00104809_JDFN_APSA_20220907.docx,
93e4b7fe-3eb5-5f23-b62f-b8e571ed835e,Strategic Compensation Consultant,2,1,,False,apex,False,,,False,minor,0,near_duplicate,0.9536,,20210705_00115087_APEX_JDFN_20210910.docx,
940fbaae-20c7-55f1-b3a7-2aa760292ae4,Content and Engagement Manager,2,2,,False,apsa,False,0,3,False,minor,0,role_equivalent,0.8058,,20210722_00130916_JDFN_APSA_20210608.docx,
985bbbf8-b012-5e22-a54e-1545871ff019,Laboratory Technician,2,1,Archaeology,False,cupe,False,,,False,minor,0,role_equivalent,0.8035,,20150616_00006374_Technician.docx,
b34d56d0-40fd-5ef4-bb51-4a0d7b65e7c2,"Associate Director, Academic Affairs",2,2,,False,apsa,False,0,3,False,minor,0,role_equivalent,0.7599,,20200520_00129704_JDFN_APSA_20201015.docx,
b7e67abc-fddb-5902-9bfe-9b90c326e7cb,"Director, Research",2,1,,False,apsa,False,0,4,False,minor,0,role_equivalent,0.8305,,20240111_00122040_JDFN_APSA_20240215.docx,
bd192097-eaf4-5f43-8bbe-91488e0a4a05,"Program Manager, EHRS (Biosafety & Laboratory Safety)",2,2,,False,apsa,False,0,3,False,minor,0,role_equivalent,0.7512,,20231004_0113589_JDFN_APSA_20231004.docx,
c023e0e0-afe0-517f-b6fd-ec4b97619c92,Untitled Position,2,2,Continuing Studies,False,cupe,False,,,False,minor,0,role_equivalent,0.8278,,20151124_00031030_Clerk_Typist.docx,
c22bd1f4-17dc-531e-8a4a-d3c4cddf7054,"Director, Donor Stewardship",2,2,,False,apsa,False,0,4,False,minor,0,role_equivalent,0.8007,,20220617_00131886_JDFN_APSA_20220511.docx,
cee19d61-43c2-5623-a9e2-18a25ac766ca,"Manager, Marketing, Recruitment & Events",2,2,,False,apsa,False,0,3,False,minor,0,role_equivalent,0.8155,,20240918_00108955_JDFN_APSA_20241027.docx,
d3e30e9f-d6cb-55d1-a87b-aabf6a0f459b,"Manager, Social Enterprise",2,2,,False,apsa,False,0,3,False,minor,0,role_equivalent,0.7701,,20211013_00126261_JDFN_APSA_20220606_(2).docx,
e86db2db-5a58-5efe-861e-799913cc8be8,Project Coordinator,2,2,,False,apsa,False,,,False,minor,0,role_equivalent,0.7505,,20241002_00136138_JDFN_APSA_20241001.docx,
ec0e4b58-df4d-5e1b-bca5-a8b965f37126,Major Procurement Contracts Officer,2,1,,False,apsa,False,,,False,minor,0,near_duplicate|role_equivalent,0.8160,,20250224_00097814^00136770_JDFN_APSA_20250224.docx,
ee5a64e3-e726-51dd-863d-1f0875ae9960,Untitled Position,2,1,School of Interactive,False,cupe,False,,,False,minor,0,role_equivalent,0.7691,,20090721_00106173_Technician.doc,
ef74febb-344d-5fa3-81b4-011ff8f5b9f7,Field Operations Manager,2,1,,False,apsa,False,0,3,False,minor,0,near_duplicate|role_equivalent,0.8174,,20220421_00132104_JDFN_APSA_20220421.docx,
fd55d940-6cf8-56dd-bc76-5b6a3329c077,"Coordinator, Student Success",2,1,,False,apsa,False,,,False,minor,0,role_equivalent,0.8374,,20200921_00129147_JDFN_APSA_20200915.docx,
ceac33a1-1c18-5405-9999-65b22f8c6849,Co-op Education Coordinator,37,1,Work Integrated Learning,False,apsa,False,,,False,aligned,0,exact|near_duplicate,0.8506,,20170331_00120735_Coop_Educ_Coordinator.docx,
c94cd4d3-35cb-52e8-bc98-5312e173ec8d,Student Affairs Coordinator,35,1,Faculty of Applied Sciences,False,apsa,False,,,False,aligned,0,exact|near_duplicate|role_equivalent,0.8586,,20210914_702_1369_133043^_JDFN_APSA_20230628.docx,
0f17b243-edae-559d-ad44-0e2b9ebbf9b0,Program Assistant,30,1,Work Integrated Learning – Central Operations,False,cupe,False,0,0,False,aligned,0,exact|near_duplicate|role_equivalent,0.9405,,20170222_00000180_Program_Assistant.docx,
fd5e109c-12b2-51fd-914c-5361e9409433,Co-op Education Coordinator,25,4,,False,apsa,False,,,False,aligned,0,exact|near_duplicate|role_equivalent,0.8503,,20220825_00000886_JDFN_APSA_20220825.docx,
58e7c14c-a934-5d96-96fe-9d4a4682e185,Counsellor,24,1,Health and Counselling Services - Counselling,False,,False,,,False,aligned,0,exact|near_duplicate,0.8672,,20170314_00001139_Counsellor.docx,
986c4f34-efb6-5c8d-bc2d-72f7430b10bb,Magnetic Resonance Technologist,24,2,"Vice-President Research, ImageTech",False,apsa,False,,,False,aligned,0,exact|near_duplicate|role_equivalent,0.8824,,20171120_00122676_Medical_Radiation_Technologist.docx,
46249478-3a85-5f3f-8200-0c1aa9f72933,Campus Public Safety Supervisor,23,2,Campus Safety & Security Services,False,apsa,False,0,3,False,aligned,0,exact|near_duplicate,0.8985,,20180306_00123339_Security_Supervisor.docx,
76fc5c0c-5142-5c82-8229-72830fd2fe1f,"Coordinator, Recruitment & Admissions",23,1,,False,apsa,False,,,False,aligned,0,exact|near_duplicate|role_equivalent,0.9564,,"20201014_00101940,_00126833_JDFN_APSA_20210107.docx",
938b896a-8474-55df-a8cb-7309763094d0,Business Analyst,23,1,,False,apsa,False,,,False,aligned,0,exact|near_duplicate|role_equivalent,1.0000,,20210125_00001362_JDFN_APSA_20200101.docx,
a187552b-1802-56ca-889b-80d7b9d79ef3,Academic and Student Affairs Advisor,22,1,"Faculty of Communication, Art and Technology",False,apsa,False,,,False,aligned,0,exact|near_duplicate|role_equivalent,0.8511,,20240917_00116299_JDFN_APSA_20241017.docx,
6041f17e-0c3d-5559-bc3d-6e8074c90440,Business & Policy Analyst,20,1,,False,apsa,False,,,False,aligned,0,exact|near_duplicate|role_equivalent,0.9607,,20200924_00001752_JDFN_APSA_20190221.docx,
8e398b04-56fe-54f0-ab16-3f62a3382eb2,Administrative Coordinator,19,4,,False,apsa,False,0,3,False,aligned,0,exact|near_duplicate|role_equivalent,0.7729,,20221215_00133706_JDFN_APSA_20221123.docx,
061a357b-a247-551b-bca1-4523ab5e06ab,International Student Immigration Advisor,18,2,,False,apsa,False,,,False,aligned,0,exact|near_duplicate|role_equivalent,0.9635,,"20201109_00099566,_00110658_JDFN_APSA_20210101.docx",
5fcba686-4cc3-5000-a73c-a54b35eb9774,Athletic Therapist,18,1,Recreational Services & Athletics,False,,False,,,False,aligned,0,exact|near_duplicate,0.9090,,20130618_00001702_Athletic_Therapist.doc,
8d1a7eee-9dc1-5e30-b353-ee5795890843,Application Developer,18,2,"IT Services, Learning and Community Systems",False,apsa,False,,,False,aligned,0,exact|near_duplicate|role_equivalent,0.8652,,20210120_00030734_JDFN_APSA_20210120.docx,
ae27da0d-512e-504f-929a-3a8a1c180c7b,"Coordinator, Executive Education",17,2,,False,apsa,False,,,False,aligned,0,exact|near_duplicate|role_equivalent,0.8248,,"20201222_00127946,_00127947_JDFN_APSA_20201222.docx",
27896a44-7bd4-5655-a274-047055648fc8,Educational Consultant,16,1,Teaching and Learning Centre,False,,False,,,False,aligned,0,exact|near_duplicate,0.9830,,20110211_00001415_Educational_Consultant.docx,
898ecda3-ca05-57c7-8d98-0136e1611bb6,Intermediate Analyst,16,1,Institutional Research and Planning,False,,False,,,False,aligned,0,exact|near_duplicate,0.9145,,20111031_00001258_Intrmd_Analyst.docx,
085ad44f-5cf3-5674-990f-73353fc84a86,Donation Processing Administrator,15,4,University Advancement,False,cupe,False,,,False,aligned,0,exact|near_duplicate|role_equivalent,0.8558,,20150901_00000339_Clerk_Typist.docx,
1829b82d-934a-5587-be08-b75c9df35d82,"Coordinator, Indigenous Student Life",15,2,Indigenous Student Centre,False,apsa,False,,,False,aligned,0,exact|near_duplicate|role_equivalent,0.9575,,20170726_00000044_Coordinator_Indigenous_Student_Life.docx,
308902b7-9781-58dc-a7b9-e3339e622e7d,Business Systems Analyst,15,3,,False,apsa,False,,,False,aligned,0,exact|near_duplicate|role_equivalent,0.9745,,"20201028_00124260,_00124297_JDFN_APSA_20200507.docx",
312d34a2-f045-5926-96c2-ef2c73b8d64c,"Senior Associate Director, Major Gifts",15,1,University Advancement,False,,False,0,3,False,aligned,0,exact|near_duplicate,0.9279,,20180624_00098935_Snr_Assc_Director_Major_Gifts.docx,
4ecf0854-4854-5550-a572-1aec2b985d2f,"Coordinator, Academic Program",15,2,School of Computing Science,False,apsa,False,,,False,aligned,0,exact|near_duplicate|role_equivalent,0.8602,,20240119_0115569^_00133976_JDFN_APSA_20240119.docx,
9e572561-a3c7-5cad-a56e-b521c8d9bb9f,Laboratory Engineer Electrical,15,3,Faculty of Applied Sciences,False,cupe,False,,,False,aligned,0,exact|near_duplicate|role_equivalent,0.8855,,20181122_00125029_JDFN_CUPE_20200604.docx,
cf221e50-e025-53e2-86b8-3a434ac8aec0,"Director, Advancement, Library",15,6,University Advancement,False,,False,0,4,False,aligned,0,near_duplicate,0.8512,,20150420_00117019_Dir_Advancement.docx,
eb01e508-8569-5123-a7ec-6a368725db08,Research Ethics Officer,15,1,Office of Research Ethics,False,apsa,False,,,False,aligned,0,exact|near_duplicate|role_equivalent,0.8288,,20200817_00123759_JDFN_APSA_20201217.docx,
0e7ca2a6-f560-556a-b5e4-f6562cbe3fdc,Untitled Position,14,1,,False,cupe,False,,,False,aligned,0,exact|near_duplicate,0.9225,,20041014_00001135Clerk_Typist.doc,
7caa41a2-55d1-5e33-982a-ad1cbeeebc4a,"Associate Director, Advancement,",14,2,University Advancement,False,,False,0,3,False,aligned,0,exact|near_duplicate,0.9473,,20150310_00109713_Assc_Dir_Advancement.docx,
a810b3fc-71ef-56b7-8160-a579be19a770,"Associate Director, Advancement,",14,2,University Advancement,False,,False,0,3,False,aligned,0,exact|near_duplicate,0.8516,,20141010_00116045_Assoc_Dir.docx,
b62b0878-b665-5839-a559-b6883aa00638,Portfolio Manager,14,3,"IT Services, Application Services",False,apsa,False,0,3,False,aligned,0,exact|near_duplicate|role_equivalent,0.8182,,"20180509_00097419,_00103132,_00122978_JDFN_APSA_20180508.docx",
c288b10d-4758-57b7-a689-656639b0c746,Service Desk Technician,14,1,IT Client Services,False,cupe,False,,,False,aligned,0,exact|near_duplicate|role_equivalent,0.9184,,20151106_00118187_Technician.docx,
db6199ad-ccde-5974-91d8-6db5b5024b9d,"Coordinator, Student Engagement",14,1,"Student Engagement and Retention, Student Services",False,,False,,,False,aligned,0,exact|near_duplicate,0.8709,,20160610_00119390_Coord_Student_Eng.docx,
0b055d92-a150-5f9c-8b9c-e0074f97686a,"The Academic Advisor works in a developmental capacity with undergraduate students, including prospective and new students, undeclared students, and students in academic difficulty, and assists them i",13,3,,False,,False,,,False,aligned,0,exact|near_duplicate|role_equivalent,0.8838,,"20220711_00107160,_00110581,_00118378^_JDFN_APSA_20230519.docx",
173db4d3-f932-5afe-b5c6-13047ebf50ad,Please contact HR Compensation at [contact redacted] for the job description.,13,1,,False,,False,,,False,aligned,0,exact|near_duplicate,1.0000,,20170516_APSA_20200923.docx,
6fdc94bf-f76b-5bf8-bf42-385c16b2c86a,Major Procurement Contracts Officer,13,1,Procurement Services,False,,False,,,False,aligned,0,exact|near_duplicate,0.9573,,20080104_00001457_Major_Procurement_Contract_Officer.doc,
acd0f95e-ff86-5b6f-8ba3-5f091011d08e,"Director, Advancement, School of Medicine",13,11,,False,apsa,False,0,4,False,aligned,0,exact|near_duplicate|role_equivalent,0.8600,,20230407_00108675_JDFN_APSA_20230407.docx,
c5b317d7-8057-5aab-8e35-459fe07d25b5,Untitled Position,13,2,Bookstore,False,cupe,False,,,False,aligned,0,exact|near_duplicate|role_equivalent,0.8669,,20160829_00001029_Clerk.docx,
fcd278ac-4e5f-5dd8-ad2e-61812ce24cbc,Disability Access Advisor,13,1,,False,apsa,False,,,False,aligned,0,exact|near_duplicate|role_equivalent,1.0000,,20201208_00000604_JDFN_APSA_20210527.docx,
62b4a7c4-13e3-528c-aab2-b9b791af6c9f,Untitled Position,12,1,,False,cupe,False,,,False,aligned,0,near_duplicate|role_equivalent,0.9185,,20030210_00000847Technician.doc,
8ee8ae6f-b107-53f3-9420-042aabc09cf5,Administrative Coordinator,12,1,Faculty of Applied Sciences – Office of the Dean,False,apsa,False,,,False,aligned,0,exact|near_duplicate|role_equivalent,0.9700,,20181125_00124939_Admin_Coordinator.docx,
ce3ae4c6-f25f-5085-b350-b7a689d4ddeb,"Laboratory Engineer, Mechanical",12,4,Faculty of Applied Sciences – Office of the Dean,False,apsa,False,,,False,aligned,0,near_duplicate|role_equivalent,0.8499,,"20210427_00125028,_00114576_JDFN_APSA_20210427.docx",
e33cf0a6-2d78-5ab4-a4bc-50b26c67ac0d,Untitled Position,12,1,,False,cupe,False,,,False,aligned,0,near_duplicate,0.9330,,20031118_00000342Medical_office_assistant.doc,
f2cb7420-7948-5dfc-99b3-d8ea46000528,Project Manager,12,2,,False,apsa,False,0,3,False,aligned,0,exact|near_duplicate|role_equivalent,0.8920,,20201221_00129098_JDFN_APSA_20210107.docx,
f9420dde-d557-5708-92df-399365a747b7,"Manager, Reprographics Operations",12,3,,False,cupe,False,1,3|4,False,aligned,0,exact|near_duplicate,0.9209,,20030317_00001043Technician.doc,
05efd364-2f47-5f45-80d1-84a979251031,Human Resources Strategic Business Partner,11,1,Human Resources,False,apex,False,,,True,aligned,0,exact|near_duplicate|role_equivalent,0.9431,,20190110_00123912_HR_Strategic_Business_Partner.docx,
7c174021-90e2-59f4-8129-6412251bacdd,Human Resources Coordinator,11,1,Human Resources,False,apex,False,,,True,aligned,0,exact|near_duplicate|role_equivalent,1.0000,,20190526_00126029_Human_Resources_Coordinator.docx,
e645ba3c-d11b-5bec-8a6d-7796633144ef,Human Resources Business Partner,11,1,,False,apex,False,,,True,aligned,0,exact|near_duplicate|role_equivalent,0.8779,,20220908_31199_1455_133387_134100_JDFN_APEX_20230314.docx,
16016e26-f237-5b27-a695-e901777c294e,Technician,11,2,VPR Animal Care,False,cupe,False,,,False,aligned,0,exact|near_duplicate|role_equivalent,0.8362,,20170405_00097642_Technician.docx,
33252ce1-7a22-55ff-a11e-08fdb9c118a3,Health Promotion Strategist,11,1,Health & Counselling Services,False,apsa,False,,,False,aligned,0,exact|near_duplicate|role_equivalent,0.9464,,20190315_00097411_Health_Promotion_Strategist.docx,
3427f600-0342-5054-96d0-88da8bb13864,"Program Coordinator, Career and Professional Programs",11,1,Lifelong Learning/Continuing Studies,False,apsa,False,,,False,aligned,0,exact|near_duplicate|role_equivalent,1.0000,,20180730_00031286_Prgm_Coord_Career_and_Pro_Prgms.docx,
381c34b1-ce58-5174-8da1-da564963852d,Student Accounts Clerk,11,3,Student Accounts,False,cupe,False,,,False,aligned,0,exact|near_duplicate|role_equivalent,0.8948,,20100203_00001783_Clerk.docx,
5a9d07c9-d0a6-53ac-a784-d569c696d5a0,Counsellor,11,1,Health & Counselling Services (HCS),False,,False,,,False,aligned,0,exact|near_duplicate,0.9549,,20160601_00001139_Counsellor.docx,
5dbf0f37-eb8f-59a9-9cae-b594b185dd14,"The Business Systems Analyst is responsible for eliciting, analyzing,",11,3,,False,apsa,False,,,False,aligned,0,near_duplicate|role_equivalent,0.9309,,20200928_00103190_JDFN_APSA_20190827.docx,
1c1677c6-fdfc-558d-8069-ce89fdb1373e,Human Resources Assistant,10,1,Human Resources,False,,False,0,0,True,aligned,0,exact|near_duplicate,0.9614,,20040329_00001121Human_resources_asst.doc,
0b0b340a-0930-57e6-bad2-8de64d64f592,Untitled Position,10,2,Financial Aid & Awards,False,cupe,False,,,False,aligned,0,exact|near_duplicate|role_equivalent,0.8692,,20240319_7518_31000_30061_JDFN_CUPE_202403219.docx,
15538fde-fdfc-5db8-8ee2-58317212fa2b,Research Contracts Officer,10,1,"VPR, Office of Research Services",False,apsa,False,,,False,aligned,0,exact|near_duplicate|role_equivalent,0.9026,,20221001_00123563^00138590_APSA_JDFN_20260625.docx,
2be8e492-cce3-57a1-9d63-fec0dfc87f2f,Untitled Position,10,1,Health & Counselling,False,cupe,False,,,False,aligned,0,exact|near_duplicate|role_equivalent,0.9965,,20190210_00125362_Medical_Office_Assistant.doc,
2d729660-2099-5107-a400-f783900449f8,Associate Student Recruitment & Admissions Coordinator,10,1,Student Recruitment and Admissions,False,apsa,False,0,1,False,aligned,0,exact|near_duplicate|role_equivalent,0.8821,,20190602_00126480_Assoc_Stdt_Rctmnt_Adm_Coord.docx,
2e47254a-8f9a-5ca3-8b8f-3933f2ba6e1b,Portfolio Manager,10,1,,False,apsa,False,0,3,False,aligned,0,exact|near_duplicate|role_equivalent,0.8614,,20210928_00131371_JDFN_APSA_20210913.docx,
30d9dd24-afa2-5c2c-b823-2f921737335d,Major Procurement Contracts Officer,10,1,Procurement Services,False,,False,,,False,aligned,0,exact|near_duplicate,0.9426,,20170515_00031896_Major_Prcrmt_Cntrct_Offcr.docx,
4d29d852-20b4-5aae-80b8-d8b33d737a54,"Director, Major Gifts,",10,4,University Advancement,False,,False,1,3|4,False,aligned,0,near_duplicate,0.8517,,20110331_00000947_Dir_Major_Gifts.docx,
69cffb35-0273-54c0-b9de-89bf79298429,Client Service Coordinator,10,3,"Meeting, Event and Conference Services",False,,False,,,False,aligned,0,near_duplicate,0.8552,,20130919_00114241_Client_Services_Coordinator.docx,
72e75430-1134-5a45-b08b-2d238baf9e30,Student Aid Officer,10,1,Financial Aid and Awards – Student Services,False,apsa,False,,,False,aligned,0,exact|near_duplicate,0.9190,,20170206_00120874_Student_Aid_Officer.docx,
7385a89f-0a2a-5d56-96aa-215bf78dcaf2,Untitled Position,10,1,,False,cupe,False,,,False,aligned,0,exact|near_duplicate,1.0000,,20120814_00096592_Technician.doc,
780296d6-c269-5ec7-a033-4cae90a257d3,Research Project Manager,10,1,,False,apsa,False,0,3,False,aligned,0,exact|near_duplicate|role_equivalent,0.8821,,20210111_00130085_JDFN_APSA_20201226.docx,
7c7d7801-d32e-5445-804e-8e080de9d0b5,Financial Analyst,10,2,,False,apsa,False,,,False,aligned,0,exact|near_duplicate|role_equivalent,0.8514,,20201001_00129884_JDFN_APSA_20201201.docx,
864d62a6-15c8-525f-81a8-48db2bccc7f2,Research Grants Officer,10,1,"Office of Research Services, VP Research",False,apsa,False,,,False,aligned,0,exact|near_duplicate|role_equivalent,0.9926,,20170529_00107695_Research_Grants_Officer.docx,
b3a933e6-e3bc-5de3-a61f-e6173f8e202f,Curriculum Coordinator,10,1,,False,apsa,False,,,False,aligned,0,exact|near_duplicate|role_equivalent,0.9700,,20241001_00136326_JDFN_APSA_2024101.docx,
24723645-060c-5c31-9a33-ad2a8847777d,"We are Canada’s engaged university, defined by our dynamic integration of innovative education, cutting-edge research, and far-reaching community engagement.",9,1,,False,apsa,False,,,False,aligned,0,exact|near_duplicate|role_equivalent,0.9852,,20220214_00120878_JDFN_APSA_20220722.docx,
2dfeda9f-8569-5782-8a9d-b727004baef6,Untitled Position,9,1,,False,cupe,False,,,False,aligned,0,exact|near_duplicate,0.9653,,20040116_00001783Clerk.doc,
50cdf137-4447-5956-a683-82b92b189f47,Educational Consultant,9,1,Curriculum & Instruction,False,,False,,,False,aligned,0,exact|near_duplicate,1.0000,,20190715_00001415_JDFN_APSA_20191108.docx,
6d617292-8add-5044-8060-e035232ed5e7,Undergraduate Advisor & Recruiter,9,2,Arts Central,False,apsa,False,,,False,aligned,0,exact|near_duplicate|role_equivalent,0.9878,,20230717_00134539_JDFN_APSA_20230717.docx,
81719f92-9778-5b62-a2df-31d4a0ce354a,Student Development Educator,9,1,Student Engagement and Retention (SER),False,,False,,,False,aligned,0,exact|near_duplicate,0.8704,,20140611_00001152_Student_Dvlp_Educator.docx,
9f0f5805-48c9-554a-9ac1-fac691ecf204,Financial Analyst,9,2,Facilities Administration,False,apsa,False,,,False,aligned,0,exact|near_duplicate|role_equivalent,0.9383,,20170424_00121000_Fin_and_Procurmnt_Analyst.docx,
cde59f9f-7fcc-57b4-bfb1-3c5784af5c4c,"Coordinator, Research Grants and Projects",9,1,School of Computing Science,False,apsa,False,,,False,aligned,0,exact|near_duplicate,0.9877,,20180419_00123336_Coord_Research_Grants_Projects.docx,
d35a7d2c-08f5-5f5f-ba81-43d781b6dd80,International Student Advisor,9,1,International Services for Students,False,,False,,,False,aligned,0,exact|near_duplicate,0.9419,,20130503_00099566_International_Student_Advisor.doc,
e168ab11-ddbf-519c-bff0-9323f9c18e0b,HVAC and Refrigeration Mechanic,9,1,,False,poly,False,,,False,aligned,0,exact|near_duplicate|role_equivalent,0.8582,,20241008_00030868_JDFN_POLY_20241009.docx,
ec9b91d2-12ac-53d0-a700-b5a32d31839b,Case Manager,9,3,,False,apsa,False,0,3,False,aligned,0,exact|near_duplicate|role_equivalent,0.9743,,20210503_00128229_JDFN_APSA_20210503.docx,
ff88a425-d30b-5be8-b22f-a3b8ea7acac3,Educational Consultant,9,1,Teaching and Learning Centre,False,,False,,,False,aligned,0,exact|near_duplicate,1.0000,,20140129_00001415_Educational_Consultant.docx,
145bb8ab-ce69-57b8-b171-976a4d15d0c0,HUMAN RESOURCES SIMON FRASER UNIVERSITY,8,2,,False,,False,,,True,aligned,0,exact|near_duplicate|role_equivalent,0.9028,,20160518_00119266_ITP_I.docx,
8232cfa7-7ee4-59b7-b6ac-0943ec0dd8ba,HUMAN RESOURCES,8,1,,False,,False,,,True,aligned,0,near_duplicate,0.8680,,20050919_00000190Occup_hlth_sfty_advisor.doc,
07e03eda-2533-5c7e-aaee-7f96331da49b,Untitled Position,8,1,,False,cupe,False,,,False,aligned,0,exact|near_duplicate,0.9545,,20040323_00006910Program_assistant.doc,
140a19b6-b3e7-50c9-90b6-21f8d5b3d02a,Senior Systems Engineer,8,3,"IT Services, Learning and Community Systems",False,apsa,False,,,False,aligned,0,exact|near_duplicate|role_equivalent,0.8790,,"20210210_00001226,_00101952_JDFN_APSA_20190828.docx",
38d6eeb8-43c9-528f-8457-41a40ada1538,"Assistant Director,",8,1,Facilities Management,False,,False,0,4,False,aligned,0,exact|near_duplicate,0.9472,,"20070305_00001755_Asst_Dir_Maint___Oper,_Fac._Mgmt.doc",
6e9bc649-f18e-53c3-8448-6af9bcdf8519,"We are Canada’s engaged university, defined by our dynamic integration of innovative education, cutting-edge research, and far-reaching community engagement.",8,2,,False,apex,False,0,4,False,aligned,0,exact|near_duplicate|role_equivalent,1.0000,,20210211_00123280_JDFN_APEX_20210210.docx,
828f360e-75cd-5957-967a-da5b090e7943,"Associate Director, Recruitment & Marketing",8,2,Beedie School of Business,False,apsa,False,0,3,False,aligned,0,exact|near_duplicate|role_equivalent,0.9595,,20190113_00110783_Assoc_Dir_Recruitment___Admissions.docx,
82dce348-8326-5e0f-91d0-1db6d6a6f917,Program Assistant,8,1,"Beedie School of Business, Executive Education, SFU Vancouver",False,cupe,False,0,0,False,aligned,0,near_duplicate|role_equivalent,0.9511,,20130108_00112829_Program_Assistant.docx,
8bfa2e65-4dee-560c-9853-4c4abbf7084f,Campus Public Safety Supervisor,8,1,,False,apsa,False,0,3,False,aligned,0,exact|role_equivalent,0.9700,,20200702_000127529_JDFN_APSA_20200702.docx,
a11bd08d-3271-579f-a920-3a848f5a72a2,Careers Advisor,8,2,Career Services,False,,False,0,2,False,aligned,0,exact|near_duplicate,0.8500,,20150122_00063039_Careers_Advisor.docx,
a4e8ba46-1781-5fba-9297-61c9b3c515bd,Senior Financial Analyst,8,1,Budget Office,False,apsa,False,,,False,aligned,0,exact|near_duplicate|role_equivalent,1.0000,,20170705_00000898_Senior_Financial_Analyst.docx,
a85a2f1d-d169-5efe-b42b-2f1a4cc54587,Untitled Position,8,1,,False,cupe,False,,,False,aligned,0,near_duplicate,0.8858,,20020819_00030138Clerk.doc,
ac88b77e-1859-5a61-9175-17cf4150ee95,Co-op Education Coordinator,8,1,Co-operative Education,False,apsa,False,,,False,aligned,0,exact|near_duplicate,0.8782,,20050501_00001500Coop_educ_coordinator.doc,
b18e3c41-14fa-5113-aed9-35e977d25f04,Senior PeopleSoft Systems Engineer,8,1,,False,apsa,False,,,False,aligned,0,exact|near_duplicate|role_equivalent,0.8837,,20201031_00001352^00138048_JDFN_APSA_20210211.docx,
d93add1c-bbd0-5faa-b9cd-aa282fe5ff6a,Careers Advisor,8,1,Career Services,False,,False,,,False,aligned,0,exact|near_duplicate,0.9907,,20161128_00103332_Careers_Advisor.docx,
e8b00b08-6107-5b01-b2c2-2ef2cea1e905,"Advisor/Recruiter, Undergraduate Programs",8,1,"Faculty of Communication, Art and Technology",False,apsa,False,,,False,aligned,0,exact|near_duplicate|role_equivalent,0.8827,,20230207_00108075_JDFN_APSA_20230208.docx,
d3bac094-87ed-5bae-96bb-713b8c3c228d,"Executive Director, Communications & Marketing",7,1,External Relations Communications & Marketing,False,,False,0,4,True,aligned,0,exact|near_duplicate,0.8912,,20130410_00113339_Exec_Director_Communicationg_Marketing.docx,
dee444f3-8fc7-5bd2-b4ae-270dd5bc39cd,"Executive Director, University Campaigns",7,3,University Advancement,False,apex,False,0,4,True,aligned,0,near_duplicate|role_equivalent,0.8858,,20180808_00123679_Exec_Dir_Univ_Development.docx,
04963941-49b3-5ab4-b548-470ba259f663,Systems Administrator/Engineer,7,2,IT Services - Infrastructure,False,apsa,False,,,False,aligned,0,near_duplicate|role_equivalent,0.8183,,20210217_00101827_JDFN_APSA_20190827.docx,
06e22672-faf5-5eff-be14-5c0469142595,Academic Advisor,7,1,Student Engagement and Retention,False,,False,,,False,aligned,0,near_duplicate,0.9052,,20170313_00107160_Academic_Advisor.docx,
070997bf-c9e5-5ea9-bb04-aa9df3d93c6e,Business & Policy Analyst,7,1,"Business & Policy Analysis, Student Success & Strategic Support",False,,False,,,False,aligned,0,exact|near_duplicate,0.9752,,20180805_00124391_Business_and_Policy_Analyst.docx,
12f9d395-c180-56f6-b06a-00eb1e5a0973,Program Assistant,7,1,Senate and Academic Services,False,cupe,False,0,0,False,aligned,0,exact|near_duplicate|role_equivalent,0.9136,,20110506_00001075_Clerk.docx,
14663001-dd5c-5f1d-8f80-ccb8b5264bb7,Pension and Benefits Specialist,7,1,Human Resources,False,apex,False,,,False,aligned,0,exact|near_duplicate|role_equivalent,0.9871,,20170707_00001132_Pension_and_Benefits_Spclst.docx,
1b4608e2-aa1c-5143-80c5-64e45525010f,Residence Facilities Assistant,7,1,Residence & Housing,False,cupe,False,0,0,False,aligned,0,exact|near_duplicate|role_equivalent,0.9154,,20160304_00098885_Clerk.docx,
23b5e73c-2c5e-5a31-820d-63a4a32b6499,Department Name/Section: Records,7,1,,False,cupe,False,,,False,aligned,0,near_duplicate,0.9691,,20050527_00001080Clerk.doc,
28ddbae2-aa80-50a1-a7c0-5bb8fe3c163d,"Coordinator, Special Projects and Initiatives",7,1,,False,apsa,False,,,False,aligned,0,exact|near_duplicate|role_equivalent,0.9699,,20200204_00127916_JDFN_APSA_20200128.docx,
2e53066e-fe7a-54c2-835a-3e8b778d0fad,Learning Specialist,7,1,Centre for Students with Disabilities,False,,False,,,False,aligned,0,exact|near_duplicate,0.9226,,20070403_00000604_Learning_Spec_Ctr_for_Students_with_Dis.doc,
33d58b1b-538e-50e4-a8af-0803a5ba6f4a,Library Assistant,7,1,Library Learning Instruction,False,cupe,False,0,0,False,aligned,0,exact|near_duplicate|role_equivalent,0.9850,,20171017_00000935_Library_Assistant.docx,
491ce061-3532-5a94-b8e2-232e533a90f0,Program Director (Centre for Online and Distance Education),7,1,Centre for Online & Distance Education (CODE),False,,False,0,4,False,aligned,0,exact|near_duplicate,1.0000,,20140908_00006590_Program_Dir.docx,
756c3c86-70e5-5187-9010-43b83a8e30b2,"Director, Bookstore/Spirit Shop and Document Solutions",7,1,Ancillary Services,False,apsa,False,0,4,False,aligned,0,exact|near_duplicate|role_equivalent,0.9865,,20191219_00127845_JDFN_APSA_20191219_(1).docx,
7d68642e-8b20-594e-b113-09388b237fef,Junior Analyst,7,2,"Information, Records & Registration",False,,False,,,False,aligned,0,exact|near_duplicate,0.9516,,20140603_00115460_Junior_Analyst.docx,
87a7e1b9-df7f-5317-abb7-604344bc7947,Untitled Position,7,1,,False,cupe,False,,,False,aligned,0,near_duplicate,0.9735,,20040213_00001082Clerk.doc,
913e77c7-d05c-52a6-bb03-652b1d15d602,"Director, Projects",7,1,AVPSI Student Support,False,apsa,False,0,4,False,aligned,0,near_duplicate|role_equivalent,0.9405,,20190113_00110391_Director_Projects.docx,
95db2474-945c-568f-8382-97655d782fec,Administrative Assistant,7,2,"Faculty of Applied Sciences, Office of the Dean",False,cupe,False,0,0,False,aligned,0,exact|near_duplicate|role_equivalent,0.8821,,20170516_00001872_Secretary.docx,
9c3a9027-b908-5c10-b3bb-e57278367d92,Career Services Advisor,7,1,"Career Management Centre (CMC), Beedie School of Business",False,,False,,,False,aligned,0,exact|near_duplicate,0.9079,,20160209_00118669_Career_Services_Advisor.docx,
a06d81ab-285c-5fd3-bdaf-31fde7a7037a,Senior Project Manager,7,1,Major Projects,False,,False,0,3,False,aligned,0,exact|near_duplicate,0.9361,,20150909_00101710_Senior_Project_Manager.docx,
ac651e95-e2f5-509d-83e2-2247f55b7dc4,Student Recruiter – Graduate Business Programs,7,1,"Beedie School of Business, Graduate Programs",False,,False,,,False,aligned,0,near_duplicate,0.8502,,20170208_00120894_Student_Recruiter.docx,
b4deb33a-1ca8-5a53-a779-ea1d4d44ac82,International Student Advisor,7,1,International Services for Students,False,apsa,False,,,False,aligned,0,near_duplicate|role_equivalent,1.0000,,20171213_00097250_International_Student_Advisor.docx,
b674b39e-4b24-5c61-8b63-46a90b1efdf1,"Coordinator, Global Engagement",7,1,,False,apsa,False,,,False,aligned,0,exact|near_duplicate|role_equivalent,0.9116,,20230801_00123383_00116708_00123645_APSA_JDFN_20231206.docx,
c3abab32-f0e8-513a-bfdc-b95986fb9516,Organizational Change Consultant,7,1,,False,apsa,False,,,False,aligned,0,exact|near_duplicate|role_equivalent,0.8944,,20230503_00134209_JDFN_APSA_20230502.docx,
c5d2432c-8d5b-51ed-9f6f-2762b0020498,Learning Technology Specialist,7,1,Teaching and Learning Centre,False,,False,,,False,aligned,0,exact|near_duplicate,0.9092,,20120327_00111308_Learning_Tech_Specialist.docx,
f4621d83-02af-5331-a7d2-227a40b5fb5c,Business & Policy Analyst,7,1,"Business & Policy Analysis, Student Success & Strategic Support",False,,False,,,False,aligned,0,exact|near_duplicate,0.9754,,20160201_00118671_BusinessPolicy_Analyst.docx,
f4a81538-71c3-581d-b87a-00128bbf362f,"Associate Director, Student Development and Engagement",7,1,Beedie School of Business,False,apsa,False,0,3,False,aligned,0,exact|near_duplicate|role_equivalent,1.0000,,20180930_00001532_Assoc_Dir_Stdt_Dvlp_Engmnt.docx,
f7b3ccab-193f-5e8b-82b0-d92e3c228103,Office Assistant,7,2,Physics,False,cupe,False,0,0,False,aligned,0,role_equivalent,0.8189,,20170403_00121041_Clerk.docx,
fd3119ad-8f6f-56e8-9a34-a12474a9b9f3,Untitled Position,7,1,,False,cupe,False,,,False,aligned,0,near_duplicate,1.0000,,20020305_00000316Library_assistant.doc,
41cfdfff-261e-543b-8c80-9b8d1a12efa9,Human Resources Associate,6,1,,False,apsa,False,0,1,True,aligned,0,near_duplicate|role_equivalent,0.8361,,20210723_00001121_JDFN_APSA_20210922.docx,
ad3b7b96-c903-5e3c-b82f-2bc97164c208,Compensation Consultant (Human Resources Professional III),6,1,Human Resources,False,apex,False,,,True,aligned,0,exact|near_duplicate|role_equivalent,1.0000,,20180627_00102104_Compensation_Consultant.docx,
02acbba5-fb4d-5a75-bbcf-cde73b625a35,Technician,6,1,Faculty of Education,False,cupe,False,,,False,aligned,0,exact|near_duplicate|role_equivalent,0.9744,,20130328_00001818_Technician.docx,
02cd0b91-2142-5d4a-b25e-375a1c3c3a2b,"Coordinator, Student Engagement",6,1,Beedie School of Business,False,,False,,,False,aligned,0,exact|near_duplicate,0.8689,,20121210_00112683_Coord_Student_Engmnt.doc,
06b310a1-d6c9-533a-af6e-123892e8ce52,SECURITY PATROL SHIFT SUPERVISOR,6,1,Campus Security,False,,False,0,3,False,aligned,0,near_duplicate,0.8699,,20030201_00000401Security_ptrl_shift_supv.doc,
084917cc-1a3a-5609-9925-fcf8d491e4c4,Untitled Position,6,1,Campus Security,False,cupe,False,,,False,aligned,0,exact|near_duplicate|role_equivalent,0.8289,,"20070226_1036,_103649__Clerk,_gr5.doc",
0a4aaaa8-be83-51e9-be10-fab8be763116,"Counsellor, Indigenous Students",6,1,Indigenous Student Centre,False,apsa,False,,,False,aligned,0,exact|near_duplicate,0.8643,,20171120_00119611_Counsellor_Indigenous_Students.docx,
4002fa11-524e-5b44-9c3e-1f3ef67f1e8d,"Director, Senior Leadership Support",6,3,,False,apsa,False,0,4,False,aligned,0,exact|near_duplicate|role_equivalent,0.9876,,20220303_00132254_APSA_JDFN_20220302.docx,
48b28fa3-21aa-5d11-93e3-5f74b8404e03,Student Advisor/Recruiter,6,1,Student Recruitment and Transition,False,,False,,,False,aligned,0,near_duplicate,1.0000,,20180607_00001085_Student_Advisor_Recruiter.docx,
5101afb1-ff3c-5323-8d11-da34fa279b86,"Project Manager, Advanced Research Computing",6,1,,False,apsa,False,0,3,False,aligned,0,exact|near_duplicate|role_equivalent,0.8502,,20231219_00117459_JDFN_APSA_20231219.docx,
59487491-2f0d-54fd-b507-c59768d517bf,"Co-op Education Coordinator, Business Administration",6,1,Co-operative Education,False,,False,,,False,aligned,0,near_duplicate,0.9725,,20110610_00000886_Coop_Educ_Coordinator_10Jun11.docx,
5e954c72-ad1c-5517-b2b0-56dcca53d1c0,Career Services Advisor,6,1,"Career Management Centre, Faculty of Business",False,,False,,,False,aligned,0,exact|near_duplicate,0.9400,,20060529_101285.doc,
64131cfc-48ba-5743-8bee-e2c67ecc2687,SECURITY PATROL SHIFT SUPERVISOR,6,1,Campus Security,False,,False,0,3,False,aligned,0,near_duplicate,1.0000,,20070822_00000401_Sec_Pat_Shift_Sup__Camp_Sec.doc,
6722f723-110a-5a75-ad3a-8acc562c9730,Systems Consultant I (Library Digital Humanities User Interface Developer),6,2,Library Systems,False,apsa,False,,,False,aligned,0,near_duplicate|role_equivalent,0.8785,,20200925_00123388_JDFN_APSA_20160613.docx,
67adc8d9-f504-5f71-9fae-2e7a6b08935b,Department Assistant,6,1,,False,cupe,False,0,0,False,aligned,0,near_duplicate|role_equivalent,1.0000,,"20070606_Secretary,_Gr._6,_0436,_French.doc",
683ade21-1253-5768-a45e-59e295c85fcb,"Manager, Service Centre",6,3,Faculty of Education,False,apsa,False,0,3,False,aligned,0,near_duplicate|role_equivalent,0.9469,,20200924_00064827_JDFN_APSA_20190829.docx,
6ff8e2ac-7524-57bb-b04c-5cd405855b74,Security and Systems Administrator,6,2,,False,apsa,False,,,False,aligned,0,exact|near_duplicate|role_equivalent,1.0000,,20210217_00076031_JDFN_APSA_20191021.docx,
717cf023-cfa6-5e0b-9d1a-b17eba8e9366,"Coordinator, Outreach Programs",6,1,"Faculty of Applied Sciences, Office of the Dean",False,apsa,False,,,False,aligned,0,exact|near_duplicate|role_equivalent,0.8750,,20250107_00124162_00130496_JDFN_APSA_20250107.docx,
77024dd8-0713-585a-ae27-fc8a1dd4c67d,Student Recruiter,6,2,Faculty of Environment Deans Office,False,apsa,False,,,False,aligned,0,near_duplicate|role_equivalent,0.9007,,20230502_00125824_00134294_JDFN_APSA_20230502.docx,
790bd8f3-c69b-5f88-b22e-2a4585efb7e1,Application Developer,6,1,"IT Services, Application Services",False,apsa,False,,,False,aligned,0,near_duplicate,0.9387,,20190127_00105048_Application_Developer.docx,
7b3b7f76-7026-5af1-9e14-b1b81ac6bdfc,SECURITY PATROL SHIFT SUPERVISOR,6,1,Campus Security,False,,False,0,3,False,aligned,0,near_duplicate,1.0000,,"20110525_30958,_Security_Patrol_Shift_Supervisor.doc",
7bd60c03-0418-5f79-8fe6-b9826843a27a,Electrician,6,1,,False,poly,False,,,False,aligned,0,exact|near_duplicate|role_equivalent,0.9598,,20180322_Electrician_JDFN_POLY_20200220.docx,
8359f315-3b83-50be-828a-35585fda8e49,Learning Services Coordinator ',6,1,"Student Learning Commons, W.A.C Bennett Library",False,,False,,,False,aligned,0,exact|near_duplicate,0.9176,,20090522_00001663_Learning_Serv_Coor.doc,
8631a586-ac66-54a6-b98f-93cd9deef713,Operations Supervisor,6,1,,False,cupe,False,0,3,False,aligned,0,near_duplicate,1.0000,,20050609_00000650Clerk.doc,
91c8041a-a520-506c-a3eb-a76313fd67d9,"Coordinator, Events and Communications",6,1,School of Computing Science,False,apsa,False,,,False,aligned,0,exact|near_duplicate|role_equivalent,1.0000,,20181127_00125025_Coordinator_Events_Communications.docx,
94bf9e9b-93d1-5d3c-8705-4d2b1dea7c19,Untitled Position,6,1,,False,cupe,False,,,False,aligned,0,near_duplicate,0.8725,,20070801_62763.doc,
96348826-4e74-5af0-815f-729465c0c1de,"Associate Director, Undergraduate Careers & Student Engagement",6,2,Beedie School of Business,False,apsa,False,0,3,False,aligned,0,exact|near_duplicate|role_equivalent,0.9834,,20181019_00001707_Associate_Director.docx,
9a39d96f-d739-52df-887d-3881cc2b3610,Research Chairs Facilitator,6,1,,False,apsa,False,,,False,aligned,0,exact|near_duplicate|role_equivalent,1.0000,,20250228_00136735_JDFN_APSA_20250227.docx,
9d687039-8cc3-5b36-9fb3-4165481d51a7,Coordinator Advancement and Alumni Engagement,6,2,,False,apsa,False,,,False,aligned,0,near_duplicate|role_equivalent,0.8215,,"20221201_00133724,_00133725_JDFN_APSA_20221201.docx",
aaf898e1-600f-5a2f-94c7-7c89db96fb6c,"Coordinator, Digital Strategy",6,2,"Beedie School of Business, Marketing & Communications",False,apsa,False,,,False,aligned,0,near_duplicate|role_equivalent,0.7896,,20221004_00133458_JDFN_APSA_20221006.docx,
ad471a57-9525-5d69-a092-a4a7fedeff01,Learning Technology Specialist,6,1,Lifelong Learning,False,apsa,False,,,False,aligned,0,near_duplicate|role_equivalent,1.0000,,20160810_00124912_Learning_Technology_Specialist.docx,
af775433-9441-57c4-9744-ee3ae00984b5,Plumber,6,1,,False,poly,False,,,False,aligned,0,exact|near_duplicate|role_equivalent,0.9700,,20200216_Plumber_JDFN_POLY_20200216.docx,
b32caff6-787c-50a6-9d1e-844f67223d6b,Untitled Position,6,1,Bennett Library,False,cupe,False,,,False,aligned,0,exact|near_duplicate|role_equivalent,0.9850,,20101119_00106797_Library_Assistant.doc,
b45513bb-0c1d-5348-b531-d9e45251485c,Systems Consultant I,6,1,,False,apsa,False,,,False,aligned,0,exact|role_equivalent,1.0000,,20200928_00113326_JDFN_APSA_20190823_.docx,
b5ce2e04-5a24-5bb4-b01b-e54ff38d6676,Untitled Position,6,1,Library Loans,False,cupe,False,,,False,aligned,0,exact|role_equivalent,1.0000,,20080313_00000551Library_Assistant.doc,
bc34f9a2-b83d-523c-8526-9c9bf6c2c062,SIMON,6,3,External Relations Administration,False,apsa,False,0,3,False,aligned,0,exact|near_duplicate|role_equivalent,0.9358,,20250729_00121807_JDFN_APSA_20250725.docx,
c34846a3-5b12-564e-a91c-3748b8f76ef0,"Coordinator, Alumni Relations",6,1,,False,apsa,False,,,False,aligned,0,exact|near_duplicate|role_equivalent,0.8763,,20211214_00131571_JDFN_APSA_20211103_.docx,
c43c7ff9-5cb8-5bf3-9888-acf18fa6e69d,ARC Systems Analyst,6,2,,False,apsa,False,,,False,aligned,0,near_duplicate|role_equivalent,0.8805,,20201028_00103076_JDFN_APSA_20200716.docx,
cd7c75d2-dcc9-5fed-b790-031a7f225416,Technology Coordinator,6,1,,False,apsa,False,,,False,aligned,0,exact|role_equivalent,0.9767,,20210208_00122743_JDFN_APSA_20191120.docx,
d3e82562-0ad7-51dd-9a35-353b8a874982,Audio /Video Production Technician,6,1,,False,cupe,False,,,False,aligned,0,near_duplicate,0.9747,,20001114_00000970Technician.doc,
d9347547-457c-5d89-bfb2-19a33144a6a2,Information Technology Professional,6,1,ESPM Project Management Office,False,,False,,,False,aligned,0,near_duplicate,0.9613,,20120823_00112149_Info_Tech_Professional.doc,
df7916ad-3469-5703-8701-0a6b53297a37,"Coordinator, Client Services",6,2,,False,apsa,False,,,False,aligned,0,exact|role_equivalent,0.9943,,20201210_114241_116762_112677_64749_98608^JDFN_APSA_20201210.docx,
ef14555a-a2b2-5b0c-9fc6-82a291b3f7e3,Research Software Developer,6,1,,False,apsa,False,,,False,aligned,0,exact|near_duplicate|role_equivalent,0.8941,,20220726_00128980_JDFN_APSA_20220726.docx,
f28a291d-40f6-5c7c-a549-30d940bd8044,Educational Developer,6,2,,False,apsa,False,,,False,aligned,0,exact|near_duplicate|role_equivalent,0.9526,,"20210105_00006590,_00006591,_00098396_JDFN_APSA_20210205.docx",
f44e85a0-2c61-548a-8c55-964a1ccb13b8,Case Manager,6,1,Sexual Violence Support & Prevention Office,False,apsa,False,0,3,False,aligned,0,near_duplicate|role_equivalent,1.0000,,20171030_00122629_Case_Manager.docx,
f5189e9c-be0d-5920-bff8-2028e35dde7e,Untitled Position,6,2,"Student Services - Information, Records & Registration",False,cupe,False,,,False,aligned,0,exact|near_duplicate|role_equivalent,0.8230,,20210713_00130805_JDFN_CUPE_20210519.docx,
464b6b8a-af0b-5a59-933d-b9e564679d79,Labour and Employee Relations Advisor,5,2,,False,apex,False,,,True,aligned,0,near_duplicate|role_equivalent,0.8909,,20210303_00130347_JDFN_APEX_20210221.docx,
56afc432-d60a-55e3-87d7-d99b8c9f1174,Human Resources Professional III (Labour Relations Advisor),5,2,Human Resources,False,apsa,False,,,True,aligned,0,exact|near_duplicate,0.9598,,20181119_00000842_HR_Professional_III.docx,
9e4995a9-477a-5492-8018-ab88ce672fc0,Human Resources Assistant (Advisory Services),5,1,Human Resources,False,apsa,False,0,0,True,aligned,0,exact|near_duplicate,0.8600,,20150126_00001121_HR_Assistant.docx,
9eecedec-56dd-51ba-a7e6-4ffce1276181,HUMAN RESOURCES,5,1,,False,,False,,,True,aligned,0,exact|near_duplicate,0.9297,,20130603_00113286_Coord_Registrar_and_Info_Services.docx,
00883203-ed30-5f5f-b26a-49b15307a5a6,Untitled Position,5,1,Belzberg Library,False,cupe,False,,,False,aligned,0,exact|near_duplicate|role_equivalent,0.9495,,20070724_99475_30665_30591_Library_Assistant.doc,
0604d8e8-cee5-5b00-9a7a-ce4cac9c1c68,Business & Policy Analyst,5,2,"Business & Policy Analysis, Student Enrolment",False,,False,,,False,aligned,0,exact|near_duplicate,0.9514,,20100416_00001752_Business_Analyst_I.docx,
067ccbf1-ee55-5368-adb3-ab202fc5a4d9,Untitled Position,5,1,,False,cupe,False,,,False,aligned,0,near_duplicate,1.0000,,20040220_00000574Library_assistant.doc,
06a3b006-6cff-504a-b0a7-29cfe33e51e6,Web and Data Services Developer,5,1,Beedie School of Business,False,apsa,False,,,False,aligned,0,near_duplicate,0.9173,,20190329_00125897_Web_Developer.docx,
098cd98d-056d-58ba-9019-b6fc7ee9a2c0,Untitled Position,5,1,,False,cupe,False,,,False,aligned,0,exact|near_duplicate,0.9450,,20061013_1391_Information_Assistant.doc,
09ddb2b2-2732-58dc-b504-0b83daa019ff,"Director, Communications and Marketing",5,1,,False,apsa,False,0,4,False,aligned,0,near_duplicate|role_equivalent,0.7948,,20211010_00128896_APSA_JDFN_20211229.docx,
0ae51e96-d67e-5375-a17b-9fa79612b87b,Labourer,5,1,,False,poly,False,,,False,aligned,0,exact|near_duplicate|role_equivalent,0.9700,,20200220_Labourer_JDFN_POLY_20200306.docx,
12f0ce26-c864-5fa3-b9dd-2001a4d71cb0,Untitled Position,5,1,,False,cupe,False,,,False,aligned,0,near_duplicate,0.9680,,20070504_00001763_CU_Tech_gr_10_Mult_OTS_4May07.doc,
16692d77-7c42-5b9e-b78c-94a5a80a9450,Business Systems Analyst I,5,1,Application Integration & Support Group,False,,False,,,False,aligned,0,near_duplicate,1.0000,,20040219_00001738Business_systems_analyI.doc,
1a836fac-397b-5d31-9a6d-698c8faffe2b,"Manager, Undergraduate Careers",5,1,Beedie School of Business,False,apsa,False,0,3,False,aligned,0,near_duplicate|role_equivalent,1.0000,,20181009_00124448_Manager_Undergraduate_Careers.docx,
1bcc5b94-0562-5938-a333-605fb5e21811,Untitled Position,5,1,,False,cupe,False,,,False,aligned,0,near_duplicate,1.0000,,19920824_00001251Computer_operator.doc,
1ef3ea63-8366-53ed-8e98-b3c5e3ed9e69,Learning Specialist,5,1,Centre for Students with Disabilities,False,apsa,False,,,False,aligned,0,near_duplicate,0.9425,,20170220_00101853_Learning_Specialist.docx,
20941760-437f-531d-b559-f03292b9a434,Untitled Position,5,1,,False,cupe,False,,,False,aligned,0,near_duplicate,0.8885,,20001018_00001763Technician.doc,
21fedf24-6ae8-5ed0-8cf0-2a981ae287f5,Client Services Coordinator,5,1,"SFU Vancouver - Meeting, Event and Conference Services",False,,False,,,False,aligned,0,exact,1.0000,,20160425_00064749_Client_Services_Coord.docx,
2a31d189-ef74-537b-8c7b-722f9d2367d1,"Coordinator, Creative Writing Program",5,1,Lifelong Learning,False,,False,,,False,aligned,0,near_duplicate,0.9440,,20151123_00118269_Coord_Creative_Writing_Prgm.docx,
2c012fa8-0885-5ad3-b6fc-1cef7b5362da,"Manager, Academic & Administrative Services,",5,1,Faculty of Arts & Social Sciences,False,cupe,False,0,3,False,aligned,0,near_duplicate,0.9706,,"20060321_00099543_Manager,_Academic___Admin.doc",
38f16744-fd24-50c8-8470-95f96c167572,Untitled Position,5,1,,False,cupe,False,,,False,aligned,0,exact|near_duplicate|role_equivalent,0.9850,,20020117_31791Clerk_Typist_5.doc,
3a07eeb3-8f16-518e-a74d-4bcf1000a669,Administrative Assistant,5,1,,False,,False,0,0,False,aligned,0,exact|near_duplicate,0.9883,,20200218_00007788_JDFN_APSA_20200218.docx,
3ad6adfb-3c4a-570c-adf9-a1e181221c97,"Contracts Officer, Real Estate Services",5,1,Facilities,False,apsa,False,,,False,aligned,0,exact|near_duplicate|role_equivalent,1.0000,,20180715_00124087_Contracts_Officer_Rl_Estt_Srvcs.docx,
3c8a4b70-a981-581c-9cba-c4af300c0b23,Alumni Records Coordinator,5,1,University Advancement,False,cupe,False,,,False,aligned,0,exact|near_duplicate,0.9956,,20200917_00129695_JDFN_CUPE_20201014.docx,
3e76b640-12af-528c-a2ac-9a2f47038ac0,"Coordinator, Communications and Marketing",5,1,"Office of the Vice-President, Research",False,apsa,False,,,False,aligned,0,near_duplicate|role_equivalent,1.0000,,20170530_00121618_Coord_Cmns_and_Mrktng.docx,
403baf47-4f72-5da5-97c2-4d4a6495af25,Client Service Coordinator,5,1,SFU Vancouver -,False,,False,,,False,aligned,0,near_duplicate,1.0000,,20050816_00064749Client_services_coord.doc,
44cd0e48-b4d1-5b9f-bda1-eb88f50d5f4a,"Manager, International Programs",5,1,Beedie School of Business,False,apsa,False,0,3,False,aligned,0,near_duplicate|role_equivalent,0.8523,,20170829_00122047_Manager_Intl_Programs.docx,
50f7ab8b-d377-53f7-89f2-1ce0d33870b0,"Learning Technology Specialist Position #: 00138458, 00138512",5,4,,False,apsa,False,,,False,aligned,0,exact|near_duplicate|role_equivalent,0.8374,,20250731_00137289_JDFN_APSA_20250728.docx,
5394e824-2684-5964-b612-e24e83bd7a43,Major Procurement Contracts Officer,5,1,Procurement Services,False,,False,,,False,aligned,0,exact,1.0000,,20111209_00031896_Mjr_Prcrmt_Cntrct_Offcr.docx,
5a89bb30-92ce-56a3-a9bc-ea96b25820af,Construction Inspector,5,1,Campus Planning & Development,False,,False,,,False,aligned,0,exact|near_duplicate,1.0000,,20070305_00030629_Const._Insp.__Campus__Planning___Dev.doc.doc,
608e3966-0a3b-5dcc-85c8-d148eb298ae4,Financial Services Analyst,5,3,,False,apsa,False,,,False,aligned,0,exact|near_duplicate|role_equivalent,0.8679,,20231106_00130317_JDFN_APSA_20231107.docx,
609fb14a-282a-5d1c-9fbb-6a25cb453d03,Study Abroad Advisor,5,2,Beedie School of Business,False,apsa,False,,,False,aligned,0,exact|near_duplicate|role_equivalent,0.8736,,20230213_20230213_00122746_00131808_JDFN_APSA_20230213.docx,
64608ab9-32a9-5cad-9c32-1f1df33cdb0f,Information Assistant I,5,2,Recruitment,False,cupe,False,0,0,False,aligned,0,exact|near_duplicate|role_equivalent,0.8529,,20130606_00001675_Clerk.docx,
651e2363-3492-5585-b784-3ea769f19659,"Coordinator, Curricular Experiential Learning",5,1,,False,apsa,False,,,False,aligned,0,exact|near_duplicate|role_equivalent,0.9915,,20211007_00131489_JDFN_APSA_20210928.docx,
6e595cbd-1d99-53f7-8442-0b53103e4f71,Systems Consultant I,5,1,,False,apsa,False,,,False,aligned,0,exact|near_duplicate,1.0000,,"20200825_00113327,_00129268,_00129270,_00129271_JDFN_APSA_20200825.docx",
6ed1f86b-d5cb-552d-8c8e-7324c44fdffa,Health Promotion Specialist,5,1,Health and Counselling Services (HCS),False,,False,,,False,aligned,0,exact|near_duplicate,0.9635,,"20071029_00097411,_Health_Promotion_Specialist,_gr8,_HCS.doc",
6f4548e6-5ce3-5467-b444-3f6fbcd60719,Web Developer,5,1,Faculty Information Technical Solutions,False,apsa,False,,,False,aligned,0,near_duplicate|role_equivalent,0.9719,,20201028_00124259_JDFN_APSA_20190815.docx,
6febdd37-6c2b-5d62-a9c3-4f631b17385b,Untitled Position,5,1,,False,cupe,False,,,False,aligned,0,near_duplicate,1.0000,,20030203_00000701Clerk_typist.doc,
704b145c-7b2c-52c8-acf0-90a4b624636c,Information Assistant,5,1,Lifelong Learning,False,cupe,False,0,0,False,aligned,0,exact|role_equivalent,0.8757,,20110527_00109764_Clerk.docx,
71da6f0a-7d4d-52fb-97dd-f0c5a7fd5142,"Coordinator, Student Engagement",5,1,Beedie School of Business,False,apsa,False,,,False,aligned,0,exact|near_duplicate,0.9016,,20180306_00119885_Coordinator_Student_Engagement.docx,
7520c601-77d8-5e21-a312-5601401ae9d1,Solutions Architect,5,3,Faculty Information Technical Solutions,False,apsa,False,,,False,aligned,0,near_duplicate|role_equivalent,0.8944,,20201028_00123053_JDFN_APSA_20190809.docx,
754af9c6-ac71-514d-9271-125a4f627d1c,Clerk,5,1,Research Accounting,False,cupe,False,,,False,aligned,0,exact|near_duplicate|role_equivalent,0.9847,,20150930_00030601_Clerk.docx,
757d53ef-3874-580c-b574-def8c2b90bcb,Junior Business Analyst,5,1,Beedie School of Business,False,apsa,False,,,False,aligned,0,near_duplicate|role_equivalent,0.9966,,20190714_00126418_Jr_Business_Analyst.docx,
77b0104b-4c83-5fab-be3a-610e04fac383,Product Owner,5,2,"Business Solutions, IT Services",False,apsa,False,,,False,aligned,0,exact|near_duplicate|role_equivalent,0.8711,,20190818_00125565_00138229_JDFN_APSA_20260330.docx,
7b97c9f5-fefc-58b2-9e63-4680a345114f,Assignments Assistant,5,1,Residence and Housing,False,cupe,False,0,0,False,aligned,0,exact|near_duplicate|role_equivalent,0.8533,,20160201_00099146_Clerk.docx,
7e5c405f-1662-59f5-bc8a-cbb0f8febb8e,Untitled Position,5,1,,False,cupe,False,,,False,aligned,0,near_duplicate,0.9858,,20060331_00001388Library_assistantMarch2006.doc,
8bcc227b-f73a-5194-a768-3bedb07d8401,Budget Analyst,5,2,Budget Office,False,apsa,False,,,False,aligned,0,near_duplicate|role_equivalent,0.9017,,20170706_00121035_Budget_Systems_Analyst.docx,
95ef2847-8ee2-5ec5-9b25-701ccf4967e9,Business Analyst I,5,1,,False,apsa,False,,,False,aligned,0,exact|near_duplicate|role_equivalent,0.9937,,20200925_00122678_JDFN_APSA_20171121.docx,
982a820e-2aea-5f53-b837-b51935ac2e54,Project Manager,5,2,,False,apsa,False,0,3,False,aligned,0,exact|near_duplicate|role_equivalent,0.9692,,20241212_00136547_APSA_JDFN_20241205.docx,
99446af8-052d-5c2b-b839-d56b932471ef,Reporting & Awards Analyst,5,1,Office of Sustainability,False,apsa,False,,,False,aligned,0,exact|near_duplicate|role_equivalent,1.0000,,20171004_00121127_Reporting_and_Awards_Analyst.docx,
9c983bab-a7d8-5931-aa1e-46ba21679d93,"Manager, Marketing",5,1,,False,apsa,False,0,3,False,aligned,0,exact|near_duplicate|role_equivalent,1.0000,,20191023_00102996_JDFN_APSA_20190116.docx,
a0ee83fc-4d1b-55bb-8c0a-775c50355581,Student Awards Officer,5,1,Financial Aid & Awards,False,,False,,,False,aligned,0,exact|near_duplicate,0.9821,,20110815_00101896_Student_Awards_Officer.doc,
a1517ae5-8248-577b-a536-0a7435d836d7,Technology Coordinator,5,1,Client and Research Services (CaRS),False,,False,,,False,aligned,0,exact|near_duplicate,0.9057,,20120308_00103154_Tech_Coord.doc,
a5ca8bb6-ea79-5d1c-b25f-decd0c0d565a,English as an Additional Language Consultant,5,1,"Curriculum & Instruction Division, Centre for Educational Excellence",False,apsa,False,,,False,aligned,0,exact|near_duplicate|role_equivalent,0.9895,,20190715_00126172_EAL_Consultant.docx,
a899fd4a-7b13-57ea-974c-3e8e1f0ca109,PeopleSoft System Administrator/Database Administrator,5,1,,False,apsa,False,,,False,aligned,0,exact|near_duplicate|role_equivalent,0.8859,,20210211_00001354_JDFN_APSA_20191220.docx,
abc66397-2f5b-5cd2-9556-39ab321a7c8c,"Manager, Operations and Administrative Services",5,1,Faculty of Applied Sciences,False,apsa,False,0,3,False,aligned,0,near_duplicate|role_equivalent,0.8843,,20230106_00124158_JDFN_APSA_20230105.docx,
acd580f9-508c-572d-a16f-b423ac58fd35,Administrative Coordinator,5,1,SFU International,False,apsa,False,,,False,aligned,0,exact|near_duplicate|role_equivalent,0.9700,,20190519_00126091_Admin_Coordinator.docx,
ada397d9-bb8b-5c2d-9662-fe2691f41fab,"Coordinator, Student Engagement",5,1,,False,apsa,False,,,False,aligned,0,near_duplicate|role_equivalent,0.9700,,20210721_00112683_JDFN_20210901.docx,
b08b7c3a-8052-5af0-80d4-fc31c3c9e61f,"Coordinator, Indigenous Graduate Student Programs",5,1,Graduate Studies,False,apsa,False,,,False,aligned,0,near_duplicate|role_equivalent,1.0000,,20171101_00115614_Coord_Indigenous_Grad_Std_Prgm.docx,
bbf113cc-b8c9-5da3-b27c-59cb7ccd3ac0,Untitled Position,5,1,School for the,False,cupe,False,,,False,aligned,0,near_duplicate|role_equivalent,0.9305,,20120411_00110817_Secretary.doc,
be1f3c5c-23c0-57ef-92cf-6f6ab4b62c1c,Web Content Strategist,5,1,Office of Vice-President Research (VPR),False,apsa,False,,,False,aligned,0,near_duplicate|role_equivalent,0.8714,,20200925_00121695_JDFN_APSA_20190808.docx,
c308f297-7b6e-516e-ba72-c0706cb4bff1,Web Services Developer,5,1,"Faculty of Business, Marketing & Communications",False,,False,,,False,aligned,0,exact|near_duplicate,1.0000,,20060919__00100466_Web_Services_Developer_Bus.Admin..doc,
cddf1bbf-be59-5b7e-a4f6-1323ad917a99,Associate Academic Advisor,5,1,Student Services – Engagement and Retention,False,,False,0,1,False,aligned,0,exact|near_duplicate,0.9696,,20170525_00112926_Associate_Academic_Advisor.docx,
d083433f-c43b-5f83-9bb8-52c6fa23b059,Co-op Education Coordinator,5,1,Co-operative Education,False,apsa,False,,,False,aligned,0,near_duplicate,0.8574,,20120112_00111024_Coop_Educ_Coord.docx,
d53ea5c8-3250-5399-ab54-c026888942f6,Untitled Position,5,1,,False,cupe,False,,,False,aligned,0,exact|near_duplicate|role_equivalent,0.9307,,20041203_00001102Clerk_Typist_.doc,
de05b08f-d72e-53f4-bca1-b815b8d8efa3,Undergraduate Advisor,5,1,School of Criminology,False,,False,,,False,aligned,0,exact|near_duplicate,0.8763,,20140312_00031855_Undergraduate_Advisor.docx,
de293c22-decf-5cf8-bcb1-e91d31ea5ec5,"Manager, Digital Content",5,2,School of Communication,False,apsa,False,0,3,False,aligned,0,exact|near_duplicate|role_equivalent,0.9908,,20170824_00121986_Digital_Content_Manager.docx,
e4f3e675-f404-5ee1-bc6e-aca8f0725f6d,Carpenter,5,1,,False,poly,False,,,False,aligned,0,exact|near_duplicate|role_equivalent,0.9850,,20180322_Carpenter_JDFN_POLY_20200216.docx,
e746e926-9122-5d49-8d37-a96341b6961b,Untitled Position,5,2,,False,cupe,False,,,False,aligned,0,near_duplicate|role_equivalent,0.8002,,20050420_97970_Secretary.doc,
e795098e-41b6-5641-9100-a27b860bc14f,Technology Clerk,5,2,Bookstore,False,cupe,False,,,False,aligned,0,near_duplicate|role_equivalent,0.7927,,20110128_00079167_Technician.docx,
e8f983d7-8f1b-507c-be6f-37ee3bc94159,"Associate Director, Communications and Strategic Enrolment Management Liaison",5,1,Student Success,False,,False,0,3,False,aligned,0,exact|near_duplicate,0.8618,,20110815_00109865_AssoDir_Comms_Strategic_Enrolm_Mgmnt_Liaison.docx,
f0c529e3-1114-5bc9-9b15-19f9f40fa6d9,Major Procurement Contracts Officer,5,1,Procurement Services,False,,False,,,False,aligned,0,exact,1.0000,,20180404_00031896_Procurement_Officer.docx,
f3ec527b-891e-57ac-82b1-95fd97930db8,Student Recruiter – Graduate Business Programs,5,2,Beedie School of Business,False,,False,,,False,aligned,0,near_duplicate,0.8896,,20140620_00114961_Student_Recruiter.docx,
f5c97be1-7f9d-50b0-a078-3297d5c604c7,Communications Associate,5,1,University Communications,False,,False,0,1,False,aligned,0,exact|near_duplicate,0.9511,,20170215_00120952_Communications_Associate.docx,
f651ee3a-7603-50c1-9558-9ad0f076e9d0,Career Services Advisor,5,2,"Career Management Centre, Faculty of Business Administration",False,,False,,,False,aligned,0,near_duplicate,0.9128,,20100621_00099502_Career_Services_Advisor.docx,
fd28df0c-2aba-50f2-b8a7-32c1eca569da,"Manager, Academic & Administrative Services",5,1,School of Engineering Science,False,apsa,False,0,3,False,aligned,0,exact|near_duplicate,0.9606,,"20070605_00030102_Manager,_Acad___Admin__Serv,_Eng_Sci.doc",
fd6de60a-0386-5c5d-b3f8-6e0f59f2ddab,"Coordinator, Interdisciplinary Entrepreneurship Programs",5,2,"Charles Chang Institute for Entrepreneurship, Beedie School of Business",False,apsa,False,,,False,aligned,0,exact|near_duplicate|role_equivalent,0.9912,,20171204_00122820_Coord_Entrepreneurship_Pgrms.docx,
ff3f0b60-8a80-5cf7-9f8e-089de95decbd,Sustainability Coordinator,5,1,Facilities Development,False,,False,,,False,aligned,0,exact|near_duplicate,0.9681,,"20090709_Sustainability_Coordinator,_Facilities_Services,_Pos_106294.docx",
29ed0841-0a2f-5599-b342-61525bf17547,Faculty Relations Assistant (Human Resources Professional I),4,1,Academic Relations,False,,False,0,0,True,aligned,0,exact|near_duplicate,0.9884,,20160113_00030588_Human_Resources_Pfsnl_I.docx,
341cb4f7-d342-5070-a318-d3952584b186,HUMAN RESOURCES,4,1,,False,,False,,,True,aligned,0,near_duplicate,0.9179,,20070418_00101940_AP_Student_Recruiter_-_18_Apr07_New_Edit.doc,
865e2058-0e1e-547c-9338-8ad43265972f,HUMAN RESOURCES,4,1,,False,apsa,False,,,True,aligned,0,near_duplicate,0.8668,,20100810_00006674_Mgr_Admissions_Evaluation.doc,
8e8c19a6-18ec-5de0-9326-581c426afe4b,"Specialist, Wellness",4,2,Human Resources,False,apex,False,,,True,aligned,0,near_duplicate|role_equivalent,0.9273,,20180701_00111025_Coordinator_RTW_Disability.docx,
ca50a245-7f4d-513e-bcbd-04940cb2f2cc,HUMAN RESOURCES,4,1,,False,,False,,,True,aligned,0,exact|near_duplicate,0.9517,,20131004_00030355_Senior_Director_Environmental_Health_and_Safety.doc,
cfdde278-9b59-5887-8f5b-48fb0f74535d,"Specialist, Human Resources",4,1,,False,apex,False,,,True,aligned,0,near_duplicate|role_equivalent,0.9772,,"20210201_00116395,_00126029,_00126392_JDFN_APEX_20210201.docx",
dd46991c-5ca4-5ce7-8431-874aa3e1db9e,HUMAN RESOURCES,4,1,,False,,False,,,True,aligned,0,exact|near_duplicate,1.0000,,"20110817_00001120_Manager,_New_Student_Enrolment_and_Transition.doc",
e6bc2cd5-08d7-5469-bd1c-99e4582774ed,Human Resources Advisor,4,1,Human Resources,False,apsa,False,,,True,aligned,0,near_duplicate,1.0000,,20120123_00001130_Human_Resources_Advisor.doc,
e9beca26-adb8-54b8-8665-a86346fb0cc4,HUMAN RESOURCES,4,1,,False,,False,,,True,aligned,0,exact|near_duplicate,0.9909,,"20060829_Assistant_Director,_Business_Affairs,__Residence___Housing.doc",
0210ffe6-9e62-5704-9e5a-4d8562825cd1,Legal Assistant,4,1,General Counsel,False,apex,False,0,0,False,aligned,0,near_duplicate|role_equivalent,0.9850,,20181026_00123646_Legal_Assistant.docx,
05e3755b-d6b6-51ce-b24d-69f512c514d6,Junior Analyst,4,1,Institutional Research and Planning,False,apsa,False,,,False,aligned,0,near_duplicate,0.8560,,20150303_00116812_Junior_Analyst.docx,
06e90150-f99f-5458-b123-b7c0fbeff883,Co-op Education Coordinator -,4,1,Co-operative Education,False,apsa,False,,,False,aligned,0,near_duplicate,0.8557,,20090724_00001403_Coop_Education_Coord.doc,
0731d23a-15bf-5659-93a3-1b08bd18ca1e,Untitled Position,4,1,Mechatronics,False,cupe,False,,,False,aligned,0,near_duplicate|role_equivalent,0.8231,,20101123_00108609_Technician.doc,
075f81bf-3629-56a8-b1d3-3e52becedf94,"Senior Director, Environmental Health & Research Safety",4,1,Environmental Health & Research Safety,False,,False,0,4,False,aligned,0,near_duplicate,0.9151,,20141014_00030355_Senior_Director_EH_and_RS.docx,
0a7793c8-f4d0-5509-95f5-60f6dee9cdc6,Compensation Assistant,4,1,Human Resources,False,apsa,False,0,0,False,aligned,0,near_duplicate|role_equivalent,0.9059,,20180902_00124466_Compensation_Assistant.docx,
0c7a95ae-36db-5b93-8d1b-5752c0482404,Library Assistant (Temp),4,1,Library Loan Division,False,cupe,False,0,0,False,aligned,0,exact|role_equivalent,0.9850,,20151117_00040019_Library_Assistant.docx,
1314be50-9535-525c-9ba6-35a06ffeab80,"Specialist, Talent Acquisition",4,1,,False,apex,False,,,False,aligned,0,exact|near_duplicate|role_equivalent,0.8501,,20231123_00133716_JDFN_APEX_20231017_(1).docx,
13677a15-5b8e-5aca-8f98-dda3127b9ea3,"Director, University Communications",4,2,"External Relations, Communications & Marketing",False,,False,0,4,False,aligned,0,exact|near_duplicate,0.9062,,20170323_00116784_Director_University_Cmns.docx,
151c17e0-985b-5081-a979-74bb7ffa0a93,"Associate Director, Facilities",4,2,AVPSI Business Operations,False,apsa,False,0,3,False,aligned,0,near_duplicate|role_equivalent,0.9402,,20170719_00121880_Assoc_Dir_Facilities.docx,
163840ba-0641-5c41-8d78-f9a4464afca8,Undergraduate Advisor,4,1,Faculty of Science,False,apsa,False,,,False,aligned,0,near_duplicate|role_equivalent,0.9700,,20180710_00124143_Undergraduate_Advisor.docx,
172595bb-3019-5dab-8a34-2c7b7a3afaf6,Associate Student Recruiter,4,1,,False,apsa,False,0,1,False,aligned,0,near_duplicate,0.8868,,20200414_00111299_JDFN_APSA_20200813.doc,
1888824c-d23d-5c08-a373-93fb653db4cc,"Manager, Strategic Communications and Marketing",4,2,"Office of the Vice-President, Research",False,apsa,False,0,3,False,aligned,0,exact|near_duplicate|role_equivalent,0.9802,,20191023_00127538_JDFN_APSA_20191023.docx,
188ecf80-deb4-5ffb-8e80-a0e8a6d5f1df,Untitled Position,4,1,,False,cupe,False,,,False,aligned,0,near_duplicate,0.8517,,20020220_00080013Technician.doc,
18c0e573-b586-5916-b39c-41555bf696c0,"Manager, Capital Finance",4,4,,False,apsa,False,0,3,False,aligned,0,role_equivalent,0.8451,,20211014_00001634_JDFN_APSA_20211028_(2).docx,
193029fe-f189-5ead-ace6-46369086e7c9,Database Administrator,4,1,,False,apsa,False,,,False,aligned,0,near_duplicate|role_equivalent,0.9981,,"20200101_00000346,_00030433_JDFN_APSA_20200101.docx",
19340f44-69bc-50fe-93c6-6c99dab91883,"Associate Director, Communications and Marketing",4,2,"Vice-President, Academic Office",False,apsa,False,0,3,False,aligned,0,near_duplicate|role_equivalent,0.9552,,20181121_00124788_Assc_Dir_Mrktng_Cmnctns.docx,
198fdfdd-e959-5d79-be76-e32d6526abc7,Retail Coordinator,4,1,Bookstore/Spirit Shop,False,cupe,False,,,False,aligned,0,exact|near_duplicate|role_equivalent,0.9556,,20170515_00001032_Clerk.docx,
1dc83819-db8d-5d09-ac47-5b3b42790646,Writing Services Coordinator,4,1,"Student Learning Commons, W.A.C Bennett Library",False,,False,,,False,aligned,0,exact|near_duplicate,1.0000,,20160302_00099576_Writing_Srvcs_Coord.docx,
20812077-efc5-52f0-92b1-7558cd048cf0,"Project Accountant, Research Accounting",4,1,,False,apsa,False,,,False,aligned,0,exact|role_equivalent,1.0000,,20181125_00001223_JDFN_APSA_20181115.docx,
218eb7a0-e261-5d84-aa1b-7e2290c44891,Communications Officer,4,1,"Dean’s Office, Faculty of Arts and Social Sciences (FASS)",False,,False,,,False,aligned,0,near_duplicate,0.9066,,20120131_00108953_Communications_Officer.docx,
219b3136-6580-56f1-8949-9783ab7ed37b,Athletic Therapist Position #: 1702,4,4,Recreational Services & Athletics,False,,False,,,False,aligned,0,near_duplicate,0.9325,,19970313_00001702Athletic_therapist.doc,
2369d3e2-3571-50ad-a856-fa5c4cbc7247,Program Assistant,4,1,Centre for Students with Disabilities,False,cupe,False,0,0,False,aligned,0,exact|near_duplicate|role_equivalent,0.9700,,20110902_00000915_Secretary.docx,
251ae513-e702-523d-801f-e658edc5504d,"Coordinator, Civic and Community Engagement",4,1,"Community Engagement, VPER",False,apsa,False,,,False,aligned,0,near_duplicate|role_equivalent,1.0000,,"20181031_00124820_Coord,_Civic_and_Community_Engagement.docx",
270c91c1-031a-5f3d-b5ce-0a93b77ad613,"Program Manager, International Education",4,1,,False,apsa,False,0,3,False,aligned,0,exact|near_duplicate|role_equivalent,0.9858,,20240102_00123754_JDFN_APSA_20231204.docx,
276cd2ed-cf93-5835-a031-7246b946c923,"Coordinator, Research Grants & Projects",4,1,,False,apsa,False,,,False,aligned,0,role_equivalent,0.8573,,20220624_00132282_JDFN_APSA_20220524.docx,
27f71143-9650-58c3-8e16-6d1011a84870,"Coordinator, International Strategic Initiatives",4,1,"SFU International, VP External Relations",False,apsa,False,,,False,aligned,0,exact|near_duplicate,0.9421,,20190610_00116708_Coord_Intl_Strtgc_Initiatives.docx,
289db812-760b-5b9d-a66e-11786ce8b40b,"Director, Indigenous Student Centre",4,2,Student Services,False,apsa,False,0,4,False,aligned,0,near_duplicate|role_equivalent,0.7866,,20210721_00001570_JDFN_APSA_20210721.docx,
29f0a846-f4e9-59d4-9c13-a79bd207ed42,"Coordinator, Curricular Experiential Learning",4,1,Beedie School of Business – Undergraduate Programs,False,,False,,,False,aligned,0,near_duplicate,0.9677,,20190106_00123174_Coord_Curr_Experiential_Learning.docx,
2a2cf372-4f25-560e-b258-e096317be458,Communications Officer,4,1,Associate Vice President Learning and Teaching Office,False,apsa,False,,,False,aligned,0,near_duplicate,0.9774,,20190127_00111179_Communications_Officer.docx,
2a8faaba-9881-59ef-9f9c-ec65b760006a,"Coordinator, Communications & Events",4,1,,False,apsa,False,,,False,aligned,0,role_equivalent,0.9112,,20220204_00125974_JDFN_APSA_20220204.docx,
2b10fb9b-0d32-51a9-9dfe-7f6b4356c4bd,Equipment Technician Technician grade 8,4,1,,False,cupe,False,,,False,aligned,0,near_duplicate,1.0000,,20001002_00030573Technician.doc,
2d351d95-93f3-502a-add6-ba5603e3b871,"Director, Faculty Academic Planning",4,1,Faculty of Health Sciences,False,,False,0,4,False,aligned,0,exact|near_duplicate,0.9623,,20060526_00099525_Director.doc,
2f1f351b-7859-50c8-90d8-9b997276e7e1,"Coordinator, Communications and Student Advising",4,1,,False,apsa,False,,,False,aligned,0,near_duplicate|role_equivalent,0.8194,,20200709_00125964_JDFN_APSA_20200930.docx,
355395e8-304e-53ac-93a1-397f216addf4,"Administrator, Student Advising and Recruitment",4,1,Office of Francophone and Francophile Affairs (OFFA),False,apsa,False,,,False,aligned,0,exact|near_duplicate,0.9412,,20170719_00097500_Administrator_Stdnt_AdvisngRcrt.docx,
37f62d62-04c8-5bf4-beb0-99c7a0e5f5ea,"Director, Strategic Academic Planning and Student Affairs",4,1,"Faculty of Arts and Social Sciences, Office of the Dean",False,apsa,False,0,4,False,aligned,0,exact|near_duplicate|role_equivalent,1.0000,,20180124_00121434_Dir_Strategic_Acad_Planning_Stdnt_Affrs.docx,
3a433054-2ae6-5249-b9e9-a7ffd63f8390,"Director, Financial Services",4,1,Financial Services,False,apex,False,0,4,False,aligned,0,near_duplicate|role_equivalent,1.0000,,20180102_00006553_Director_Financial_Services.docx,
3a84990d-5959-59c5-80ef-3d3d154895ee,Executive Assistant to the Vice-President,4,1,VP Advancement and Alumni Engagement,False,apsa,False,0,0,False,aligned,0,near_duplicate|role_equivalent,0.9656,,20190127_00100537_Executive_Assistant.docx,
406ff9a9-3004-5b6b-9fce-7b80e9a053f2,"Coordinator, Student Recruitment",4,1,,False,apsa,False,,,False,aligned,0,exact|near_duplicate|role_equivalent,1.0000,,20210413_00121073_JDFN_APSA_20210504.docx,
414bd5ef-84f3-5220-a63d-9566bfe9e646,Industrial Relations Officer,4,2,Faculty of Applied Sciences,False,apsa,False,,,False,aligned,0,near_duplicate|role_equivalent,0.9825,,20180819_00124303_Industrial_Relations_officer.docx,
42ad7dfd-92b3-5daf-ab83-c955e3473473,"Project Accountant, Research",4,1,Financial Services,False,,False,,,False,aligned,0,exact|near_duplicate,0.9808,,20090406_00001223_Project_Accountant.doc,
42fd7ace-fb90-5585-a06e-73d8da4e7da7,Library Systems Technician,4,2,Library Systems,False,cupe,False,,,False,aligned,0,near_duplicate|role_equivalent,0.8442,,20150908_00103455_Technician.docx,
4375faad-205e-58d6-9cdd-5c76586cabd1,Registered Psychiatric Nurse,4,1,,False,apsa,False,,,False,aligned,0,exact|near_duplicate|role_equivalent,0.8729,,"20220916_00133429,_00133430_JDFN_APSA_20220916.docx",
446b3239-4175-5e98-a14d-00dd69f6af96,Untitled Position,4,1,Admissions,False,cupe,False,,,False,aligned,0,near_duplicate|role_equivalent,0.9599,,20110415_00000350_Clerk.doc,
4c109e33-2fe2-570e-aa33-568b20c6f011,"Manager, Donor Relations,",4,1,University Advancement,False,,False,0,3,False,aligned,0,exact|near_duplicate,0.9868,,20150617_00001098_Manager_Donor_Relations.docx,
4e764f81-c48b-5f14-94cc-ab8bc4f3f56c,Program Manager,4,3,,False,apsa,False,0,3,False,aligned,0,near_duplicate|role_equivalent,0.8524,,20220804_00031203_JDFN_APSA_20220804.docx,
51ed5496-f560-5464-b3bc-08e910d324c0,Senior Technology Manager,4,1,Industry Engagement,False,,False,0,3,False,aligned,0,exact|near_duplicate,0.9800,,20170901_00064538_Senior_Tech_Mgr.docx,
53d0cea8-6651-54d0-b900-a29e2b88f25a,Program Director,4,1,"eLINC (eLearning Innovation Centre), SFU Surrey",False,,False,0,4,False,aligned,0,near_duplicate,0.9346,,20031218_00001397eLINC_program_director.doc,
53d7aa30-8cd4-5ca3-af27-bdf92936dfe8,Systems Consultant I,4,1,Science – IT Services,False,,False,,,False,aligned,0,near_duplicate,0.9917,,20130530_00113327_System_Consultant_I.docx,
57a261e2-59a3-50f3-a74b-55eb28c0073a,Untitled Position,4,1,University Advancement,False,cupe,False,,,False,aligned,0,exact|near_duplicate|role_equivalent,0.9869,,20130201_00113012_Clerk.doc,
592dbb1a-8eb1-5fa9-9543-6a259b1fcc65,Technician,4,1,Animal Care Services,False,cupe,False,,,False,aligned,0,near_duplicate|role_equivalent,0.9850,,20191219_00097642_JDFN_CUPE_20200109.docx,
594c7663-c7a5-5d28-8ff9-d92b61d4e2d6,Executive Assistant,4,2,,False,apsa,False,0,0,False,aligned,0,exact|near_duplicate|role_equivalent,0.9670,,20211201_00131695_JDFN_APSA_20211112.docx,
5a62cfe7-1561-5b55-8fce-25f3a4304596,Project Manager II,4,1,Facilities Capital Projects,False,,False,0,3,False,aligned,0,exact|near_duplicate,0.9660,,20180207_00123226_Project_Manager.docx,
5a9f62b9-ad18-5c02-97bc-fc3057564f0d,Associate Academic Advisor,4,1,Student Retention,False,,False,0,1,False,aligned,0,exact|near_duplicate,0.8780,,20130923_00112926_Associate_Academic_Advisor.docx,
5b26a3f5-432b-5150-a75a-d72a932531c5,Disabilities Services Officer,4,1,Centre for Students with Disabilities,False,,False,,,False,aligned,0,exact|near_duplicate,0.9961,,20180308_00031480_Disabilities_Services_Officer.docx,
5e9b0dd0-c508-5bd1-beb0-2519e96847b7,Confidential Administrative Professional II (Executive Office Assistant),4,1,"Office of the Vice-President, Academic",False,apsa,False,0,0,False,aligned,0,near_duplicate|role_equivalent,0.7853,,20240123_00122565_JDFN_APSA_20240313.docx,
5fe494df-2438-5f56-952c-90d7303368fd,"Associate Director, Business Solutions",4,2,"Application Services, IT Services",False,apsa,False,0,3,False,aligned,0,near_duplicate|role_equivalent,0.8657,,20210125_00001353_JDFN_APSA_20190828.docx,
600cd4c0-9439-52b4-850b-2e243ec9de6b,"Coordinator, Research Services",4,1,Office of Research Services,False,apsa,False,,,False,aligned,0,exact|near_duplicate|role_equivalent,1.0000,,20180509_00123746_Coordinator_Research_Services.docx,
60f1b81f-24aa-5eea-b4c9-f19430f2ef33,Learning Technology Specialist,4,1,Beedie School of Business,False,apsa,False,,,False,aligned,0,near_duplicate|role_equivalent,1.0000,,20180814_00124261_Learning_Technology_Specialist.docx,
61bada4a-cdf8-5eaf-b0d1-c893d1dc23ac,Untitled Position,4,1,Surrey Library,False,cupe,False,,,False,aligned,0,exact|near_duplicate|role_equivalent,1.0000,,20091119_00001388_Library_Assistant.doc,
61f48320-6a50-52c4-b988-73da1a13390c,"Associate Director, Graduate Business",4,1,,False,,False,0,3,False,aligned,0,exact|near_duplicate,0.9850,,"20120313_00102640_Assoc_Dir,_Grad_Business_Prog,_BSB.doc",
620e984f-ca68-5e15-bf9e-6524898fb0d5,Untitled Position,4,1,,False,cupe,False,,,False,aligned,0,near_duplicate,0.8927,,20050708_00000564Clerk.doc,
62388963-9c9c-5b85-aa7b-ce165bf1b145,Untitled Position,4,1,,False,cupe,False,,,False,aligned,0,near_duplicate,0.9509,,20021009_00001482Library_assistant.doc,
62404e87-3393-5507-b54c-0298fb82cca4,Information Technology Professional III,4,1,,False,apsa,False,,,False,aligned,0,near_duplicate,0.9630,,20201019_00098165_JDFN_APSA_20201019.doc,
62e31703-468a-5df2-a3e7-c1c2f039fbfc,"Manager, Administrative Services",4,2,"Education, Office of the Dean",False,apsa,False,0,3,False,aligned,0,near_duplicate|role_equivalent,0.8465,,20190327_00105994_Mgr_Admin_Services.docx,
6512c3b4-e516-50cf-9644-2f9d30bfe2b8,Budget Coordinator,4,2,,False,apsa,False,,,False,aligned,0,role_equivalent,0.7551,,20230501_00124737_JDFN_APSA_20230504.docx,
66574f3d-3bcb-526c-8493-35e429e1c22b,Program Manager,4,1,,False,apsa,False,0,3,False,aligned,0,near_duplicate|role_equivalent,0.8878,,"20210817_00102251,_00130212,_00118230_JDFN_APSA_20211104.docx",
67f61448-44b5-54ca-86c7-bdf6ec0a585b,"Senior Director, Advancement & Alumni Engagement",4,1,Alumni Relations,False,apsa,False,0,4,False,aligned,0,near_duplicate|role_equivalent,0.9700,,20190113_00125366_Senior_Director_Advancement_Alumni_Engagement.docx,
6b206f56-7c85-5af0-9b08-f1bf2bab7e2b,Course Evaluation Systems Specialist,4,1,Teaching and Learning Centre,False,,False,,,False,aligned,0,near_duplicate,0.9311,,20160321_00118871_Course_Eval_Systems_Specialist.docx,
6cd5d632-1846-58b5-a092-92d61c458a14,Research Contracts Officer,4,1,Office of Research Services (ORS),False,,False,,,False,aligned,0,exact|near_duplicate,0.8550,,20140317_00114447_Research_Contracts_Officer.docx,
6d1ba464-99c9-5b2e-ad69-2530eb2e17d2,"Senior Director, Marketing and Communications",4,1,University Advancement,False,apsa,False,0,4,False,aligned,0,near_duplicate|role_equivalent,0.8801,,20181028_00001882_Snr_Dir_Marketing_Comm.docx,
700d32f9-34ee-5f34-bfb2-4528d462d07e,"Coordinator, Facilities Services",4,1,Vancouver Campus Operations,False,,False,,,False,aligned,0,exact|near_duplicate,0.9321,,20090528_00106028_Coord_Facilities_Serv.doc,
701e9e29-656c-55e0-ad7d-66e886319148,Psychologist,4,1,,False,apsa,False,,,False,aligned,0,exact,1.0000,,20211123_00001349_JDFN_APSA_20211213.docx,
744ef588-4443-5e4e-969c-3976bf36cbd8,Technology Coordinator,4,1,LIDC (SFU Vancouver),False,,False,,,False,aligned,0,near_duplicate,0.9726,,20051215_00064787Technology_coordinator.doc,
74643f02-21c0-5eb3-bb91-d5cf0acfd887,Special Initiatives Director,4,1,,False,apex,False,0,4,False,aligned,0,exact|near_duplicate|role_equivalent,0.8871,,20211130_00131750_JDFN_APEX__20211108.docx,
75092f54-73c2-5c39-bebe-d05568438df7,Untitled Position,4,1,Document Solutions,False,cupe,False,,,False,aligned,0,near_duplicate|role_equivalent,0.9351,,20090824_00106363_Technician.doc,
7869e2ac-9f95-5fbc-b76d-55f19c885eba,Endpoint Device Technical Lead/Architect,4,1,"IT Services, Client Services",False,apsa,False,0,2,False,aligned,0,near_duplicate|role_equivalent,0.9022,,20201127_00104532_JDFN_APSA_20201120.docx,
79c3ac58-c24d-5e50-a798-8fc83d0cd29c,"Director, Marketing & Communications",4,1,Ancillary Office Administration,False,apsa,False,0,4,False,aligned,0,near_duplicate,0.8820,,20110510_00064833_Dir_Mrktng_Cmns.docx,
7d356fdb-9e3b-587b-ad19-85bd504afe31,"Associate Director, Executive Education",4,1,,False,apsa,False,0,3,False,aligned,0,exact|near_duplicate|role_equivalent,1.0000,,20200908_00129143_00133651_JDFN_APSA_20220908.docx,
7eb55825-4971-5491-8344-67aa06af7669,"Associate Director, Graduate Programs",4,1,Beedie School of Business,False,apsa,False,0,3,False,aligned,0,exact|near_duplicate|role_equivalent,1.0000,,20170401_00114369_Assoc_Director_Grad_Prgms.docx,
7f753ebb-5f5b-5ebb-992c-f3984970daa4,"Senior Director, Advancement Services",4,2,University Advancement,False,apsa,False,0,4,False,aligned,0,near_duplicate|role_equivalent,0.8945,,20241007_00123683_JDFN_APSA_20241209.docx,
8237be4a-7759-5d51-bae6-aca3ef65e03b,"Coordinator, Events and Community Engagement",4,2,,False,apsa,False,,,False,aligned,0,role_equivalent,0.8509,,20210715_00122790_JDFN_APSA_20210903.docx,
84dca51f-30a6-586f-bc37-ceb332c65e69,Technician,4,1,Centre for Online Distance Education,False,cupe,False,,,False,aligned,0,exact|role_equivalent,0.9850,,20140226_00114956_Technician.docx,
85753816-8711-570d-86e4-13cd7dbaaadf,"Director, Research",4,1,Education Faculty Relations,False,apsa,False,0,4,False,aligned,0,near_duplicate|role_equivalent,0.9819,,20171002_00122040_Director_Research.docx,
85d5c59f-73e4-5710-ac23-91bad1e0788a,Associate Student Recruiter,4,1,Student Services,False,,False,0,1,False,aligned,0,near_duplicate,0.8961,,20120910_00111299_Associate_Student_Recruiter.doc,
86233c88-92f5-5dcf-9033-58a1dc5dc56e,Financial Analyst,4,1,,False,apsa,False,,,False,aligned,0,exact|near_duplicate|role_equivalent,0.9670,,20241016_00136348_JDFN_APSA_20241016.docx,
8692f977-2c44-5d63-b2e5-16d15bc88cec,Untitled Position,4,1,,False,cupe,False,,,False,aligned,0,near_duplicate,0.9215,,20010201_00006708Clerk.doc,
8728ec84-77b0-5047-b4c4-8e0dded428d0,"Special Programs Advisor,",4,1,Faculty of Education,False,,False,,,False,aligned,0,near_duplicate,0.9413,,20060103_00101104_Academic_Advisor_Fac_of_Educ.doc,
8889bed6-7949-5d7e-9b88-ff9f4c3faa2d,"Director, Executive Education",4,2,,False,apsa,False,0,4,False,aligned,0,exact|near_duplicate|role_equivalent,0.9767,,20221006_00116348_00133541_JDFN_APSA_2022-10-12.docx,
8912f8e2-9b77-53e4-98a0-26fd42b202d0,Untitled Position,4,1,,False,cupe,False,,,False,aligned,0,exact,1.0000,,20030603_00000953_Technician.doc,
891eb02a-dab4-5400-a140-95efce6cc55e,"Manager, Academic and Administrative Services,",4,1,Master of Public Policy Program at Harbour Centre,False,,False,0,3,False,aligned,0,exact|near_duplicate,1.0000,,20060630_00001580_Manager.doc,
8b26c9fe-5cef-51e3-b85c-31d3ad3a03e9,Communications Officer,4,2,Safety and Risk Services,False,apsa,False,,,False,aligned,0,exact|near_duplicate|role_equivalent,0.8565,,20180129_00110972_Communications_Officer.docx,
90031f4d-ab92-5ae3-bb10-e08a221bc93b,"Manager, Information Systems and Technical Projects",4,1,"Faculty of Education, Office of the Dean",False,apsa,False,0,3,False,aligned,0,near_duplicate|role_equivalent,0.9832,,20200924_00001791_JDFN_APSA_20190829.docx,
91ed9fb8-3bd1-5288-a0cc-3a1d9adfca8a,Bookstore Supervisor (Burnaby Bookstore,4,2,Bookstore,False,,False,0,3,False,aligned,0,exact|near_duplicate,0.9579,,20060130_00064772Bookstore_supervisor.doc,
925f2fd5-594f-51e5-8224-bc3d74e17a22,"Director, Executive Education",4,1,,False,,False,0,4,False,aligned,0,near_duplicate,0.8950,,20141209_00116348_Director_Exec_Ed.docx,
92a50345-ede1-57af-b8c3-df096f8a30b7,"Coordinator, Graduate Programs",4,1,,False,apsa,False,,,False,aligned,0,near_duplicate|role_equivalent,0.8886,,20220929_00133494_JDFN_APSA_20220929.docx,
92a6e09f-d128-50b8-a4cd-fb8b52489c76,"Director, Financial Operations",4,1,Procurement Services,False,apex,False,0,4,False,aligned,0,near_duplicate|role_equivalent,0.9346,,20170905_00122307_Director_Financial_Operations.docx,
92b53252-b1ac-5e36-b768-1ab9eae004e7,Untitled Position,4,1,,False,cupe,False,,,False,aligned,0,exact|role_equivalent,0.8482,,20060428_00006656Secretary_.doc,
95f275fe-c8b9-5708-937b-5aa2b72d035e,Budget Assistant,4,1,Centre for Dialogue,False,cupe,False,0,0,False,aligned,0,near_duplicate|role_equivalent,0.9255,,20140402_00115044_Clerk.docx,
98fcf0ae-f15a-58f1-b146-776be17429a5,"Director, Equity, Diversity and Inclusion",4,3,,False,apex,False,0,4,False,aligned,0,near_duplicate|role_equivalent,0.8062,,20211018_00122227_JDFN_APEX_20211025.docx,
a02ffdd6-d71e-51cc-9c53-f7bf340a9eb5,Sales & Services Assistant,4,2,Bookstore,False,cupe,False,0,0,False,aligned,0,near_duplicate|role_equivalent,0.8731,,20120529_00107913_Buyer.docx,
a2d04914-629d-5db8-87a8-a5aab80f349d,Untitled Position,4,1,,False,cupe,False,,,False,aligned,0,near_duplicate,1.0000,,20030627_00000589Library_assistant.doc,
a4ff0754-15c6-521b-acc3-d6c88ddff305,"Coordinator, Strategic Initiatives",4,2,"Office of the Vice-President, Research",False,apsa,False,,,False,aligned,0,near_duplicate|role_equivalent,0.9827,,20210903_00131154_JDFN_APSA_20210816_(1).docx,
a69ba14d-b8e0-5218-b2ec-315824f16832,Instructional Designer,4,1,,False,apsa,False,,,False,aligned,0,near_duplicate|role_equivalent,0.9030,,20211129_00131689_JDFN_APSA_20211112.docx,
a79e95fa-7123-51e0-9ab7-89e830edf017,Communications Coordinator,4,1,Faculty of Applied Sciences – Office of the Dean,False,apsa,False,,,False,aligned,0,near_duplicate|role_equivalent,1.0000,,20181125_00125026_Communications_Coordinator.docx,
a9b2b6c4-ee66-5f5f-8d33-f813646f861f,Untitled Position,4,1,"Meeting, Event &",False,cupe,False,,,False,aligned,0,near_duplicate|role_equivalent,1.0000,,20090811_00031128_Clerk_Typist_11Aug2009.doc,
aca17b0b-f6b6-5fee-b485-9fc931aeb9ee,"Associate Director, Information Security",4,1,"IT Services, Strategic Services",False,apsa,False,0,3,False,aligned,0,near_duplicate|role_equivalent,0.8914,,20201028_00118093_JDFN_APSA_20190321.docx,
aff1531a-09ff-508e-81e3-3f8cd8a6c998,"Manager, Placements",4,1,"Faculty of Education, Professional Programs",False,,False,0,3,False,aligned,0,near_duplicate,0.9115,,20100621_00107172_Manager_Placements.docx,
b0158697-f69f-5a80-ba0c-793d1d0e0454,Shift Engineer,4,1,,False,poly,False,,,False,aligned,0,exact|near_duplicate|role_equivalent,0.9700,,20180322_Shift_Engineer_JDFN_POLY_20200216.docx,
b1d356a7-be00-5188-bde0-f7735bdf27bc,"Coordinator, Outreach & Community Engagement",4,1,History,False,apsa,False,,,False,aligned,0,exact|near_duplicate|role_equivalent,1.0000,,20190210_00125533_Coord_Outreach_Community_Engagement.docx,
b2a27e35-8c22-555f-a37d-61e9496dfa7a,"Associate Director, Client Services",4,2,,False,apsa,False,0,3,False,aligned,0,exact|near_duplicate|role_equivalent,0.8640,,"20201124_00001390,_00030568_JDFN_APSA_20200228.docx",
b767c521-f50c-5499-929c-ca7dbeac5c63,"Coordinator, Community Relations & Engagement",4,1,Surrey Marketing & External Affairs,False,,False,,,False,aligned,0,exact|near_duplicate,0.9875,,20130613_00113583_Coord_Community_Relations___Engmnt.docx,
b9a5b7aa-f3fb-5036-83d9-2b3efc9d0d33,Untitled Position,4,1,,False,cupe,False,,,False,aligned,0,near_duplicate,0.9718,,20030708_00001675Clerk.doc,
ba7b193d-7d7e-51c9-a29a-f9f6549f5088,SECURITY SUPERVISOR,4,1,Campus Security,False,,False,0,3,False,aligned,0,exact,1.0000,,20130628_00030958_Security_Supervisor.doc,
baf35110-d1bd-5026-86d9-6139a722711d,Systems Consultant II,4,1,Library Systems,False,apsa,False,,,False,aligned,0,exact|near_duplicate,0.9249,,20100218_00001093_Systems_Consultant_II.docx,
bb90bfe4-937c-542a-9890-5e39e1ba500a,"Director, Communications and Marketing",4,1,,False,apsa,False,0,4,False,aligned,0,near_duplicate|role_equivalent,0.9412,,20211116_00131631_JDFN_APSA_20211028.docx,
bca8eb7f-a1f2-5c60-81b8-22d652f44b08,"Manager, Equity, Diversity, and Inclusion Curriculum",4,1,Work Integrated Learning,False,,False,0,3,False,aligned,0,near_duplicate,0.9121,,20190729_00119484_Mgr_EDI_Curriculum.docx,
be48095e-affd-570c-ae7d-9fc0f20a1012,Communications Officer,4,1,"Dean’s Office, Faculty of Arts and Social Sciences (FASS)",False,,False,,,False,aligned,0,exact|near_duplicate,0.9854,,20180902_00108953_Communications_Officer.docx,
c0095cd1-9112-5615-b5b4-1357e2231c08,Intermediate Research Accounting Clerk,4,1,Research Accounting-Financial Services,False,cupe,False,,,False,aligned,0,exact|near_duplicate|role_equivalent,0.9850,,20160304_00030601_Clerk.docx,
c5316d54-d6b3-5150-b29d-194b4a1b2770,Untitled Position,4,1,,False,cupe,False,,,False,aligned,0,exact|near_duplicate,0.9425,,20050513_00001114Clerk.doc,
c54e923e-8389-5ebe-8a57-648cd8f66acc,"Associate Director, Executive Education",4,2,,False,,False,0,3,False,aligned,0,near_duplicate,0.8702,,20130814_00106533_Associate_Director.doc,
c5d0c64f-4fc7-5ee1-b04d-eddc48b1ba48,ADMINISTRATIVE & PROFESSIONAL STAFF POSITION,4,2,Computing Operations & Technical Support,False,,False,,,False,aligned,0,near_duplicate,0.9449,,20051116_00001418Network_administrator.doc,
c623a739-ff61-5e3e-9891-3bf7a1bff97d,"Manager, Research Sustainability",4,1,Office of Sustainability,False,apsa,False,0,3,False,aligned,0,exact|near_duplicate|role_equivalent,1.0000,,20171004_00121125_Manager_Research_Sustainability.docx,
c8850091-1bdf-53cb-b6cb-e87b043e72a4,"Event, Volunteer, and Communications Assistant",4,3,Alumni Relations,False,cupe,False,0,0,False,aligned,0,near_duplicate|role_equivalent,0.7913,,20150107_00116535_Program_Assistant.docx,
c8ef8a1a-f8b4-5650-a0dd-9efbec19b0aa,Academic Advisor,4,1,New Student Enrolment,False,,False,,,False,aligned,0,near_duplicate,0.9736,,20120119_00000743_Academic_Advisor.docx,
cab4a150-0df4-5379-9950-35393ab9742f,Untitled Position,4,1,,False,cupe,False,,,False,aligned,0,exact|near_duplicate,0.9470,,20070212_00001426_CU_UG_Prog_Asst_Jul07_SPV_Chng.doc,
cd9eefc8-5090-500e-b04b-04353ad4266c,"Director Strategy, Planning and Projects",4,1,External Relations,False,apex,False,0,4,False,aligned,0,exact|near_duplicate|role_equivalent,0.9385,,20180417_00124285_Director_Strategy_Planning_Projects.docx,
d0e21ba1-45ce-53ec-ba14-e7348e62fea2,Business Analyst,4,1,,False,apsa,False,,,False,aligned,0,exact|near_duplicate|role_equivalent,0.9918,,20210305_00127594_JDFN_APSA_20210416.docx,
d55940b6-cabd-59dc-895e-f90fc8a28fa0,Business Systems Analyst (Payroll),4,3,Financial Services,False,,False,,,False,aligned,0,exact|near_duplicate,0.8762,,20060331_00097156Business_systems_analystI.doc,
d628594a-11c3-5a65-984e-51cdc363d28b,"Director, Strategic Operations & Initiatives",4,1,,False,apex,False,0,4,False,aligned,0,exact|near_duplicate|role_equivalent,1.0000,,20250708_00137865^00134094_JDFN_APEX_20260122.docx,
d7193b80-8083-5a9d-b968-39b65a9775f4,"Director, Learning Strategies Group",4,1,,False,,False,0,4,False,aligned,0,exact|near_duplicate,0.9676,,20090511_00000874_Dir_LSG.doc,
dbbc97ed-af75-5628-a289-00e772b506b5,Untitled Position,4,1,Library Processing,False,cupe,False,,,False,aligned,0,exact|role_equivalent,0.9341,,20080924_00000865_Library_Assistant.doc,
dd60ac61-ecdf-5098-9900-93b205c639c2,"Director, Recruitment and Admissions",4,1,Beedie School of Business,False,apsa,False,0,4,False,aligned,0,near_duplicate|role_equivalent,0.9886,,20170518_00116268_Director_Rcrtmnt_and_Admsns.docx,
e0c9289c-8437-5c61-9d12-c427c1f890a5,Procurement Services Assistant,4,1,Procurement Services,False,cupe,False,0,0,False,aligned,0,exact|near_duplicate|role_equivalent,0.9647,,20130214_00001054_Clerk.docx,
e0e94971-1bc5-589d-904e-934bd4ac387c,"Associate Director, Educational Development",4,1,"Division of Curriculum & Instruction, Centre for Educational Excellence",False,apsa,False,0,3,False,aligned,0,exact|near_duplicate|role_equivalent,0.9716,,20190715_00125682_Assoc_Dir_Educational_Development.docx,
e68bec8a-d69f-552c-b79f-c03f4f279dbc,"Accountant, Specific Purpose Funds",4,1,Financial Services,False,,False,,,False,aligned,0,exact|near_duplicate,0.9934,,20060206_00099668Accountant.doc,
ece803fd-fe44-57e9-80e9-3c741c4b43ee,"Assistant Director, Digital Communications",4,1,University Communications,False,,False,0,4,False,aligned,0,near_duplicate,0.9258,,20160628_00119461_Asst_Dir_Digital_Cmns.docx,
ed681a1b-8a55-5984-87bc-b2739c6085db,"Provides comprehensive services to students, faculty, staff and external client of the audio-visual and computing equipment and facilities.  Provides help to users in person or over the phone for prob",4,2,,False,,False,,,False,aligned,0,exact|near_duplicate|role_equivalent,0.9379,,20130417_00113377_Technician.docx,
f05b8010-f3f1-57fa-b25e-946183a6f7eb,"Manager, Strategic Initiatives",4,1,Facilities Strategic Support,False,apsa,False,0,3,False,aligned,0,near_duplicate|role_equivalent,0.9789,,20200924_00001785_JDFN_APSA_20190829.docx,
f6886098-25c8-5416-a93f-4c09ed73b110,Disability Access Advisor,4,2,,False,apsa,False,,,False,aligned,0,exact|near_duplicate|role_equivalent,0.8461,,20240507_101853^131506_JDFN_APSA_20240606.docx,
f68adcde-ccd0-5718-a983-e930bf1b403a,Undergraduate Advisor,4,1,Faculty of Business Administration,False,,False,,,False,aligned,0,near_duplicate,0.9772,,20040414_00001835Undergraduate_advisor.doc,
f6cfa62d-7147-51c6-8099-ba7fc5001811,Student Occupancy Specialist,4,1,Residence and Housing,False,cupe,False,,,False,aligned,0,exact|role_equivalent,0.8160,,20230103_99146_125038_128197_JDFN_CUPE_20230213.docx,
f6d1b764-7f2f-5aad-b18e-4aea02bf200e,ADMINISTRATIVE & PROFESSIONAL JOB DESCRIPTION,4,3,,False,apsa,False,,,False,aligned,0,exact|role_equivalent,0.9881,,20250108_00125036_00130034_JDFN_APSA_20240108.docx,
f78b0c92-be96-5bf3-ab7b-1ed631f1b72c,"Director, HCS",4,3,,False,cupe,False,0,4,False,aligned,0,near_duplicate,0.9060,,20030214_00030680Clerk_typist.doc,
f91c1e9d-3ce5-5eb4-91c6-13539b556804,Untitled Position,4,1,,False,cupe,False,,,False,aligned,0,near_duplicate,0.9252,,19920428_00001201Clerk.doc,
fd690477-2ede-55ca-8bbc-bb1fd6424aa4,Administrative Manager,4,1,Beedie School of Business Administration,False,apsa,False,0,3,False,aligned,0,near_duplicate|role_equivalent,0.9646,,20220902_00125753_JDFN_APSA_20220901.docx,
05730403-a0fc-5f6a-8e26-499b5fb1a0fc,HUMAN RESOURCES,3,1,,False,,False,,,True,aligned,0,near_duplicate,0.9350,,20090602_00105513_Mgr_Risk_Mgmt.doc,
1e245383-d911-58f3-9760-804c82176f3b,"Assistant Registrar, Undergraduate Records",3,1,AVPSI – Registration & Information Services,False,apsa,False,0,0,True,aligned,0,near_duplicate|role_equivalent,1.0000,,20170613_00031565_Assistant_Registrar_UG_Records.docx,
30daca58-c850-57a9-b58b-7aaea3643680,HUMAN RESOURCES,3,1,,False,,False,,,True,aligned,0,near_duplicate,0.9704,,20081124_00000389_Mgr_Academic_Admin_Serv.doc,
3834e02b-dcc4-5f0c-9354-3ad011f18586,HUMAN RESOURCES SIMON FRASER UNIVERSITY,3,1,,False,,False,,,True,aligned,0,near_duplicate|role_equivalent,0.9745,,20151202_00105460_ITP_I.docx,
4e009bc6-743e-5a37-8fa9-9ead77b6e896,HUMAN RESOURCES,3,1,,False,,False,,,True,aligned,0,exact|near_duplicate,0.9770,,20070401_00100692_Coord_TechOne_May07.doc,
503830ba-ceca-5fb9-b724-52ddafe8d5b2,Co-ordinator Pension and Benefits,3,2,Human Resources,False,,False,,,True,aligned,0,exact|near_duplicate,0.9807,,20011005_00001132Coord_pensions_benefits.doc,
55484112-dfc0-51ef-bcf8-b24f9511f3b8,Information Technology Professional I,3,2,Learning & Community Platform Operations,False,apsa,False,,,True,aligned,0,near_duplicate|role_equivalent,0.9050,,20141216_00109929_ITP_I.docx,
579c53b1-84bb-54ad-95a8-2164a9b88ac4,"Executive Director, Strategy and Innovation",3,1,"Faculty of Communication, Art and Technology (FCAT)",False,apex,False,0,4,True,aligned,0,near_duplicate|role_equivalent,0.9812,,20180819_00124240_Exec_Dir_Strategy_Innovation.docx,
59bd2afc-11a5-5993-9689-6d7a369dbd33,HUMAN RESOURCES,3,1,,False,,False,,,True,aligned,0,near_duplicate,0.9865,,20150126_00031500_Program_Manager_EHRS.docx,
67bdff9d-44b8-5c11-8600-15b55b6f231c,Human Resources Strategic Business Partner,3,1,,False,apex,False,,,True,aligned,0,exact|near_duplicate|role_equivalent,0.9385,,20210201_HRSBP_JDFN_APEX_20210201.docx,
78ecf3c8-ee3a-5b09-8b8c-80e5a25106e9,Administrative Assistant (Human Resources Liaison),3,2,Lifelong Learning,False,,False,0,0,True,aligned,0,near_duplicate,0.9094,,20120501_00031482_Administrative_Assistant.docx,
81a77050-3e55-5337-8e3d-cb2e16d0394d,HUMAN RESOURCES,3,1,,False,,False,,,True,aligned,0,exact,1.0000,,20130320_00113261_Coor_University_Curriculum.doc,
856a8ee1-64c2-59bd-acea-b10951ef68e4,HUMAN RESOURCES,3,1,,False,,False,,,True,aligned,0,near_duplicate,0.8571,,20070829_00096472_Coord_Acad__Prog__Comp__Sci__SFU_Surrey.doc,
8a5b1c97-1d9c-564b-9e70-4666017d19a9,"Human Resources Professional III,",3,1,Human Resources,False,apsa,False,,,True,aligned,0,near_duplicate,0.9759,,20120314_00000842_HR_Prfsnl_III.docx,
9dcb63bb-e6a8-540c-aa22-0ccd2fadd22d,HUMAN RESOURCES,3,1,,False,apsa,False,,,True,aligned,0,near_duplicate,0.9679,,"20061218_99500,_Co-op_Coordinator,_FAS_Surrey.doc",
ab03be81-df7b-5b0d-9034-503d982a7ea6,HUMAN RESOURCES,3,1,,False,,False,,,True,aligned,0,exact|near_duplicate,0.9777,,20160623_00119486_Coordinator_Schedules.docx,
b4d33e43-97bb-5175-978c-3f70ff4576dc,Human Resources Assistant,3,1,,False,apsa,False,0,0,True,aligned,0,near_duplicate|role_equivalent,0.9886,,20200127_00127805_JDFN_APSA_20191218.docx,
c79c9a35-b7ae-5e89-8cbd-5406f03e10f5,Human Resources,3,1,,False,,False,,,True,aligned,0,near_duplicate,0.9813,,20060329_00080174Rsch_grants_facilitator.doc,
d018878a-c793-5c74-90c2-ade04add08ad,HUMAN RESOURCES,3,1,,False,,False,,,True,aligned,0,near_duplicate,0.9491,,20120605_00001908_Coord_UG_Prgm.doc,
d28df6bc-2bb2-58de-8081-146c81209eca,HUMAN RESOURCES,3,1,,False,,False,,,True,aligned,0,exact|near_duplicate,0.9737,,20180312_00123383_Coord_International_Partnerships_Protocol.doc,
dedc1ae4-8117-57bd-81ab-c9569f963c69,Human Resources Associate,3,1,,False,apsa,False,0,1,True,aligned,0,exact|near_duplicate|role_equivalent,0.8568,,20230130_00127805_00130399_JDFN_APSA_20230222.docx,
dfa7ec2a-b9e4-557c-bc2d-0d7c23e6c553,Human Resources,3,1,,False,,False,,,True,aligned,0,near_duplicate,1.0000,,"20030217_000102478_Research_Grants_Facilitator,_Fac_of_Educ.doc",
e0612236-5f33-5f15-890d-2970313e170b,HUMAN RESOURCES,3,1,,False,,False,,,True,aligned,0,exact|near_duplicate,1.0000,,"20070104_Manager,_Annual_Campaign,_gr8,_Uni_Adv,_30972.doc",
e8bde907-9c15-561a-8164-1d60456a1f0f,"Registrar & Executive Director, Student Enrolment",3,1,Student Services,False,excluded,False,0,4,True,aligned,0,exact|near_duplicate,1.0000,,20100708_00101512_Registrar___Executive_Director_Student_Enrolment.docx,
ea96918e-e5a6-583b-ab46-e95ec314ee09,HUMAN RESOURCES,3,1,,False,,False,,,True,aligned,0,near_duplicate,0.9522,,19990901_00000126Assoc_dir_recruitment_srv.doc,
000cebb7-beef-55f2-98e4-4fe8d700a9e9,"Manager, Academic Programs",3,1,School of Computing Science,False,apsa,False,0,3,False,aligned,0,near_duplicate|role_equivalent,0.9888,,20200114_00096472_JDFN_APSA_20191119_.docx,
001da53c-6fb3-5916-9baa-384cb4b0131f,"Coordinator, Residence Orientation & Community Development",3,1,Residence Life,False,,False,,,False,aligned,0,exact|near_duplicate,0.9836,,20180719_00114770_Coord_Rsdnc_Ornt_Cmmnty_Dvlpmnt.docx,
0121bf86-7a7f-5c88-809c-06eecb1e514e,Painter,3,1,,False,poly,False,,,False,aligned,0,exact|near_duplicate|role_equivalent,0.9850,,20180322_Painter_JDFN_POLY_20200216.docx,
0195c249-9300-5878-986e-f353194c3085,Project Coordinator,3,1,Strategic Partnerships Hub,False,cupe,False,,,False,aligned,0,exact|near_duplicate|role_equivalent,0.9850,,20210423_00130303_JDFN_CUPE_20210329.docx,
01c17f61-0e0d-5b0b-b203-cd6ca417527c,"Manager, Student Recruitment",3,1,,False,apsa,False,0,3,False,aligned,0,near_duplicate|role_equivalent,0.9206,,20250318_00128491_00136895_JDFN_APSA_20250318.docx,
02d8e434-de8d-578e-9586-050274b792df,Communications Associate,3,1,"Faculty of Environment, Office of the Dean",False,apsa,False,0,1,False,aligned,0,near_duplicate|role_equivalent,1.0000,,20190403_00125710_Communications_Associate_20190403.docx,
0332dca3-6a59-5990-b764-02ded64bfac8,Program Manager,3,1,,False,apsa,False,0,3,False,aligned,0,exact|near_duplicate|role_equivalent,1.0000,,20250506_00136435_00136436_APSA_JDFN_20250306.docx,
0647501e-bba0-592a-ab91-2b26ec1d04a0,"Manager, Office of the Vice-President, Academic",3,2,Office of the Vice-President Academic,False,apsa,False,0,3,False,aligned,0,near_duplicate|role_equivalent,0.9642,,20181028_00124888_Office_Manager.docx,
064e00c7-5974-56a6-b80b-e6eb28abac2f,"Director, Big Data Initiative",3,1,VP Research/SFU’s Big Data Initiative,False,apsa,False,0,4,False,aligned,0,near_duplicate|role_equivalent,0.9513,,20190401_00127629_JDFN_APSA_20190919.docx,
065d008a-cd93-553c-9390-06fab0f11103,"Manager, Client Service Delivery",3,1,"KEY, SFU’s Big Data Initiative",False,apsa,False,0,3,False,aligned,0,near_duplicate|role_equivalent,1.0000,,20190127_00125418_Mgr_Client_Service_Delivery.docx,
07d44516-901b-52c9-b6aa-852d9c35b333,"Manager, Client Services",3,1,"Information Technology Services, SFU Vancouver Campus",False,,False,0,3,False,aligned,0,near_duplicate,0.9526,,20160603_00030568_Manager_Client_Services.docx,
0a1981e3-c1a1-5599-8433-be636d0e3f0d,"Coordinator, Projects and Events",3,2,,False,apsa,False,,,False,aligned,0,role_equivalent,0.9044,,20240509_00135551_JDFN_APSA_202400507.docx,
0a19e0e8-5216-5fb9-83b9-d53c412f97bf,Career Education Manager,3,1,"Careers & Volunteer, Student Success & Strategic Support",False,,False,0,3,False,aligned,0,exact,1.0000,,20141103_00001140_Career_Education_Manager.docx,
0e4f2718-fdae-5ed9-9f88-8c49efc104b9,PERSONNEL DEPARTMENT,3,1,,False,,False,,,False,aligned,0,near_duplicate,0.9357,,19960614_00001150Physiotherapist.doc,
0f28130f-1131-5e1e-b52e-8de7b14c2a2a,"Coordinator, Strategic Enrolment, Space Planning & Operations",3,1,Faculty of Education,False,apsa,False,,,False,aligned,0,near_duplicate|role_equivalent,0.9494,,20190808_00099918_Coord_Strgc_Enrlmnt_Spc_Plng_Ops.docx,
0f8e7f0a-6815-5a4b-9e16-4ccf833945ea,"Analyst, Dialogue and Engagement",3,3,,False,apsa,False,,,False,aligned,0,role_equivalent,0.8476,,20250807_00137308_JDFN_APSA_20250729.docx,
117c3e2c-6876-5b6f-9bdf-68a4abd43508,"Manager, Communications & Events",3,1,Faculty of Education,False,apsa,False,0,3,False,aligned,0,near_duplicate|role_equivalent,1.0000,,20190808_00108955__Mgr_Communications_Events.docx,
12118023-069b-5df5-86d7-76475bcee721,Study Abroad Officer,3,1,International Services for Students,False,,False,,,False,aligned,0,exact|near_duplicate,0.9116,,20130515_00097815_Study_Abroad_Officer.doc,
12318a1b-3f95-5423-9062-fcbce7c93c7b,"Manager, Records",3,1,University Advancement (Advancement and Alumni Engagement),False,apsa,False,0,3,False,aligned,0,near_duplicate|role_equivalent,0.9139,,20230623_00126883_JDFN_APSA_20230626.docx,
1280ef1d-3fb1-507a-a539-27052f0cb042,Untitled Position,3,1,,False,cupe,False,,,False,aligned,0,near_duplicate,0.9293,,20020719_00001429Clerk_typist.doc,
128dcdc2-35e9-5bb6-ba68-7b09c384180e,"Program Coordinator, MOT Careers",3,1,"Career Management Centre (CMC), Beedie School of Business",False,apsa,False,,,False,aligned,0,near_duplicate|role_equivalent,0.9700,,20170503_00112973_Prgm_Coord_MOT_Careers.docx,
132249c5-3fef-577f-9a85-b11bbeb2087a,International Liaison Officer,3,1,Beedie School of Business (FBA),False,,False,,,False,aligned,0,near_duplicate,0.9597,,20121107_00112479_Intl_Liaison_Officer.docx,
13ee2428-25e1-5a4d-a9bc-39cbebf5e91f,"Information Technology Professional I,",3,1,,False,apsa,False,,,False,aligned,0,near_duplicate|role_equivalent,0.9462,,20141202_00116325_ITP_I.docx,
14163329-423a-59b3-bda3-727d7886e0fe,Graduate Secretary,3,2,Linguistics,False,cupe,False,,,False,aligned,0,role_equivalent,0.8421,,20111109_00110390_Secretary.docx,
144192c8-bbac-5dd3-adef-431f0e003a25,Major Purchasing Contracts Officer,3,1,Financial Services - Purchasing,False,,False,,,False,aligned,0,near_duplicate,0.9864,,19970624_00001457Mjor_purch_contract_ofcr.doc,
14fdc842-ed35-54c6-bb15-db8321ee7618,"Advisor/Recruiter, Special Projects",3,2,"Faculty of Communication, Art and Technology",False,apsa,False,,,False,aligned,0,near_duplicate|role_equivalent,0.9552,,20190127_00125371_Coord_Student_Affairs.docx,
16a62e28-8689-56e0-8a77-eb2db060537d,Untitled Position,3,1,,False,cupe,False,,,False,aligned,0,near_duplicate,0.8759,,20050513_00001992Clerk.doc,
16df1b2d-50a0-5d19-b7f7-d0a7aad4efef,"Manager, Office of Francophone and Francophile Affairs",3,1,Office of Francophone and Francophile Affairs (OFFA),False,apsa,False,0,3,False,aligned,0,near_duplicate,0.8794,,20151019_00097627_Manager_OFFA.docx,
185b25de-3b16-5de7-8e51-ca78d86b1148,"Program Coordinator, WIL Accessibility",3,2,,False,apsa,False,,,False,aligned,0,near_duplicate,0.8733,,20191217_00127806_JDFN_APSA_20191217.docx,
1887dbf1-6ac4-5877-9d8d-0916f769aa74,ADMINISTRATIVE & PROFESSIONAL JOB DESCRIPTION,3,1,,False,apsa,False,,,False,aligned,0,near_duplicate,0.9456,,20181125_00125036_Officer_Building_Facilities.docx,
19babe9b-eeef-57ae-82d3-aaa563bead82,"Program Director, City Program",3,1,Continuing Studies,False,apsa,False,0,4,False,aligned,0,near_duplicate,0.8627,,20050623_00076018Program_director.doc,
19eff5ea-83f1-52e3-b0c3-4adc6cfe8029,Operations Manager,3,1,Beedie Graduate Programs,False,apsa,False,0,3,False,aligned,0,near_duplicate|role_equivalent,1.0000,,20190421_00126107_Operations_Manager.docx,
1a717180-ace4-50be-af27-554011a824e3,Undergraduate Advisor & Recruiter,3,1,Faculty of Health Sciences (FHS),False,,False,,,False,aligned,0,exact|near_duplicate,0.9700,,20180321_00112678_Undergraduate_Advisor_and_Recruiter.docx,
1b531dc5-e20a-5c3b-9d11-e0d3c1611844,Admissions Officer,3,1,,False,apsa,False,,,False,aligned,0,exact|near_duplicate|role_equivalent,1.0000,,20241223_00136605_JDFN_APSA_20241223.docx,
1c1adc3c-70db-556b-b9ac-0d65c32bd2ea,Departmental Assistant,3,1,,False,cupe,False,0,0,False,aligned,0,near_duplicate,0.8867,,20050511_00079120Secretary_.doc,
1c83fe82-2731-5a7e-8014-8b90bc859d41,Government & Community Relations Officer,3,1,"Vice-President, External Relations, Government Relations",False,apsa,False,,,False,aligned,0,near_duplicate,0.8795,,20121129_00112602_Gvrnmt_Cmnty_Rltns_Officer.docx,
1ca9ff41-b01b-5702-b46d-06841ea9309f,"Program Coordinator, Campus Sustainability",3,1,Office of Sustainability,False,apsa,False,,,False,aligned,0,near_duplicate|role_equivalent,1.0000,,20171004_00121128_Program_Coordinator_Campus_Sustainability.docx,
1e1f5237-f1eb-5076-918b-0d3419f5eeeb,Software Developer,3,1,,False,apsa,False,,,False,aligned,0,exact|role_equivalent,0.9905,,20191129_00127682_JDFN_APSA_20191210.docx,
1f4b3731-e35c-543e-8176-cb60fb3dbce4,"Career Services Advisor, BBA Program",3,1,"Career Management Centre, Beedie School of Business",False,,False,,,False,aligned,0,exact,1.0000,,20120413_00101285_Career_Srvcs_Advisor.docx,
20f30fcd-69aa-58fd-9d2b-3dc1a6780ac2,Information Systems Coordinator,3,1,"Faculty of Education, Office of the Dean",False,apsa,False,,,False,aligned,0,near_duplicate|role_equivalent,0.9786,,20200925_00126257_JDFN_APSA_20190822.docx,
2101dff3-12e6-5293-82b5-12b7fe17fc9b,"Manager, Conference and Guest Accommodations",3,1,Residence & Housing,False,apsa,False,0,3,False,aligned,0,near_duplicate|role_equivalent,1.0000,,20180430_00115104_Manager_Conference_Guest.docx,
22a221bb-d8b4-5bad-911b-7e73adc5f835,"Product Owner, Web Content and Document Management",3,1,"Learning and Community Systems, IT Services",False,apsa,False,,,False,aligned,0,near_duplicate|role_equivalent,0.9483,,20210210_00125423_JDFN_APSA_20190816.docx,
23078b62-0d19-5a4f-8784-031878b2b06c,"Senior Director, Enterprise Risk and Resilience",3,1,Safety and Risk Services,False,apsa,False,0,4,False,aligned,0,exact|near_duplicate|role_equivalent,1.0000,,20171106_00122479_Senior_Director_Enterprise_Risk_Resilience.docx,
23dc275f-f8b1-582b-84ff-a5b5482c227b,"Coordinator, Procurement Programs",3,1,Procurement Services,False,,False,,,False,aligned,0,near_duplicate,0.9081,,20170124_00120219_Coord_Procurement_Prgms.docx,
24334212-63ef-5486-b866-2bbd8ec7ab59,"Director, Global Engagement",3,2,,False,apsa,False,0,4,False,aligned,0,exact|role_equivalent,0.8284,,20201002_00116561_JDFN_APSA_20201008.docx,
24a1bfdc-885b-5be0-9e34-3ba256bfcf8e,"Manager, Prospect Research and Strategy",3,1,University Advancement,False,,False,0,3,False,aligned,0,exact,1.0000,,20110810_00030949_Mgr_Prosp_Resrch_and_Stratgy_Gr10_10Aug11.docx,
2620894d-3243-5f0c-b92b-004609074846,Maintenance Mechanic,3,1,,False,poly,False,,,False,aligned,0,exact|near_duplicate|role_equivalent,0.9850,,20180322_Maint_Mechanic_JDFN_POLY_20200216.docx,
26b44113-e1dd-526b-8b33-d8ba9d27bba1,"Coordinator, Communications, Alumni Outreach and Community",3,2,,False,apsa,False,,,False,aligned,0,role_equivalent,0.8212,,20230803_00126475_JDFN_APSA_20230817.docx,
26b96c83-f0af-5e85-8849-fc69046ebfe2,Information Technology Professional II,3,1,,False,apsa,False,,,False,aligned,0,near_duplicate,0.9583,,20201019_00000346_JDFN_APSA_20201019.doc,
26cd2f1a-3dac-554d-a613-085d1f7bf86d,Co-op Education Coordinator - International,3,1,Co-operative Education,False,apsa,False,,,False,aligned,0,near_duplicate,0.8875,,20090724_00001546_Coop_Education_Coord.doc,
273fb782-9b3c-5a1c-a588-bd833198552d,Communications & Marketing Coordinator,3,1,,False,apsa,False,,,False,aligned,0,near_duplicate|role_equivalent,1.0000,,20241107_00136426_00136427_00136428_JDFN_APSA_20241107.docx,
282045db-8fb6-5bc6-9684-4ba50d4433c5,"Associate Director, Communications and Marketing",3,1,"Office of the Vice President, Research and International",False,apsa,False,0,3,False,aligned,0,exact|near_duplicate|role_equivalent,1.0000,,20180719_00123758_Assoc_Dir_Communications_Marketing.docx,
28f311e9-a28c-513b-a151-78718e7bde20,"Manager, Academic & Administrative Services",3,1,Sociology/Anthropology,False,,False,0,3,False,aligned,0,exact|near_duplicate,1.0000,,"20140303_00000475_Manager,_Academic___Administrative_Services.docx",
2ac32303-db3a-5930-8627-cf476294735f,Manager Residence Life,3,1,"AVP Students and International, Residence Life",False,apsa,False,0,3,False,aligned,0,near_duplicate|role_equivalent,1.0000,,20170619_20170619_00097096_Manager_Residence_Life.docx,
2b0988ef-9858-589e-a681-a3d86bf73c95,"Manager, Academic and Administrative Services",3,1,"School of Interactive Arts and Technology (SIAT) Position Reports To (Title): Director, SIAT",False,apsa,False,0,3,False,aligned,0,near_duplicate,0.9856,,20141003_00096423_Mgr_Acdmc_Admn_Srvs.docx,
2b9d8cfa-1aae-5250-90ba-d3d1443d81f8,Administrative Assistant,3,1,"Continuing Studies, SFU Vancouver",False,cupe,False,0,0,False,aligned,0,near_duplicate,0.9394,,20050526_00031482Administrative_assistant.doc,
2c33fa26-ac2e-5295-b460-6ed4b220540d,Untitled Position,3,1,,False,cupe,False,,,False,aligned,0,near_duplicate,0.9072,,20050708_00001593Secretary.doc,
2c619cc6-0e00-57a0-994e-77039fdc383f,Project Manager,3,3,,False,apsa,False,0,3,False,aligned,0,role_equivalent,0.8801,,20220222_00124787_APSA_JDFN_20220218.docx,
2d604df5-9361-52bb-ba2f-ec4f13e7b763,Systems Developer,3,1,,False,apsa,False,,,False,aligned,0,near_duplicate|role_equivalent,1.0000,,20200217_00127618_JDFN_APSA_20200217_(1).docx,
30715dd9-e836-5fd6-b687-1d670d7417bf,Program Manager,3,1,SFU Public Square,False,apsa,False,0,3,False,aligned,0,near_duplicate|role_equivalent,0.9700,,20171108_00112055_Program_Manager.docx,
33ac2c89-d779-5ad6-bb79-dc427593b40c,"Senior Director, Ancillary Services",3,1,Ancillary Services,False,apex,False,0,4,False,aligned,0,near_duplicate|role_equivalent,1.0000,,20181014_00123353_Snr_Director_Ancillary.docx,
33ca1db1-ce04-5b13-9c5d-4878b82e4ef3,"Coordinator, Marketing & Promotions",3,1,Woodward’s Cultural Unit,False,,False,,,False,aligned,0,exact|near_duplicate,0.9826,,20110729_00107018_Coord_Mrktng_Prm.doc,
3459ca17-bfd3-52f0-be54-f03d5bc9d9ee,Program Assistant,3,1,Dean of Arts & Social Sciences,False,cupe,False,0,0,False,aligned,0,role_equivalent,0.9337,,20110531_00101039_Program_Assistant.docx,
349f4e46-29dd-5396-ac5d-41f52331f7f6,"System Administrator Position #: 00129644, 00130935",3,2,,False,apsa,False,,,False,aligned,0,exact|near_duplicate|role_equivalent,0.9869,,20201103_00129644_JDFN_APSA_20201013.docx,
34d14367-462d-59cb-9023-7b395718ddeb,Administrative Assistant to the Associate Deans,3,1,"Faculty of Arts and Social Sciences, Office of the Dean",False,cupe,False,0,0,False,aligned,0,near_duplicate|role_equivalent,0.9652,,20190503_00006677_Secretary.docx,
357b4d7c-b651-54dc-b16c-b145808e12d2,Program Director,3,1,Lifelong Learning,False,apsa,False,0,4,False,aligned,0,near_duplicate|role_equivalent,0.9752,,20190127_00108445_Program_Director.docx,
367a6674-2c28-5d7c-af21-9d23705c299d,Storage and Systems Administrator,3,1,,False,apsa,False,,,False,aligned,0,exact|near_duplicate|role_equivalent,1.0000,,20220816_00030433_JDFN_APSA_20221213.docx,
36abbd4a-55f0-576c-b937-df692de1ab2e,Untitled Position,3,1,,False,cupe,False,,,False,aligned,0,near_duplicate|role_equivalent,0.9850,,20010815_00000834Library_assistant.doc,
36b74491-2a4e-5fba-b8d0-84099274c0ca,"Senior Director, Student and Community Life",3,2,Student Services,False,,False,0,4,False,aligned,0,exact|near_duplicate,0.9175,,20060220_00099597Senior_managing_director.doc,
37507f44-3649-517d-8379-63dfd4d1baaf,Confidential Secretary,3,2,Academic Relations,False,,False,,,False,aligned,0,near_duplicate,0.8867,,"20080103_103357_Conf_Admin_Prof_II,_grade_3.doc",
3776abdb-9138-593f-b1b5-c0ea63b300ac,Production Technologist,3,2,School of Communication (CMNS),False,cupe,False,,,False,aligned,0,near_duplicate|role_equivalent,0.8084,,20150526_00030996_Technician.docx,
379acc48-17f5-5ead-9d4d-394164dae3e3,"Program Director, Seventh Floor Media",3,1,Continuing Studies,False,,False,0,4,False,aligned,0,exact|near_duplicate,1.0000,,20070208_00101632_Prog__Dir__Cont_Stud__7th_Floor_Media.doc,
39a8941a-d5ec-5f74-b963-9b1b37e7dd9e,"Manager, International Water Decade Alliance",3,1,Pacific Water Research Centre (PWRC),False,apsa,False,0,3,False,aligned,0,near_duplicate|role_equivalent,0.9581,,20170922_00122293_Manager_IWDA.docx,
39bab57b-e6a8-513f-9dd7-a283517f40ea,"Manager, Course Production",3,2,,False,apsa,False,0,3,False,aligned,0,role_equivalent,0.8770,,20220729_00126173_JDFN_APSA_20220720.docx,
39ef6404-8890-52a5-95e9-0b8994c02c22,Untitled Position,3,1,,False,cupe,False,,,False,aligned,0,near_duplicate|role_equivalent,0.9850,,20070404_00001646_Secretary.doc,
3a2d51fe-a76b-56ba-a1c9-bb3b1f7c774d,Associate Director Communications,3,1,"Office of the Vice-President, Finance and Administration",False,apsa,False,0,3,False,aligned,0,near_duplicate|role_equivalent,1.0000,,20190303_00118785_Assoc_Dir_Communications.docx,
3adffaf3-ddbb-5407-9c95-7fa850f79933,"Associate Director , Centre for Online and Distance Education",3,1,Centre for Online & Distance Education (CODE),False,,False,0,3,False,aligned,0,near_duplicate,0.9126,,20140908_00113676_Associate_Dir.docx,
3b3b4ba7-0451-5ea8-a782-0feababa79d3,"Coordinator, Communications and Marketing",3,1,,False,apsa,False,,,False,aligned,0,exact|near_duplicate|role_equivalent,1.0000,,20181125_00120870_JDFN_APSA_20200208.docx,
3b5dfb48-4886-5640-9985-874b7611a71e,"Director, People Development",3,2,Human Resources,False,apex,False,0,4,False,aligned,0,near_duplicate|role_equivalent,0.9717,,20170217_00120967_Dir_Organization_and_EE_Dvlp.docx,
3bb5486d-de65-5518-aef8-2273e75fefcc,Untitled Position,3,1,,False,cupe,False,,,False,aligned,0,near_duplicate,1.0000,,20060927_01075_Assistant_to_Senate_Gr_8.doc,
3bde7f43-564d-523b-bdf4-43bdaf501de4,Lab Coordinator,3,2,,False,cupe,False,,,False,aligned,0,exact|near_duplicate,0.9028,,"20070207_147,_Technician,Gr_10.Chemistry.doc",
3c2ef239-16cb-51e1-9ba1-cf94f28ca47e,"Coordinator, Leadership and Community Building Programs",3,1,"Leadership and Community Building Programs, Lifelong Learning",False,apsa,False,,,False,aligned,0,near_duplicate,0.9679,,20170614_00102251_Coordinator.docx,
3cb302fb-9bad-5289-88a0-fb2f27436e22,"Communications Analyst, Content Production & Distribution",3,1,External Relations – Communications and Marketing,False,apsa,False,,,False,aligned,0,near_duplicate|role_equivalent,1.0000,,20170927_00120145_Communications_Analyst.docx,
3dde394c-182b-5b91-8bf7-6944dd753cf9,Engineering Application Specialist,3,1,Faculty of Applied Sciences – Office of the Dean,False,apsa,False,,,False,aligned,0,near_duplicate|role_equivalent,1.0000,,20181125_00125028_Engineering_Application_Specialist.docx,
3e0a3c17-969f-5dd9-9ce3-77470b8c463f,"Manager, Communications & Engagement",3,1,Office of Sustainability,False,apsa,False,0,3,False,aligned,0,near_duplicate|role_equivalent,0.8726,,20210901_00118322_JDFN_APSA_20210917.docx,
3ee73697-91f2-5481-b080-3d5dc024cf62,"Specialist, Graduate Student Academic Support",3,1,,False,apsa,False,,,False,aligned,0,near_duplicate|role_equivalent,0.9233,,20220713_00132534_JDFN_APSA_20220404.docx,
3ef2279b-a1b2-54c9-9a7c-21b3eba32ad6,Administrative Coordinator,3,1,School of Communication (CMNS),False,apsa,False,,,False,aligned,0,near_duplicate|role_equivalent,0.9853,,20171017_00121987_Administrative_Coordinator.docx,
3fa67bf2-0cd4-52e1-9b7d-fbaeda4b16c8,Research Ethics Officer,3,1,,False,apsa,False,,,False,aligned,0,near_duplicate|role_equivalent,1.0000,,"20200817_00123759,_00126815,_00127032,_00127894_JDFN_APSA_20200925.docx",
3fa87108-94d0-5b43-9539-c02262fa7274,"Manager, Alumni Programs & Services",3,1,Alumni Relations,False,,False,0,3,False,aligned,0,near_duplicate,0.9737,,20181004_00124332_Manager_Alumni_Programs_Services.docx,
3fbb9f41-b232-5fd9-822d-f60d67f698a6,"Manager, Academic & Administrative Services",3,1,Mathematics,False,apsa,False,0,3,False,aligned,0,near_duplicate,0.9135,,20100819_00108158_Mgr_Academic_Admin_Serv.docx,
41228e12-7c84-5818-a4a2-7c8be4f51adb,"Program Assistant, EMPU",3,2,Environmental Medicine & Physiology Unit (EMPU),False,cupe,False,0,0,False,aligned,0,near_duplicate|role_equivalent,0.8057,,20160613_00119389_Program_Assistant.docx,
43409115-6a3c-5644-acbb-138c3962728a,Untitled Position,3,1,,False,cupe,False,,,False,aligned,0,near_duplicate,0.9705,,19990713_00007514Clerk.doc,
4491e8df-a954-55ab-9b20-a5457db5da58,Untitled Position,3,1,Science Stores,False,cupe,False,,,False,aligned,0,role_equivalent,0.8091,,20050525_00098239Stores_clerk.doc,
449e498c-fcbb-5b69-bc46-0c5fe8f80f5b,Associate Director,3,1,Lifelong Learning,False,apsa,False,0,3,False,aligned,0,near_duplicate|role_equivalent,1.0000,,20180709_00105722_Associate_Director.docx,
45cf5f6b-47fa-50c8-a8c5-aa6545f6950b,"Coordinator, Finance and Operations",3,2,,False,apsa,False,,,False,aligned,0,near_duplicate|role_equivalent,0.9679,,20200312_00128138_JDFN_APSA_20200311.docx,
47344dfb-1482-5a2c-9cd8-21aab56fcedc,"Manager, Student Affairs",3,1,"Faculty of Applied Sciences, Office of the Dean",False,apsa,False,0,3,False,aligned,0,near_duplicate|role_equivalent,1.0000,,20180916_00108083_JDFN_APSA_20180924.docx,
4a3c21f0-19b3-5cc7-a2d6-26f8cb1018a7,Research Technician,3,1,Molecular Biology and Biochemistry,False,cupe,False,,,False,aligned,0,role_equivalent,0.8610,,20170307_00111173_Technician.docx,
4b21025f-56b8-5dfb-b94d-5244aef0a409,"Analyst, Research Intelligence",3,1,Office of the Vice President Research & International,False,apsa,False,,,False,aligned,0,near_duplicate|role_equivalent,0.9680,,20200928_00124112_JDFN_ASPA_20190815.docx,
4d0b14b5-34fd-5d0c-aebf-d1af2ee1b644,Untitled Position,3,1,,False,cupe,False,,,False,aligned,0,near_duplicate,0.9833,,20011105_00001058Senior_buyer.doc,
4d4f5a1b-0e5e-5fa0-a5f4-846284dbd7e7,Project Coordinator,3,1,,False,apsa,False,,,False,aligned,0,near_duplicate|role_equivalent,1.0000,,20250521_00137140_JDFN_APSA_20250521.docx,
4d97587f-bd58-552f-a070-866e422a4d66,"Associate Director, Student Financials",3,2,Student Services – Student Accounts,False,apsa,False,0,3,False,aligned,0,near_duplicate|role_equivalent,0.8709,,20190606_00113197_Assc_Director_Stdnt_Financials.docx,
4de33583-8693-55bb-bca9-c5ebd5b3d1b2,"Coordinator, Outreach Programs",3,1,"Faculty of Applied Sciences, Office of the Dean",False,apsa,False,,,False,aligned,0,near_duplicate|role_equivalent,1.0000,,20180727_00124162_Coord_Outreach_Programs.docx,
4ef90e51-86fa-5355-8c35-42173037832f,Untitled Position,3,1,,False,cupe,False,,,False,aligned,0,near_duplicate,0.9651,,20060125_00076005Clerk.doc,
52816e0b-ecfb-5966-912a-6c243a2ba184,"Manager, Budget Operations",3,2,Budget Office,False,apsa,False,0,3,False,aligned,0,near_duplicate|role_equivalent,0.8413,,20170704_00121036_Manager_Budget_Operations.docx,
5288c574-8bef-56bb-91b2-7047162010a3,Untitled Position,3,1,,False,cupe,False,,,False,aligned,0,near_duplicate,0.9731,,20060119_00099598Clerk.doc,
54436149-ebf2-5f0c-a175-b48c03d9e637,Chair’s Secretary,3,2,Humanities,False,cupe,False,,,False,aligned,0,near_duplicate|role_equivalent,0.9594,,20101221_00030479_Secretary.docx,
557c86f0-736b-5569-8cab-75a6b5641420,Untitled Position,3,1,School for the,False,cupe,False,,,False,aligned,0,near_duplicate|role_equivalent,1.0000,,20110922_00110093_Clerk.doc,
56200de3-8535-58ae-8522-e3ccdd828a01,Untitled Position,3,1,,False,cupe,False,,,False,aligned,0,near_duplicate,1.0000,,20040413_00001827Clerk.doc,
56c29b5b-3087-55d8-bdbe-6eaabe05b3f7,"Director, Alumni Relations",3,1,Alumni Relations,False,apsa,False,0,4,False,aligned,0,near_duplicate,0.8542,,20131126_00001240_Director_Alumni_Relations.doc,
581badaa-6bfd-5a41-91b7-94cf4dab8f45,"Coordinator, Temporary Support Services",3,1,Human Resources,False,cupe,False,,,False,aligned,0,near_duplicate,0.9866,,20151215_00001128_Coord_Temp_Support_Srvs.docx,
589593ee-6f5a-5c99-bab9-849037b4b441,"Director, Facilities and Technical Operations",3,1,,False,apsa,False,0,4,False,aligned,0,near_duplicate|role_equivalent,0.9940,,20150820_00111353_JDFN_APSA_20231013.docx,
58eb8c61-ff45-5075-bc33-f4558b770955,"Manager, Graduate Programs",3,1,Faculty of Health Sciences (FHS),False,,False,0,3,False,aligned,0,near_duplicate,0.9379,,20140613_00115486_Manager_Graduate_Prgms.docx,
595be59e-20a0-5e7f-ab0c-913c9940fea4,Chief Information Security Officer,3,1,,False,apex,False,0,5,False,aligned,0,near_duplicate|role_equivalent,0.9656,,20210705_00130796_JDFN_APEX_20210621.docx,
598d70b2-4ded-575d-8b07-4a60446edcca,Writing Services Coordinator,3,1,,False,apsa,False,,,False,aligned,0,exact|near_duplicate,1.0000,,20200228_00099576_JDFN_APSA_20200228.docx,
5995e90d-23f0-5a2a-aa1a-06bf99ed4e74,"Director, Marketing & Communications",3,1,University Advancement,False,,False,0,4,False,aligned,0,near_duplicate,0.8620,,20141105_00099544_Dir_Mrktng_Cmns.docx,
5a1b4976-975b-5469-9aab-6414f2b3d538,"Senior Associate Director, Prospect Research and Records",3,1,University Advancement,False,,False,0,3,False,aligned,0,near_duplicate,0.9511,,20160314_00030949_Snr_Ass_Dir_Prspct_Rsch_Rcrd.docx,
5a95396b-94d8-52b6-aea0-325e704809e5,Registered Psychiatric Nurse,3,1,Health and Counselling Services,False,apsa,False,,,False,aligned,0,near_duplicate|role_equivalent,0.9910,,20190421_00125825_Registered_Psychiatric_Nurse.docx,
5aaa638a-1533-511d-971f-cc2742d2d212,"Manager, Donor Relations",3,1,University Advancement,False,apsa,False,0,3,False,aligned,0,near_duplicate|role_equivalent,1.0000,,20171024_00114407_Manager_Donor_Relations.docx,
5db73836-b365-5a86-853b-baebcaebe066,"Director, Campus Public Safety",3,2,Campus Public Safety,False,apsa,False,0,4,False,aligned,0,near_duplicate|role_equivalent,0.9916,,20190221_00099545_Director_Campus_Security.docx,
5e1fe119-d3c2-551c-bddb-a96e248a5a90,Weighted   Job   Questionnaire   (WJQ)   Custom,3,1,,False,,False,,,False,aligned,0,near_duplicate,0.9840,,20011115_00001110Clerk.doc,
5eec732a-d055-59b4-8f80-59a1c31f3fde,"Director, Cultural Programs",3,1,,False,apsa,False,0,4,False,aligned,0,near_duplicate,0.9710,,20110210_00105180_Dir_Cultural_Prgrms.docx,
5efc943d-39af-5591-88da-ee49afc55788,Technology Manager,3,1,University/Industry Liaison Office,False,,False,0,3,False,aligned,0,near_duplicate,1.0000,,19990901_00062122Technology_manager.doc,
5f1ba5d5-0ae2-5552-b0af-745e9fddc87d,Untitled Position,3,1,,False,cupe,False,,,False,aligned,0,near_duplicate,0.9687,,20050110_00001075Word_processing_operator.doc,
5f43c31c-8df5-5888-954b-5d96f9281d83,Confidential Secretary,3,2,Office of the President,False,apsa,False,,,False,aligned,0,near_duplicate|role_equivalent,0.9456,,20181111_00001727_Confidential_Secretary.docx,
6068fa2a-8cb5-5688-a386-34a0386b3b74,"Budget Coordinator, PKP",3,1,Library Administration,False,apsa,False,,,False,aligned,0,near_duplicate|role_equivalent,0.8370,,20171010_00122018_Budget_Coordinator_PKP.docx,
608e01c4-f079-5f23-b503-60b1200a9b83,Untitled Position,3,1,,False,cupe,False,,,False,aligned,0,near_duplicate,0.8992,,20031210_00001764Clerk_Typist_.doc,
6179e2d9-9d9a-567b-b61c-4f147f7bb88f,Technician,3,1,Faculty of Science,False,cupe,False,,,False,aligned,0,near_duplicate|role_equivalent,0.9205,,20140207_00114857_Technician.docx,
62eef162-f46a-5878-b88f-47985fdff289,Program Assistant,3,1,"Curriculum & Instruction Division, Centre for Educational Excellence",False,cupe,False,0,0,False,aligned,0,exact|role_equivalent,0.9850,,20210618_00097762_JDFN_CUPE_20210706.docx,
64bef1a7-01a9-59a7-958b-16db878e40bc,Program Assistant,3,1,Office of Francophone & Francophile Affairs (OFFA),False,cupe,False,0,0,False,aligned,0,exact|near_duplicate|role_equivalent,0.9850,,20191219_00134684_00098910_JDFN_CUPE_20230804.docx,
65e09bcf-c323-5f45-b76b-af53ec911494,Information Security Analyst,3,1,,False,apsa,False,,,False,aligned,0,near_duplicate|role_equivalent,0.8813,,20201028_00127791_JDFN_APSA_20200228.docx,
666cca67-7e9e-5773-939f-f302a95ffc0f,Communications Officer,3,1,Graduate Studies Office,False,,False,,,False,aligned,0,near_duplicate,0.9878,,20111004_00108946_Cmns_Officer.docx,
6733a0db-251a-578a-bdd6-60d88bc2af88,"Manager, New Student Orientation Program",3,1,Student Recruitment and Transition,False,apsa,False,0,3,False,aligned,0,near_duplicate,0.8623,,20170322_00121165_Mgr_New_Stdnt_Orientation_Prgm.docx,
681c3d89-2517-5a79-a17b-2687b49c1d70,"Manager, Business Solutions",3,1,Facilities Strategic Support,False,apsa,False,0,3,False,aligned,0,near_duplicate|role_equivalent,0.9823,,20200928_00123213_JDFN_APSA_20190809.docx,
6a331c4e-9287-5264-ae9a-5c8b6cf41fe6,"Senior Director, Student Learning and Retention",3,2,Student Services,False,,False,0,4,False,aligned,0,exact|near_duplicate,0.9220,,20060220_00099560Senior_managing_director.doc,
6af4165c-f501-5a8c-b303-90543ea45e4d,"Manager, New Student Enrolment and Transition",3,1,Student Success,False,,False,0,3,False,aligned,0,exact,1.0000,,20150916_00001120_Mgr_New_Stdnt_Enrlmnt_Trns.docx,
6b367e8c-64c0-570d-9120-6f32e91bd4eb,"Coordinator, Special Projects",3,2,,False,apsa,False,,,False,aligned,0,role_equivalent,0.8854,,20191212_00127540_JDFN_APSA_20191203_(1).docx,
6bb74a8a-536b-5bec-80bc-734c2c6f838c,"Coordinator, Graduate Program Delivery",3,1,Business Graduate Program - Beedie School of Business,False,,False,,,False,aligned,0,near_duplicate,0.8892,,20160324_00114560_Coord_Grad_Prgm_Delivery.docx,
6bdac8ec-adc5-5539-bc05-458b9ef6122f,"Information Technology Professional II,",3,1,"Learning & Community Platform Operations, Applications Services",False,apsa,False,,,False,aligned,0,near_duplicate|role_equivalent,0.9107,,20151222_00118380_ITP_II.docx,
6eddc707-08ef-511c-a9f9-d1abda21c909,Advancement Records Assistant,3,1,University Advancement,False,cupe,False,0,0,False,aligned,0,near_duplicate|role_equivalent,0.9778,,20190626_00116827_JDFN_CUPE_20191112.docx,
70145cc3-1838-5399-a3ff-2092f1dbdc94,"Development Officer, Direct Response",3,2,,False,apsa,False,,,False,aligned,0,near_duplicate|role_equivalent,0.8161,,20210126_00124373_JDFN_APSA_20210422.docx,
70549d8d-c5ba-5789-9895-2b11ddcd1946,"Manager, Course Technology",3,2,Division of Learning and Teaching Technology,False,apsa,False,0,3,False,aligned,0,near_duplicate|role_equivalent,0.9549,,20190715_00126173_Manager_Course_Technology.docx,
709b8aa2-4755-59f4-9021-b9de648b5bc8,Budget Coordinator,3,1,Lifelong Learning,False,,False,,,False,aligned,0,near_duplicate,0.9648,,20151120_00118241_Budget_Coord.docx,
71c601d1-8a93-5b0f-b50e-d2c2d59fbc43,Guest Services Coordinator,3,1,Residence & Housing,False,cupe,False,,,False,aligned,0,near_duplicate|role_equivalent,0.9211,,20140709_00064368_Clerk.docx,
72b5348e-5c40-512b-9848-6ed2e8bf44b2,"Assistant Director, External Communications",3,1,"External Relations, Communication & Marketing",False,,False,0,4,False,aligned,0,exact|near_duplicate,0.9691,,20170323_00006986_Asst_Dir_External_Cmns.docx,
72ed8e09-332c-50b7-97d1-8b91d206fd55,"Site Manager, Surrey Campus",3,2,,False,cupe,False,0,3,False,aligned,0,near_duplicate,0.9289,,20060718_00100602Program_Assistant.doc,
73ee7403-d756-5f0f-8aef-5e85541e7627,"Associate Director, Graduate Admissions, Records, and Registration",3,2,Graduate Studies and Postdoctoral Fellows,False,apsa,False,0,3,False,aligned,0,exact|role_equivalent,0.7829,,20190729_00001072_Assoc_Dir_GradAdmsn_Rcrds_Rgst.docx,
753fbac2-6fe9-51e9-936c-1a517ba36bc5,"Manager, Finance",3,1,"Faculty of Arts & Social Sciences, Office of the Dean",False,apsa,False,0,3,False,aligned,0,near_duplicate|role_equivalent,0.9178,,20170628_00110810_Manager_Finance.docx,
75f81271-17cf-5347-8272-8d08401c6e20,Departmental Assistant,3,1,Statistics and Actuarial Science,False,,False,0,0,False,aligned,0,exact|near_duplicate,0.9939,,20060718_00000975_Departmental_Assistant.doc,
790f2ba3-bae5-572e-be95-f58826d01170,Undergraduate Advisor,3,1,Molecular Biology and Biochemistry,False,apsa,False,,,False,aligned,0,near_duplicate|role_equivalent,1.0000,,20190303_00125650_Undergraduate_Advisor.docx,
792fe412-acb3-502f-aaec-7e749ce37c9f,"Manager, Academic and Administrative",3,1,Geography,False,apsa,False,0,3,False,aligned,0,exact|near_duplicate,1.0000,,20050203_00353ManagerAcademicServices_Geography.doc,
79e8402a-28ac-58ce-95bb-3e51b09c4a7a,"Manager, Undergraduate Programs",3,1,Faculty of Health Sciences (FHS),False,,False,0,3,False,aligned,0,near_duplicate,0.9167,,20130425_00098394_Manager_Ugrad_Prgms.docx,
79f31e72-4fcb-57d9-b2fe-8c1c4237ea38,"Manager, Academic Advising",3,1,Beedie School of Business,False,apsa,False,0,3,False,aligned,0,near_duplicate|role_equivalent,1.0000,,20180919_00124577_Manager_Academic_Advising.docx,
7ad21d6b-ca10-5082-9d40-09a34e5eecc9,"Marketing Officer, Alumni Relations",3,1,University Advancement,False,,False,,,False,aligned,0,near_duplicate,0.9709,,20170105_00111596_Marketing_Officer_Almn_Rltns.docx,
7ceced07-a874-56c0-b2d5-97e1e9364d7b,"Manager, Graduate Admissions, Records, and Registration",3,1,Office of Graduate Studies and Postdoctoral Fellows,False,apsa,False,0,3,False,aligned,0,exact|near_duplicate,0.8606,,20160825_00110822_Manager.docx,
7e54760d-0616-565f-a1d4-fed9150a1e94,EHS Coordinator (Chemical & Laboratory Safety),3,1,Environmental Health & Safety,False,,False,,,False,aligned,0,exact|near_duplicate,0.9698,,20130509_00112798_Environmental_Health___Safety_Coordinator.doc,
7f30af4b-d0ee-526d-89bd-4bd0278d6746,"Director, Student Engagement & Retention",3,1,AVPSI Engagement & Retention,False,apsa,False,0,4,False,aligned,0,near_duplicate|role_equivalent,1.0000,,20171010_00105639_Dir_Student_Engagement_Retention.docx,
7f5eecbc-db7b-50e3-bf31-b836d93c0140,Community Life Specialist,3,2,,False,apsa,False,,,False,aligned,0,near_duplicate|role_equivalent,0.8657,,20240131_00109414^_JDFN_APSA_20240221.docx,
80ce7d0e-13b4-51ee-9167-4221553f0698,Web and Data Services Developer,3,1,,False,apsa,False,,,False,aligned,0,near_duplicate|role_equivalent,0.9756,,20220825_00119349_JDFN_APSA_20220922.docx,
816cb87c-85d4-57f8-9bec-eb0bc0b3714d,Project Manager I,3,1,,False,apsa,False,0,3,False,aligned,0,near_duplicate|role_equivalent,0.9973,,20230203_00133997_JDFN_APSA_20230203.docx,
81c1fe03-756c-58db-b2be-bdcb2a077003,Project Coordinator,3,1,,False,apsa,False,,,False,aligned,0,exact|near_duplicate|role_equivalent,0.8809,,20211210_00131719_JDFN_APSA_20211116.docx,
81dd3e04-8404-5f4d-836a-d0e06f44bb1c,Career Services Advisor,3,1,Beedie Undergraduate Programs,False,,False,,,False,aligned,0,near_duplicate,0.9706,,20170424_00118810_Career_Services_Advisor.docx,
827f0828-2351-596b-bd23-aab2f1d06d71,Student Affairs Officer – Scheduling & planning,3,2,Faculty of Applied Sciences,False,apsa,False,,,False,aligned,0,near_duplicate|role_equivalent,0.9629,,20181125_00125035_Student_Affairs_Coordinator.docx,
8291380a-d5e8-522a-8a30-e06f98b81818,Business Analyst I,3,1,Facilities Services,False,,False,,,False,aligned,0,near_duplicate,0.9288,,20100511_00103190_Business_Analyst_I.docx,
8334fe03-0e48-515f-b0c1-8516b637f030,"Director, Labour Relations",3,1,Human Resources,False,apex,False,0,4,False,aligned,0,near_duplicate|role_equivalent,0.9780,,20171127_00001062_Director_Labour_Relations.docx,
83473729-9900-5dcb-9b81-ca61c0123866,"Director, Annual Giving",3,1,University Advancement,False,apsa,False,0,4,False,aligned,0,near_duplicate|role_equivalent,0.9700,,20180216_00123265_Dir_Annual_Giving.docx,
87e6f630-b076-5ad8-b74c-f4df8647efde,"Project Manager, WIL",3,3,,False,apsa,False,0,3,False,aligned,0,near_duplicate|role_equivalent,0.9469,,20191128_00127766_JDFN_APSA_20191212.docx,
890736ad-0d3b-54d7-8ae0-603ca2459726,"Course Materials Coordinator, Graduate Business Programs",3,1,Beedie School of Business - Graduate Program,False,cupe,False,,,False,aligned,0,near_duplicate|role_equivalent,0.8658,,20201026_00116269_JDFN_CUPE_20201107.docx,
895de2bc-af40-5bf3-97c7-717f29ce463f,"Director, International Development &",3,1,,False,,False,0,4,False,aligned,0,exact|near_duplicate,0.9652,,20060209_00098590Mgr_intl_project_dev_support.doc,
8bd94c2b-e087-5018-8719-3b285d39cc00,"Lab Manager, Health Promotion",3,1,"RADIUS, Beedie School of Business",False,apsa,False,0,3,False,aligned,0,near_duplicate|role_equivalent,0.9783,,20180321_00123401_Senior_Lab_Manager.docx,
8c0f2497-fdd2-566a-b2fb-e928fad190d0,"Coordinator, Dialogue and Engagement",3,1,,False,apsa,False,,,False,aligned,0,exact|near_duplicate|role_equivalent,0.9700,,20200406_00128143_JDFN_APSA_20200404.docx,
8dfd6a14-a1c1-5b8f-b452-4b9bbe62a9a5,Ombudsperson,3,1,,False,apsa,False,,,False,aligned,0,near_duplicate|role_equivalent,0.8436,,20251105_00104091_JDFN_APSA_20251117.docx,
8e71682b-bdf0-558d-a90b-4092471bc5d2,Senior Functional Support Analyst,3,1,,False,apsa,False,,,False,aligned,0,exact|near_duplicate|role_equivalent,1.0000,,20250429_00136912_JDFN_APSA_20250429.docx,
8f631ffb-64c4-5464-af92-85363ed52700,"Manager, Laboratory Operations",3,1,Biological Sciences,False,,False,0,3,False,aligned,0,near_duplicate,0.9608,,20141211_00000063_Manager_Laboratory.docx,
9153f5b7-0633-5e9a-ae45-53110cbf55e5,"Manager, Budget & Financial Analysis",3,1,,False,apsa,False,0,3,False,aligned,0,exact|near_duplicate|role_equivalent,0.9700,,20190926_00118679_JDFN_APSA_20200207_(1).docx,
91de6ac4-460e-54d9-a957-6e1e80a7b33a,Compensation Consultant,3,1,Human Resources,False,,False,,,False,aligned,0,exact,1.0000,,20140326_00102104_HR_Prof_III.docx,
92530806-f1d1-5750-b02a-5a7abd3cd571,"Director, Imagetech Operations",3,1,,False,apsa,False,0,4,False,aligned,0,near_duplicate|role_equivalent,0.9042,,20210407_00130320_JDFN_APSA_20210316.docx,
9294f536-e8d4-5c0b-8983-60512277efd3,Data Definitions Coordinator,3,1,Institutional Research and Planning,False,apsa,False,,,False,aligned,0,near_duplicate|role_equivalent,1.0000,,20180719_00123647_Data_Definitions_Coordinator.docx,
9460eee4-9ad4-5982-b024-f45b0eadfcd2,"Associate Director, Special Projects",3,1,"Undergraduate Admissions, Student Services",False,apsa,False,0,3,False,aligned,0,near_duplicate,0.8964,,20161021_00120083_Assoc_Director_Special_Projects.docx,
94638481-372c-5856-8d28-e38dec8ea843,"Coordinator, Student Life",3,1,Student Success – Student Engagement and Retention,False,,False,,,False,aligned,0,near_duplicate,0.9708,,20180417_00111330_Coordinator_Student_Life.docx,
9490910f-0196-58d8-bcdc-110f6d22208a,ADMINISTRATIVE & PROFESSIONAL,3,1,,False,apsa,False,,,False,aligned,0,near_duplicate|role_equivalent,0.9713,,"20200925_00097160,_00128417_JDFN_APSA_20190828.docx",
9544e8aa-bf1b-5f31-855f-093318309f92,Untitled Position,3,1,,False,cupe,False,,,False,aligned,0,near_duplicate|role_equivalent,0.9613,,20040503_00001812Technician_.doc,
963fcf44-4c2f-50c0-b1ec-2512d81d8214,"Director, Digital Engagement",3,1,Communications & Marketing (External Relations),False,,False,0,4,False,aligned,0,exact|near_duplicate,0.9652,,20140908_00115877_Director_Digital_Eng.docx,
96f8395d-1761-5c86-b5e3-589c56e8585f,"Coordinator, APAIE 2020 Conference",3,2,SFU International,False,apsa,False,,,False,aligned,0,near_duplicate|role_equivalent,0.9508,,20190125_00125372_Coordinator_APAIE.docx,
973097c9-7f66-58e9-9bde-ebd51737218c,Untitled Position,3,1,Vice President Finance,False,cupe,False,,,False,aligned,0,near_duplicate|role_equivalent,0.9295,,20080725_00001169_Assistant_to_Chief_Facilities_Officer.doc,
9786b8bb-7d60-5d77-9d04-e35899ba9dbb,Security and Systems Administrator,3,2,IT Infrastructure Services,False,apsa,False,,,False,aligned,0,near_duplicate|role_equivalent,0.9234,,20190702_00110776_Scrty_Systems_Admin.docx,
97e1df89-3d2d-5bd5-bdfd-08fd4b73a41e,"Coordinator, Web Development Services",3,1,,False,apsa,False,,,False,aligned,0,near_duplicate|role_equivalent,0.9277,,20200924_00001020_JDFN_APSA_20061029.docx,
986db5e0-7eec-51bf-8d50-7b642555e5d9,"Associate Director, Gift & Estate Planning",3,1,,False,apsa,False,0,3,False,aligned,0,exact|near_duplicate|role_equivalent,0.8684,,20231010_00119686_JDFN_APSA_20231010.docx,
98b0bc4a-5ce4-55e1-b4c5-ac55ce5a9006,"Research Grants Navigator, SPOR",3,1,Office of Vice-President Research (VPR),False,apsa,False,,,False,aligned,0,near_duplicate|role_equivalent,0.9244,,20180213_00123017_Research_Grants_Navigator_SPOR.docx,
98d5a3ae-aa1a-52cd-a2e3-072532668594,"Associate Director, Administration & Operations",3,1,Teaching & Learning Centre,False,,False,0,3,False,aligned,0,near_duplicate,0.8687,,20160429_00119124_Assoc_Director.docx,
98ed35eb-f048-5948-b89f-027cc033313b,Administrative and Events Coordinator,3,1,Morris J. Wosk Centre for Dialogue,False,apsa,False,,,False,aligned,0,near_duplicate|role_equivalent,1.0000,,20181111_00124797_Admin_Events_Coordinator.docx,
9919dab3-5f06-5346-bee4-e473ca86e4a6,School Director’s Confidential Assistant,3,1,Faculty of Applied Sciences,False,cupe,False,0,4,False,aligned,0,exact|near_duplicate|role_equivalent,0.9850,,20190704_00126616_Confidential__Assistant.docx,
99c6a42b-ccea-57f2-bda2-6827edc73fdf,"Director, Administration",3,1,Faculty of Environment,False,apsa,False,0,4,False,aligned,0,near_duplicate,0.8642,,20090313_00105517_Director_Administration.doc,
9a9ca635-ba78-5d49-a851-a2c64b080b0b,Communications Officer,3,1,"Dean’s Office, Faculty of Arts and Social Sciences (FASS)",False,,False,,,False,aligned,0,near_duplicate,0.9669,,20190331_00108953_Communications_Officer.docx,
9c51f036-e57f-5d3e-af20-3d44f7615183,"Manager, Academic & Administrative Services -",3,1,"Explorations Program at SFU Surrey, FASS SFU Surrey",False,,False,0,3,False,aligned,0,exact|near_duplicate,0.9856,,"20070329_00097531,_Mgr,_Acad____Admin__Serv_,Explor_Prog.doc",
9c65140e-5f55-50cb-8d0c-1aae6ad1e28f,"Associate Director, Graduate & Postdoctoral Studies Position #: 00001072",3,1,,False,apsa,False,0,3,False,aligned,0,near_duplicate|role_equivalent,0.9940,,20211217_00001072_APSA_JDFN_20230518.docx,
9c87f8eb-9669-58be-870c-725f2692020d,Co-op Student Career Advisor,3,1,Work Integrated Learning,False,,False,,,False,aligned,0,exact|near_duplicate,0.9748,,20170425_00116252_Coop_Student_Career_Advisor.docx,
9da8376b-f893-5f63-8309-c001e5109f36,Receptionist,3,1,Political Science,False,cupe,False,,,False,aligned,0,exact|role_equivalent,0.9850,,20061106_00101224_Secretary.docx,
a01d5808-ab07-52be-a792-29fe2e3f65bf,"Coordinator, Recruitment and Student Life",3,1,Office of Francophone and Francophile Affairs (OFFA),False,apsa,False,,,False,aligned,0,near_duplicate,0.9560,,20180415_00123448_Coord_Rcrtmnt_Stdnt_Lf.docx,
a0a5d68d-0f6a-5321-9c70-2ac2d56e4c7e,Student Affairs Coordinator,3,1,,False,apsa,False,,,False,aligned,0,exact|near_duplicate|role_equivalent,1.0000,,20220216_00030541_JDFN_APSA_20220719.docx,
a170613c-97fa-57f8-bf18-901e7e323f32,"Associate Director, Pre-Award",3,1,"Institutional Strategic Awards, VPR",False,apsa,False,0,3,False,aligned,0,near_duplicate|role_equivalent,1.0000,,20190719_00030627_Associate_Director_Pre-Award.docx,
a17bbebb-6c2a-5388-87b5-5d00b3d8de3f,"Director, Indigenous Programs",3,1,Beedie School of Business,False,apsa,False,0,4,False,aligned,0,near_duplicate|role_equivalent,0.9441,,20170823_00121982_Director_Ingidenous_Prgms.docx,
a186db27-e494-5c91-b15a-9e548b008247,Administrator,3,1,Student Engagement and Retention,False,,False,,,False,aligned,0,near_duplicate,0.9504,,20151019_00118069_Administrator.docx,
a3af3687-9fd0-5e1b-9fe4-86578f1b1ec9,"Associate Director, Student Financials",3,2,Student Financials,False,,False,0,3,False,aligned,0,near_duplicate,0.8595,,20130710_00113197_Financial_Analyst.docx,
a3cdf334-5d9d-530d-af61-c57a428dfc11,Cataloguing/Preparations Assistant,3,1,Library,False,cupe,False,0,0,False,aligned,0,near_duplicate|role_equivalent,0.8853,,20160721_00000879_Library_Assistant.docx,
a3ee9f9f-ce75-54d7-a671-d2e8d863acc2,Lab Technician,3,2,BIOLOGICAL SCIENCES,False,cupe,False,,,False,aligned,0,role_equivalent,0.9789,,20131030_00000080_Technician.docx,
a3fb5e1e-2900-59a6-a572-0e0c07683f68,"Project Director, Brand Expression",3,1,"External Relations, Communications & Marketing",False,apsa,False,0,4,False,aligned,0,near_duplicate|role_equivalent,0.9700,,20190113_00125173_Project_Director_Brand_Expression.docx,
a6cbf873-af00-5ce8-ac99-b8b117f6b13a,Job Analyst,3,1,Human Resources,False,apex,False,,,False,aligned,0,near_duplicate|role_equivalent,1.0000,,20181028_00119693_Job_Analyst.docx,
a6ef16e0-8f51-5bc3-974d-d5d9db8de8bb,"Program Director, Writing & Publishing",3,1,Continuing Studies,False,,False,0,4,False,aligned,0,exact,1.0000,,20070830_00000802_Prog__Dir__Writ___Pub_Prog___Cont_Stud__HC.doc,
a6f9f26d-d9ce-5b4e-b03e-18829a31eb99,"Manager, Administrative Services",3,3,,False,apsa,False,0,3,False,aligned,0,role_equivalent,0.9694,,20231222_00135293_JDFN_APSA_20231222.docx,
a7ae3aaf-531a-56f5-be2a-76e5baee18ce,"Associate Director, Enterprise Systems",3,3,,False,apsa,False,0,3,False,aligned,0,role_equivalent,0.8127,,20200617_00116771_JDFN_APSA_20201216.docx,
a99eb1b4-af64-5bda-abd2-f325d6606c43,Untitled Position,3,1,Physics,False,cupe,False,,,False,aligned,0,near_duplicate|role_equivalent,0.9641,,20080325_1344_Secretary_gr_6.doc,
a9a2c303-dd23-57f3-9e8a-487e5522a9a7,Untitled Position,3,1,FASS @ Surrey,False,cupe,False,,,False,aligned,0,near_duplicate|role_equivalent,0.9387,,20080801_00099724_Secretary.doc,
a9e03f8e-c10f-591b-a358-840c5e1689d2,"Manager, Indigenous Programs",3,1,"Beedie School of Business, Graduate Programs",False,apsa,False,0,3,False,aligned,0,near_duplicate|role_equivalent,1.0000,,20171128_00122762_Manager_Indigenous_Programs.docx,
ab1dfc05-8228-5539-934b-dc2273c22991,Untitled Position,3,1,,False,cupe,False,,,False,aligned,0,near_duplicate,1.0000,,20000817_00077046Technician.doc,
ab7176dc-3804-5193-a283-2f8528c26bf6,Undergraduate Advisor,3,1,School of Interactive Arts and Technology,False,,False,,,False,aligned,0,near_duplicate,0.8656,,20110328_00108935_Ugrad_Advisor.docx,
ab742430-b3ac-5546-929f-6b25b807edac,"Associate Director, Research and Industrial Affairs",3,1,"Faculty of Applied Sciences, Office of the Dean",False,apsa,False,0,3,False,aligned,0,near_duplicate|role_equivalent,1.0000,,20180703_00124107_Associate_Director.docx,
ab8a7a83-6e23-5493-88eb-20e4a053b883,Secretary to the Associate Dean,3,2,Office of Graduate Studies and Postdoctoral Fellows,False,cupe,False,,,False,aligned,0,role_equivalent,0.8459,,20121019_00107012_Secretary.docx,
abe4a766-519d-50f3-921a-a3fde8e8f791,Untitled Position,3,1,,False,cupe,False,,,False,aligned,0,exact,1.0000,,"20090701_00102072Clerk,_Gr_4.doc",
ac7c6ba3-e0ab-58f5-8433-96324f23590d,Untitled Position,3,1,Campus Security,False,cupe,False,,,False,aligned,0,near_duplicate|role_equivalent,0.8731,,20070612_00031115_Secretary.doc,
ad76478f-973b-52cb-8967-7289da3e8abf,"Manager, Systems Administration",3,2,Infrastructure Services,False,apsa,False,0,3,False,aligned,0,near_duplicate|role_equivalent,0.9743,,20171114_00122674_Mgr_Telecommunications_Oprtns.docx,
adbcb97f-bb33-5d3a-97fe-dd8cc38222ee,Untitled Position,3,1,,False,cupe,False,,,False,aligned,0,near_duplicate|role_equivalent,0.8949,,20041206_00030486Clerk_Typist_.doc,
ae829e15-4850-55b2-8123-8f2d84fedd06,AV Systems Analyst,3,1,IT Services,False,apsa,False,,,False,aligned,0,near_duplicate|role_equivalent,1.0000,,20190714_00126404_AV_Systems_Analyst.docx,
af95e6ef-e4fe-5760-9376-9bb9cf1bdff5,"Manager, Information Technology Operations",3,1,Beedie School of Business,False,apsa,False,0,3,False,aligned,0,near_duplicate|role_equivalent,0.9822,,20200925_00126369_JDFN_APSA_20190822.docx,
afa2da1e-75b3-5014-8f5e-5501cb017a6a,"Associate Director, MRI",3,2,,False,apsa,False,0,3,False,aligned,0,near_duplicate|role_equivalent,0.8436,,20210329_00130321_JDFN_APSA_20210221.docx,
b001f978-3989-5f74-b59f-be45bf8e5b0b,"Manager, Laboratory Engineer",3,2,Faculty of Applied Sciences – Office of the Dean,False,apsa,False,0,3,False,aligned,0,near_duplicate|role_equivalent,0.9483,,20190113_00125158_Mgr_Lab_Engineer.docx,
b15cc34f-28dd-55f7-8210-b8304777df55,"Information Technology Professional,",3,1,University Advancement,False,,False,,,False,aligned,0,exact|near_duplicate,0.9288,,20110608_00109812_ITP.docx,
b1a4cbbc-bf76-5609-afb5-c3865d96187d,Untitled Position,3,1,,False,cupe,False,,,False,aligned,0,near_duplicate,1.0000,,20020710_00000318Library_assistant.doc,
b3240429-58a1-57ae-8824-c8a272216aaa,Compensation Consultant,3,1,,False,apex,False,,,False,aligned,0,exact|role_equivalent,1.0000,,20210312_00124694_JDFN_APEX_20210312.docx,
b3fe0588-6214-5a5a-a8f6-2ba77e424276,Program Coordinator,3,1,Lifelong Learning,False,,False,,,False,aligned,0,exact|near_duplicate,1.0000,,"20130326_Program_Coordinator,_Pos.__113267.doc",
b497b789-9753-556a-8054-99bd61392e41,Instructional Designer,3,1,"eLINC (eLearning Innovation Centre), SFU Surrey",False,,False,,,False,aligned,0,near_duplicate,0.8543,,20040308_00001394Instructional_designer.doc,
b568fdca-6eea-57d3-b166-3b7a45cc6ff1,Untitled Position,3,1,Bookstore,False,cupe,False,,,False,aligned,0,near_duplicate|role_equivalent,0.9716,,20100622_00107913_Buyer.doc,
b88e4bd3-03f7-596c-9dbe-fed51b4293c0,"Associate Director, Recruitment and Strategic Enrolment Management",3,1,Faculty of Environment,False,apsa,False,0,3,False,aligned,0,near_duplicate|role_equivalent,0.9443,,20190113_00105520_Assoc_Dir_Rcrtmnt_Strtgic_Enrllmnt.docx,
b978612c-d73f-517a-ab40-30c6faa460e3,Access & Discovery Specialist,3,1,"Library Resource Acquisition, Management, and Metadata (RAMM)",False,cupe,False,,,False,aligned,0,exact|near_duplicate|role_equivalent,0.9850,,20250507_00137036_JDFN_CUPE_20250505.docx,
b988fe92-5504-50f3-9074-5d3a421d33bf,Quality Assurance and Testing Lead,3,1,,False,apsa,False,0,2,False,aligned,0,exact|near_duplicate|role_equivalent,1.0000,,20241025_00136356_JDFN_APSA_20241018.docx,
b9ec4b05-6bc8-5d64-81dd-a6f28dcc0477,Career Education Manager,3,1,,False,apsa,False,0,3,False,aligned,0,near_duplicate|role_equivalent,0.9930,,20230629_00001140_00001661_JDFN_APSA_20230829.docx,
bc9cd458-ea30-51fb-80b2-1b8123c3e926,"Assistant Director, Communications",3,1,,False,apsa,False,0,4,False,aligned,0,exact|near_duplicate|role_equivalent,1.0000,,20200501_00128644_JDFN_APSA_2020428_(1).docx,
bd2f994c-39ca-5d7c-84ad-752c24de8903,"Associate Director,",3,1,,False,cupe,False,0,3,False,aligned,0,exact|near_duplicate|role_equivalent,0.9707,,20070212_00030530and00000624Clerk_Typist.doc,
bddcba13-ddc1-57fa-a75f-6bd6308be646,"Manager, Academic and Administrative Services",3,1,Physics,False,,False,0,3,False,aligned,0,near_duplicate,0.9709,,20150828_00000208_Mgr_Acdmc_Admn_Srvcs.docx,
be2af0db-5c1a-5684-a0be-280fe40165af,Board Assistant,3,1,,False,apex,False,0,0,False,aligned,0,exact|near_duplicate|role_equivalent,0.9869,,20211028_00131621_744_123134_JDFN_APEX_20230630.docx,
bea93fb8-bc26-54e5-8e20-4392e37aae7c,Undergraduate & Graduate Program Assistant,3,1,School of Computing Science,False,cupe,False,0,0,False,aligned,0,exact|near_duplicate|role_equivalent,0.9850,,20240201_00001736_00007528_00100441_JDFN_CUPE_20240326_(1).docx,
bebc151e-601a-599b-8a86-19f73fcad4fa,Data Warehouse Developer,3,1,IT Enterprise Systems,False,apsa,False,,,False,aligned,0,near_duplicate|role_equivalent,0.8534,,20210211_00126530_JDFN_APSA_20200625.docx,
bed93510-a9f5-5bf9-a3ac-21d024d2492e,"Coordinator,",3,1,"Office of Vice-President,",False,,False,,,False,aligned,0,exact|near_duplicate,1.0000,,"20060814_Coordinator,_University_Curriculum_College_Liaison.doc",
bfcd8917-43fd-5f20-b762-65d62629c72c,Business Analyst,3,1,Graduate and Postdoctoral Studies,False,apsa,False,,,False,aligned,0,near_duplicate|role_equivalent,0.9453,,20200925_00118786_JDFN_APSA_20190807.docx,
c01ff333-1865-549f-a7f3-5ea2b54f09fb,"Coordinator, Professional Development & Academic Services",3,1,School for International Studies,False,apsa,False,,,False,aligned,0,near_duplicate|role_equivalent,1.0000,,20190210_00125534_Coord_Prof_Dvlpmnt_Acdmc_Srvcs.docx,
c04e3308-d4c5-5cb6-aee6-a669d0a96ed5,"Coordinator, Communications and Marketing",3,1,Faculty of Health Sciences (FHS),False,,False,,,False,aligned,0,near_duplicate,0.8565,,20140620_00115577_Coord_Cmns_Mrktng.docx,
c098e59b-1b8c-5631-90c1-ffff4585d7cc,Residence Life Information Assistant,3,1,Residence and Housing,False,cupe,False,0,0,False,aligned,0,role_equivalent,0.8527,,20100520_00064763_Clerk_Typist.docx,
c0e04fc0-52a6-576e-8f32-51bd3f41ea3c,Systems Consultant,3,1,,False,apsa,False,,,False,aligned,0,exact|near_duplicate|role_equivalent,1.0000,,20201001_00127429_JDFN_APSA_20200730.docx,
c1a3d7a4-f2c3-5180-ad3f-29f509226ea4,Project,3,1,Financial,False,,False,,,False,aligned,0,exact|near_duplicate,1.0000,,"20060309_1223_Project_Accountant,_Research_Accounting.doc",
c2f2522d-eb30-5252-8613-2439ae02d51d,Untitled Position,3,1,Enterprise Systems,False,cupe,False,,,False,aligned,0,exact|near_duplicate|role_equivalent,1.0000,,20130408_00113243_Technician.doc,
c318290d-ccee-54c9-9c1c-5e5827e10c7e,"Manager, Donations Administration",3,1,University Advancement,False,apsa,False,0,3,False,aligned,0,near_duplicate|role_equivalent,0.8609,,20231026_00117554_JDFN_APSA_20231027.docx,
c3d591d2-7763-5047-8f57-7045306a8c3d,"Coordinator, Office of Research Ethics",3,1,Office of Research Ethics,False,,False,,,False,aligned,0,exact|near_duplicate,1.0000,,20150804_00114257_Coord_Office_of_Rsrch_Ethics.docx,
c468af54-ee20-56e3-b2ff-52eb6dd322a3,"Manager, Academic & Administrative Services",3,1,Biological Sciences,False,apsa,False,0,3,False,aligned,0,near_duplicate|role_equivalent,0.9700,,20190127_00000061_Manager_Academic___Admin_Services.docx,
c4e765c8-f8b2-5dcf-a7a1-90779e804a9f,"Coordinator, Strategic Initiatives",3,2,,False,apsa,False,,,False,aligned,0,role_equivalent,0.9839,,20220321_00132365_JDFN_APSA_20220317.docx,
c50b855c-b978-5248-8810-5d064afc09df,"Coordinator, Occupational Health & Trades Safety",3,1,Environmental Health & Safety,False,apsa,False,,,False,aligned,0,near_duplicate|role_equivalent,1.0000,,20190205_00116872_Coord_Occ_Health_Trds_Sfty.docx,
c5b5b1a0-6c43-5011-b72a-86ffddfafbe4,"Assistant, Research Grants and Projects",3,1,"Major Projects Office, VPR",False,apsa,False,0,0,False,aligned,0,exact|role_equivalent,1.0000,,20170616_00121784_Assistant_Rsrch_Grants_Proj.docx,
c6c58d3a-2522-5e6e-ad2b-c84d1919dbfa,"Manager, Admissions & Recruitment",3,1,Education Professional Programs,False,apsa,False,0,3,False,aligned,0,near_duplicate|role_equivalent,1.0000,,20171010_00006855_Mgr_Admissions_Recruitment.docx,
c6c707bd-7470-57d4-8020-99d34cf61e46,Undergraduate Advisor & Recruiter,3,1,School of Interactive Arts and Technology,False,,False,,,False,aligned,0,exact|near_duplicate,1.0000,,"20060920_Undergraduate_Advisor___Recruiter,_SIAT.doc",
c72c6167-55cc-5d5f-9f75-c960a08b4c4b,PERSONNEL DEPARTMENT,3,2,Faculty of Business Administration,False,,False,,,False,aligned,0,near_duplicate,0.9343,,20101216_00001835_Ugrad_Advisor.doc,
c8ee5188-1c78-5089-91fd-0d3dd6293eb9,Communications Coordinator,3,1,,False,apsa,False,,,False,aligned,0,exact|near_duplicate|role_equivalent,1.0000,,20210708_00130865_JDFN_APSA_20210609.docx,
ca697092-b85e-5316-9173-773265de4190,International Student Advisor,3,1,International Services for Students,False,,False,,,False,aligned,0,exact,1.0000,,20170501_00097250_Intl_Student_Advisor.docx,
cff5c808-e8f7-5581-8f83-11211845e8b4,Systems Administrator,3,1,,False,apsa,False,,,False,aligned,0,near_duplicate|role_equivalent,0.9700,,"20210208_00001594,_00111940_JDFN_APSA_20200101.docx",
d080177c-f95d-58a4-84c6-d3f5ab9d9e7e,"Coordinator, Research Grants & Projects",3,1,Linguistics,False,apsa,False,,,False,aligned,0,near_duplicate|role_equivalent,1.0000,,20190210_00125528_Coordinator_Research_Grants_Projects.docx,
d16a6c02-944f-530e-ab94-72d56a68f9bb,Case Manager,3,1,,False,apsa,False,0,3,False,aligned,0,near_duplicate|role_equivalent,0.9066,,20210701_00130758_JDFN_APSA_20210613.docx,
d1f75906-5c69-57c2-a67f-9c91fb64bcf7,Untitled Position,3,1,School of Engineering,False,cupe,False,,,False,aligned,0,near_duplicate|role_equivalent,0.9141,,20190705_00030606_Graduate_Program_Assistant.doc,
d1f798ad-35a2-5273-ad96-dd1d5f635bbf,Chief Information Officer,3,1,,False,apex,False,0,5,False,aligned,0,near_duplicate|role_equivalent,0.9244,,20210705_00104355_JDFN_APEX_20210621.docx,
d2cbb31d-32f3-53af-87eb-c5db985badfe,Faculty Relations Advisor,3,1,,False,apex,False,,,False,aligned,0,exact|near_duplicate|role_equivalent,0.9071,,20230804_118740_118741_131101_131299_JDFN_APEX_20231027.docx,
d4ae10f1-349c-5521-bf29-e9a73af8ba15,"Program Manager, Ed. D. and M. Ed. (Community Based)",3,2,"Ed. D. and M. Ed. (Community Based) Programs, SFU Surrey,",False,,False,0,3,False,aligned,0,near_duplicate,0.8753,,"20071224_00102889,_Program_Mgr,_SFU_Surrey.doc",
d5663dda-6b3c-5387-a903-9f340b12ba8c,"Coordinator, Recruitment and Retention",3,1,"SFU NOW Program, Continuing Studies",False,apsa,False,,,False,aligned,0,near_duplicate|role_equivalent,1.0000,,20170817_00107044_Coordinator_Recruitment_Retention.docx,
d5ce9331-e5ed-530a-8a47-aacbd387938f,Policy Advisor,3,1,,False,apsa,False,,,False,aligned,0,exact|near_duplicate|role_equivalent,0.9851,,20250423_00136432_00137033_JDFN_APSA_20250423.docx,
d5d44891-4bc0-5b63-98c3-a84e7df93900,Untitled Position,3,1,,False,cupe,False,,,False,aligned,0,near_duplicate,0.9734,,20040329_00001819Clerk.doc,
d607014f-62e7-56da-b455-d52989157f39,Untitled Position,3,1,,False,cupe,False,,,False,aligned,0,near_duplicate,0.9253,,20040628_00001742Medical_Office_Assistant.doc,
d8100ef8-f3c1-5b47-828e-979b1ad99429,Untitled Position,3,1,,False,cupe,False,,,False,aligned,0,near_duplicate|role_equivalent,0.9623,,20000715_00030215Clerk_typist.doc,
d837a34a-d3a6-5aef-98f7-54aff22ae0c4,Systems & Web Developer,3,1,Creative Studio,False,,False,,,False,aligned,0,exact|near_duplicate,0.9859,,20170315_00100906_Systems_and_Web_Dvlpr.docx,
d8a8ac70-f2e2-5b21-8fe0-84016361953a,"Analyst, Technology Management",3,1,,False,apsa,False,,,False,aligned,0,exact|near_duplicate|role_equivalent,0.9164,,20200415_00128490_JDDC_APSA_20230427.docx,
da176cd7-7c40-5823-80df-18f889f02b04,"Director, International Office",3,1,Faculty of Education (FoE),False,apsa,False,0,4,False,aligned,0,near_duplicate,0.8566,,20180704_00109742_Director_International_Office.docx,
da5baf75-4558-5b5d-bbf2-7a5c1ebe39db,Agricultural Engineer Consultant,3,1,,False,apsa,False,,,False,aligned,0,exact|near_duplicate|role_equivalent,1.0000,,20221115_00133703_JDFN_APSA_20221122.docx,
da95e46a-ee05-5e9a-8772-3e9734827c28,Junior Business Analyst,3,1,"Beedie, Office of the Dean",False,apsa,False,,,False,aligned,0,exact|near_duplicate,0.9302,,20190728_00126785_Jr_Business_Analyst.docx,
daffbf48-fc57-576f-8ea9-dc73a2cf5a20,Director of Student Financials,3,1,Student Services/Financial Services,False,,False,0,4,False,aligned,0,exact,1.0000,,"20070613_00096600,_Dir,_Student_Financials,_Student_Serv.doc",
dba53fcf-aa3b-5b76-a394-c967d4ffe9ed,Career Services Advisor,3,1,,False,apsa,False,,,False,aligned,0,near_duplicate,0.9129,,"20220414_00118669,_00130839_JDFN_APSA_20220414.docx",
dcaa1519-f7b8-5988-8874-30dcbdce290a,Untitled Position,3,1,,False,cupe,False,,,False,aligned,0,near_duplicate,0.9354,,19981123_00000339Clerk_typist.doc,
de68a9f5-67cb-504a-9809-785c019ddfb2,Health Promotion Specialist,3,1,Health and Counselling Services (HCS),False,,False,,,False,aligned,0,exact|near_duplicate,0.9789,,20150513_00097411_Health_Promotion_Specialist.docx,
dedc5e9f-2c33-5c7a-81fe-65a667eabd21,Residence Life Coordinator,3,1,Residence & Housing,False,,False,,,False,aligned,0,exact,1.0000,,20160125_00109416_Residence_Life_Coordinator.docx,
df334f7c-5e25-57b9-b8c5-b1e4f5617836,"Manager, Sports Information",3,1,Athletics and Recreation,False,apsa,False,0,3,False,aligned,0,near_duplicate|role_equivalent,1.0000,,20180313_00123335_Manager_Sports_Information.docx,
e0f174f3-18cf-5662-91dd-9910c4e3fda6,Residence Life Coordinator (3 Positions),3,1,Residence Life,False,,False,,,False,aligned,0,exact,1.0000,,20110503_00109414_Residence_Life_Coord.docx,
e1c94368-fbd4-54b7-b05d-60084f47a6de,"Associate Director, Global Engagement",3,2,,False,apsa,False,0,3,False,aligned,0,near_duplicate|role_equivalent,0.9041,,20210630_00130638_JDFN_APSA_20210527.docx,
e1eb01cb-91cd-55d7-af4d-83eea8b0c7e3,"Director, Learning and Teaching Technology",3,1,Centre for Educational Excellence,False,apsa,False,0,4,False,aligned,0,near_duplicate|role_equivalent,1.0000,,20190715_00125680_Director_Learning_And_Teaching_Technology.docx,
e277e503-7ebf-5165-aaa1-2e7b4ffd4283,Lab Technician,3,1,Biological Sciences,False,cupe,False,,,False,aligned,0,near_duplicate|role_equivalent,0.8554,,20140929_00001338_Technician.docx,
e29655cb-17d0-5b72-9499-387b7381b5ea,"Analyst, Digital Transformation",3,1,Project Management Office,False,apsa,False,,,False,aligned,0,near_duplicate|role_equivalent,0.8725,,20201028_00125697_JDFN_APSA_20190328.docx,
e2c6525e-d6d1-584f-9601-554a572433f9,"Associate Director, Payroll and Payment Services",3,1,Financial Services,False,,False,0,3,False,aligned,0,near_duplicate,0.9723,,20150714_00117140_Assoc_Dir_Payroll_Payment_Srvc.docx,
e3a20cab-f578-57db-8099-216bc32fe72c,Invoicing & Receiving Assistant,3,1,Library Acquisitions and Serials,False,cupe,False,0,0,False,aligned,0,near_duplicate|role_equivalent,0.9847,,20171127_00000836_Library_Assistant.docx,
e56902e5-fceb-547b-8731-210e5624ff45,"Executive Secretary to the Vice-President, Academic",3,2,"Office of the Vice-President, Academic",False,,False,0,0,False,aligned,0,near_duplicate,0.9581,,20190320_00102373_Executive_Secretary.docx,
e64df813-771d-51fd-a2c0-619857641546,Untitled Position,3,1,Teaching and Learning,False,cupe,False,,,False,aligned,0,exact|role_equivalent,1.0000,,20111025_00097762_Program_Assistant.doc,
e677492b-9269-5bad-b654-86f5cd25c750,Communications Associate,3,1,SFU Morris J. Wosk Centre for Dialogue,False,apsa,False,0,1,False,aligned,0,near_duplicate|role_equivalent,0.8447,,20181122_00124761_Communications_Associate.docx,
e70d4101-6826-5014-9af8-d8cbd8c9d841,"Analyst, Research Computing Systems",3,1,,False,apsa,False,,,False,aligned,0,exact|role_equivalent,1.0000,,20230614_00134409_JDFN_APSA_20230614.docx,
e7ac7c9c-9c06-501c-8056-d15b0bdb5276,Policy Analyst,3,1,"Faculty of Applied Sciences, Office of the Dean",False,apsa,False,,,False,aligned,0,near_duplicate|role_equivalent,1.0000,,20180731_00124161_Policy_Analyst.docx,
e81455d4-4738-5879-aeed-964f897eacbe,Communications and Marketing Manager,3,1,"Office of the Vice-President, Research",False,apsa,False,0,3,False,aligned,0,exact|near_duplicate|role_equivalent,1.0000,,20190917_00119079_Communications_Marketing_Manager.docx,
e9657a51-a1a7-5842-a251-5720efde1abc,"Manager, Real Estate Services",3,1,Facilities Services,False,,False,0,3,False,aligned,0,near_duplicate,0.9091,,20120514_00111327_Mgr_Real_Estate_Srvcs.docx,
e9d8d0c1-2335-50a3-a0ef-0ddd653b981b,Untitled Position,3,1,Ceremonies and Events,False,cupe,False,,,False,aligned,0,exact|role_equivalent,1.0000,,20080715_00001096_Clerk_Typist.doc,
e9f44b1a-3235-540f-af44-b3da65f19a42,Business Systems Analyst,3,1,Beedie School of Business,False,,False,,,False,aligned,0,near_duplicate,0.9898,,20170315_00107003_Business_Systems_Analyst.docx,
ea72b5ef-cf23-5afb-84bc-838651965651,Library Assistant for Theses,3,1,Research Commons,False,cupe,False,0,0,False,aligned,0,near_duplicate|role_equivalent,0.9322,,20140113_00076024_Library_Assistant.docx,
eb522dfa-b6a0-5910-8fa6-212437919bb8,"Case Manager, Student Conduct",3,1,AVPSI Student Conduct Office,False,apsa,False,0,3,False,aligned,0,near_duplicate|role_equivalent,0.9940,,"20190304_00114597_Case_Manager,_Student_Conduct_Officer.docx",
ec563eef-a963-50d8-bd8f-b0abbd5d25de,Administrative Coordinator,3,1,,False,apsa,False,,,False,aligned,0,near_duplicate|role_equivalent,0.9672,,20230125_00133966_APSA_JDFN_20230127.docx,
ecbc1a36-e7c3-59eb-883c-9d1c3e5090ff,"Coordinator, Administrative",3,1,School of Engineering Science,False,apsa,False,,,False,aligned,0,near_duplicate|role_equivalent,1.0000,,20181003_00124409_Coordinator_Administrative.docx,
ed09bd54-1855-5063-8823-2172a9a3235d,Secretary,3,1,Lifelong Learning,False,cupe,False,,,False,aligned,0,near_duplicate|role_equivalent,0.8843,,20220823_00097848_JDFN_CUPE_20220727.docx,
eddecb3d-9b90-5a68-a925-9c2de828746a,Program Manager,3,2,,False,apsa,False,0,3,False,aligned,0,near_duplicate|role_equivalent,0.8751,,20220301_00131822_JDFN_APSA_20211126.docx,
edf18c57-d05b-5bf3-8314-39114358a27a,Lead System Administrator,3,1,High Performance Computing,False,apsa,False,0,2,False,aligned,0,near_duplicate|role_equivalent,0.9962,,20201028_00113262_JDFN_APSA_20190823.docx,
f0dd8a5d-ffb6-597a-91c5-98b08a855b16,Undergraduate Advisor,3,1,Faculty of Education,False,,False,,,False,aligned,0,exact,1.0000,,"20120823_112092,_Aug._22,_2012.docx",
f1f617b7-ccd2-5936-a53d-fc20ee5cfe92,"Manager, Finance",3,1,Ancillary Services,False,,False,0,3,False,aligned,0,near_duplicate,0.8664,,20131118_00107064_Manager_Finance.docx,
f1fbd928-b830-5148-bb31-c54681dccb67,"Manager, Admissions and Enrollment",3,1,Beedie School of Business,False,apsa,False,0,3,False,aligned,0,near_duplicate|role_equivalent,1.0000,,20180919_00124576_Manager_Admission_Enrollment.docx,
f2da71e3-b65f-5cbc-99c4-793d35d12297,"Manager, Alumni Relations",3,2,,False,apsa,False,0,3,False,aligned,0,role_equivalent,0.9425,,20220706_00132894_APSA_JDFN_20220428.docx,
f32bb4f0-aff8-5fa1-9c5e-d9360775e0b4,"Associate Director, Finance and Administration",3,1,Athletics and Recreation Administration,False,apsa,False,0,3,False,aligned,0,near_duplicate|role_equivalent,1.0000,,20171127_00111328_Assoc_Dir_Finance_Admin.docx,
f4885161-ce90-504c-a51d-f18198defad4,"Director, Marketing & Brand Management",3,1,Communications & Marketing,False,apsa,False,0,4,False,aligned,0,near_duplicate|role_equivalent,1.0000,,20190127_00127048_Director_Marketing_Brand_Mgmt.docx,
f6443cf0-31ef-5973-b830-0384b267863c,Computer Systems Administrator,3,1,School of Computing Science,False,,False,,,False,aligned,0,near_duplicate,0.9734,,20170711_00121891_Computer_Systems_Administrator.docx,
f65a5458-0c3b-5b93-ada5-9f436c86ca5f,"International Student Advisor, Programs and Settlement",3,1,International Services for Students,False,,False,,,False,aligned,0,exact|near_duplicate,0.9699,,20180513_00123636_ISA_Prgrms_Sttlmnt.docx,
f68ab50b-bc74-54b5-8c2f-e1425a19a75a,"Coordinator, Crime Prevention and Personal Safety",3,1,Campus Public Safety,False,apsa,False,,,False,aligned,0,exact|near_duplicate|role_equivalent,0.9700,,20180315_00123400_Coord_Crime_Prevention_Personal_Safety.docx,
f70f4676-3654-54fc-8689-a9de4f81ebff,"Associate Director, Programs, Jack Austin Centre",3,2,Beedie School of Business,False,apsa,False,0,3,False,aligned,0,near_duplicate|role_equivalent,0.9787,,20171107_00122677_Associate_Director.docx,
f8213d39-ba09-5d5a-ba44-9b56a3a4c132,Director Advancement,3,1,,False,cupe,False,0,4,False,aligned,0,exact|role_equivalent,0.9935,,20070620_00030373Clerk_Typist.doc,
f9bb7c7b-cd09-5e6b-8158-02ada2398828,"Specialist, Wellness & Recovery",3,2,,False,apex,False,,,False,aligned,0,exact|role_equivalent,0.9956,,20210511_00111025_JDFN_APEX_20210506.docx,
fa516135-fc24-5c79-a5e7-cdcb5459eaf3,Co-op Education Coordinator (Faculty of Health Sciences),3,2,Work Integrated Learning,False,,False,,,False,aligned,0,near_duplicate,0.9045,,20150415_00111024_Coop_Educ_Coord.docx,
fc763ab3-03af-5a05-b560-b285cd415043,"Manager, Residence Life",3,1,,False,apsa,False,0,3,False,aligned,0,exact|near_duplicate|role_equivalent,1.0000,,20230814_00097096_JDFN_APSA_20230814.docx,
fd02766b-e43f-53f1-b385-272c8c47c502,Intercultural Student Development Educator,3,1,International Services for Students,False,apsa,False,,,False,aligned,0,exact|near_duplicate|role_equivalent,1.0000,,20190423_00116313_Intercultural_Stdt_Dvlpt_Educator.docx,
fd570c30-f133-58d6-a914-96f900125f1f,Strategic Planning Analyst,3,1,Beedie School of Business,False,apsa,False,,,False,aligned,0,near_duplicate|role_equivalent,1.0000,,20181128_00124787_Strategic_Planning_Analyst.docx,
fe9b8464-cc49-58f0-9d7f-2f25d49dac39,"Manager, Educational Media",3,1,Teaching and Learning Centre,False,,False,0,3,False,aligned,0,near_duplicate,0.8928,,20120508_00111695_Manager_Educational_Media.docx,
0190d70b-8174-581b-afb5-04a5fd8e7894,"Executive Director, Graduate Programs",2,1,Segal Graduate School of Business,False,apsa,False,0,4,True,aligned,0,near_duplicate|role_equivalent,0.9700,,20180105_00030625_Exec_Dir_Graduate_Programs.docx,
0af186b5-95d3-5ec0-b83f-4173a152e44b,"Executive Director, Office of the President",2,1,President’s Office,False,excluded,False,0,4,True,aligned,0,near_duplicate,0.9471,,20160614_00001686_Executive_Director.docx,
0b25bc54-c6ff-5e3f-a43f-805651005f18,HUMAN RESOURCES SIMON FRASER UNIVERSITY,2,1,,False,,False,,,True,aligned,0,near_duplicate|role_equivalent,0.9792,,20160429_00110772_ITP_I.docx,
0be0c291-9b62-5ad5-b545-95f1863b4b0e,HUMAN RESOURCES,2,1,,False,,False,,,True,aligned,0,near_duplicate,0.9500,,20101009_00064290_Mgr_Bookstore.doc,
11ded474-c8a0-5407-a39d-fb6aef663bc8,HUMAN RESOURCES,2,1,,False,,False,,,True,aligned,0,near_duplicate,0.9631,,20100208_00030412_Mgr_Library_Systems.doc,
14ad9b2b-b8bb-560f-8f56-2321f1424bd9,"Executive Director, Student Affairs",2,1,AVPSI Administration,False,apex,False,0,4,True,aligned,0,near_duplicate|role_equivalent,1.0000,,20181026_00099560_Exec_Dir_Student_Affairs.docx,
20189149-4beb-5d7b-b7f2-b57800dfbbad,HUMAN RESOURCES,2,1,,False,,False,,,True,aligned,0,near_duplicate,0.9890,,20110512_00031160_Dir_Ceremonies.docx,
236cfe3e-8e6f-5b8c-acc9-4efd524e7ab7,"Executive Director, Advancement School of Medicine",2,2,,False,apex,False,0,4,True,aligned,0,role_equivalent,0.9923,,20230412_00134200_JDFN_APEX_20230412.docx,
23a58c9c-46f5-5ed8-8c7f-a9c202fbdeee,HUMAN RESOURCES,2,1,,False,apsa,False,,,True,aligned,0,exact,1.0000,,20040624_00031160Dir.ceremonies_events.doc,
23f7b615-0ec3-5d07-836a-d51fe22bb034,HUMAN RESOURCES,2,2,"School of Interactive Arts & Technology, SFU",False,,False,,,True,aligned,0,near_duplicate,0.9046,,20061214_00099454_Administative_Coordinator.docx,
25caaf91-77bb-581e-b394-30a96776a96e,"Executive Director, SFU VentureLabs®",2,1,Office of Vice-President Research and International (VPRI),False,apex,False,0,4,True,aligned,0,near_duplicate|role_equivalent,1.0000,,20190826_00118656_Exec_Dir_SFU_VentureLabs.docx,
27de4cc5-3604-5eb5-b77d-f6cdb6a15769,HUMAN RESOURCES SIMON FRASER UNIVERSITY,2,1,"Windows Applications, Applications Services Position Reports To (Title): Information Technology Professional IV",False,apsa,False,,,True,aligned,0,near_duplicate|role_equivalent,0.9788,,20150603_00117360_ITP_I.docx,
28d41e6e-603a-5fef-b651-1289038ae04e,SIMON FRASER UNIVERSITY HUMAN RESOURCES,2,1,,False,,False,,,True,aligned,0,near_duplicate,1.0000,,20040201_00001450Development_manager.doc,
29d18253-68ff-5c5c-a0dd-abc999c44669,HUMAN RESOURCES,2,1,,False,,False,,,True,aligned,0,near_duplicate,0.9052,,20110928_00030262_Assc_Dir_Fin_Aid_Awrds.doc,
2ac4d8ea-9e00-58f2-b57b-9d4ac90562c3,Human Resources Professional I,2,2,Human Resources,False,,False,0,0,True,aligned,0,near_duplicate,0.9739,,20010918_00076028Empl_relatns_benfts_asst.doc,
342fcf24-f300-547e-b154-5e102c30216a,HUMAN RESOURCES SIMON FRASER UNIVERSITY,2,1,,False,,False,,,True,aligned,0,near_duplicate|role_equivalent,0.9833,,20150427_00117021_ITP_II.docx,
3437a053-ca68-53a9-a327-c890385d5188,HUMAN RESOURCES,2,2,Faculty of Applied Sciences (FAS),False,,False,,,True,aligned,0,near_duplicate,0.9874,,20140401_00114577_Communications_Coordinator.doc,
388293de-cb45-5526-94bc-d16e18a78c44,HUMAN RESOURCES SIMON FRASER UNIVERSITY,2,1,,False,apsa,False,,,True,aligned,0,near_duplicate|role_equivalent,0.9813,,20160415_00076035_ITP_III.docx,
3a8e1fc8-c899-5da7-8297-4b9be5ba4e09,Security Systems Coordinator,2,2,Campus Security,False,,False,,,True,aligned,0,near_duplicate,0.8729,,20061020_00001628_Security_Sys_Coord_Campus_Security.doc,
3c3474ba-a544-5423-ba4a-14665415f175,Human Resources,2,1,,False,,False,,,True,aligned,0,exact,1.0000,,20131209_00102478_Research_Grants_Facilitator.doc,
3cf28398-b5bf-5637-8af2-94da2cd3e3d5,HUMAN RESOURCES,2,1,,False,,False,,,True,aligned,0,near_duplicate,0.9370,,20070911_00000994_Mgr__Intnl__Recruit__Part__Stnt_Enrol_Serv.doc,
3d89b04b-949f-5a40-a919-f0828d9bfb4f,"Associate Registrar, Recruitment and Admissions",2,1,"Student Enrollment, Student Services",False,apsa,False,0,1,True,aligned,0,near_duplicate|role_equivalent,1.0000,,20180511_00123295_Assc_Rgstr_Rcrtmnt_Admssns.docx,
43fadb00-e5c6-590c-b179-6feb5cd2268e,HUMAN RESOURCES,2,1,,False,,False,,,True,aligned,0,near_duplicate,0.9502,,20070705_00101236_Assoc_Regstr_Stud_Enroll_Serv.doc,
443f07df-4a94-5f1f-9474-eb1f32729832,HUMAN RESOURCES,2,1,,False,,False,,,True,aligned,0,near_duplicate,0.9436,,20070510_00030783_Manager_Academic___Administrative_Services.doc,
4c5e195f-ad86-563c-946a-67a855d74a9d,HUMAN RESOURCES,2,1,,False,,False,,,True,aligned,0,exact,1.0000,,"20070118__31594_Director,_Acad_Adv___Stdnt_Succ.doc",
4d7e661f-683e-56c4-b043-e0b18d5e2fd6,HUMAN RESOURCES,2,1,,False,,False,,,True,aligned,0,exact,1.0000,,"20070703__00000994_Manager,_Intl_Recr._Student_Services.doc",
4e432d68-84cd-5137-a4fb-7cc4173fbd7a,Human Resources Professional II,2,2,Human Resources,False,apsa,False,,,True,aligned,0,near_duplicate,0.8911,,20120111_00111025_Coord_RTWDM.docx,
530eafbe-b754-5436-83e8-95f2ae14b9fc,"Executive Director, VPRI Office",2,2,,False,apex,False,0,4,True,aligned,0,role_equivalent,0.8601,,20211012_00131332_JDFN_APEX_20211008.docx,
57bceb6d-3e52-5889-8f66-8dfe1cc73a8d,HUMAN RESOURCES,2,1,,False,,False,,,True,aligned,0,near_duplicate,1.0000,,"20071205_103207,_Int_Analyst,gr10,_IRP.doc",
5813511e-2832-5b78-a107-35b77e1da617,HUMAN RESOURCES,2,2,Continuing Studies,False,,False,0,4,True,aligned,0,near_duplicate,0.9436,,"20100818_00064703_Program_Dir,_Comm_Ed,_CS_18Aug2010.docx",
5a55106d-dbd0-5c72-909a-a44362cb53da,HUMAN RESOURCES,2,1,,False,,False,,,True,aligned,0,near_duplicate,0.9758,,20050818_00098694Mgr_reimbursements_disbursem.doc,
60bbcdf5-f88f-5509-846c-3eb67bb499ed,"Executive Director, Marketing",2,2,,False,apex,False,0,4,True,aligned,0,role_equivalent,0.8748,,20240401_00116785_JDFN_APEX_20240516.docx,
61c7229e-21cf-5a10-9f28-43d19a05a1cc,HUMAN RESOURCES,2,2,Residence & Housing,False,,False,,,True,aligned,0,near_duplicate,0.9362,,20140328_00115104_Coord_Group_Sales.docx,
629b412e-9a60-56dc-b752-625c52834fcb,Human Resources Professional I,2,1,Human Resources,False,,False,,,True,aligned,0,near_duplicate,0.8714,,"20100825_00076028_Human_Resources_Professional_I,grade_4.docx",
667e960a-703a-53ed-a340-21425935b709,HUMAN RESOURCES,2,1,,False,,False,,,True,aligned,0,near_duplicate,1.0000,,20111130_00001092_Director_Fin_Aid_Awards.doc,
67d5c96d-74f0-51a0-a434-bad99aa12cc7,HUMAN RESOURCES,2,1,,False,,False,,,True,aligned,0,near_duplicate,0.9372,,"20060913_Systems_Consultant_I,_01396,_LIDC.doc",
69796666-8d11-5720-904b-2603b6211899,"Assistant Registrar, Registrar & Information",2,1,Registrar & Information Services,False,,False,0,0,True,aligned,0,near_duplicate,0.9624,,20120301_00000857_Assistant_Registrar.doc,
6a41031b-bd6e-5b4a-a5c1-2e55b83d2cee,HUMAN RESOURCES SIMON FRASER UNIVERSITY,2,1,,False,,False,,,True,aligned,0,near_duplicate|role_equivalent,0.9791,,20121006_00112471_ITP_I.docx,
6e03a89c-6f5f-5229-870a-2b17e4cc0476,HUMAN RESOURCES SIMON FRASER UNIVERSITY ADMINISTRATIVE & PROFESSIONAL STAFF,2,1,,False,,False,,,True,aligned,0,near_duplicate,0.9701,,20130307_00103807_Systems_Consultant_I.docx,
75f474f0-c8e8-5fcf-9443-c87f286611ed,Human Resources Strategic Business Partner,2,1,Human Resources,False,excluded,False,,,True,aligned,0,exact|role_equivalent,0.9700,,20190113_00125507_HR_Strategic_Business_Partner.docx,
77c7f297-dc81-5219-9700-130edc277b26,HUMAN RESOURCES,2,1,,False,,False,,,True,aligned,0,near_duplicate,1.0000,,20130117_00108447_Director_Admin.docx,
79150fdd-ebf1-5345-852b-31382754b5ea,HUMAN RESOURCES,2,2,Radiation Safety,False,,False,,,True,aligned,0,near_duplicate,0.9237,,20090713_00031500_Rad_Safety_Advisor.doc,
7c250fa5-5817-5190-8574-4771268efc1e,"Executive Director, Advancement",2,1,University Advancement,False,,False,0,4,True,aligned,0,near_duplicate,0.9893,,20131206_00097790_Exec_Dir_Advancement.docx,
7c847766-99a1-5cf6-990b-beb498cf65cc,HUMAN RESOURCES SIMON FRASER UNIVERSITY,2,1,"Learning & Community Platforms, IT Services Position Reports To (Title): Associate Director",False,apsa,False,,,True,aligned,0,near_duplicate|role_equivalent,0.9793,,20160713_00101518_ITP_II.docx,
7d0c333d-7413-54d2-92d3-dca2d8abf102,HUMAN RESOURCES SIMON FRASER UNIVERSITY,2,1,,False,apsa,False,,,True,aligned,0,near_duplicate|role_equivalent,0.9755,,20140910_00115867_IT_Practitioner.docx,
7e37a02e-3841-55a6-8268-725e23b48df4,HUMAN RESOURCES,2,1,,False,,False,,,True,aligned,0,near_duplicate,0.9787,,20111128_00110716_Dir_Admin.docx,
80a9eed8-1918-5622-9578-66a02baa973f,"Director, Human Resources and Curriculum, FASS",2,1,Dean of Arts and Social Sciences,False,apsa,False,0,4,True,aligned,0,near_duplicate,0.8828,,20070326_00000528.doc,
821f1658-35ab-5f77-9297-125632f0b862,HUMAN RESOURCES,2,1,,False,,False,,,True,aligned,0,near_duplicate,1.0000,,"20070703_Coordinator,_Community_Ed_Prgrm,_102251,_Cont_Studies.doc",
8239e786-241b-5bbd-ab54-aa8d382035d9,HUMAN RESOURCES,2,2,,False,,False,,,True,aligned,0,near_duplicate,0.9102,,20130624_00105994_Assistant_to_Assoc_Dean.docx,
8912dd5c-6b31-558d-b96d-3bd0eb683aba,HUMAN RESOURCES SIMON FRASER UNIVERSITY,2,1,,False,apsa,False,,,True,aligned,0,near_duplicate,0.9884,,20171004_00120291_Exec_Dir_Exec_Educ_Prgms.docx,
8bfb2233-d3a0-5e26-9116-9977257c288b,Human Resources,2,1,,False,,False,,,True,aligned,0,near_duplicate,1.0000,,20100707_00000772_Business_Analyst.docx,
8c29cf01-1882-54fb-a0a6-da464860acba,"Associate Registrar, Information, Records & Registration Services",2,1,Student Enrollment,False,,False,0,1,True,aligned,0,near_duplicate,0.9915,,20160411_00101236_Associate_Registrar.docx,
919e99a1-44de-5bc2-9e2f-b3fecef74534,Human Resources Professional II,2,1,Human Resources,False,apex,False,,,True,aligned,0,near_duplicate,0.9162,,20101018_00105757_HR_Professional_II.docx,
92939637-2bf8-5edb-bf09-4ca26d2f2262,"Assistant Registrar, Registrar & Information Services",2,1,Registrar & Information Services (Burnaby),False,,False,0,0,True,aligned,0,near_duplicate,0.9878,,20170112_00000857_Assistant_Registrar.docx,
92b90353-d610-5e21-b1e4-2fe5d889f7ff,HUMAN RESOURCES,2,1,,False,,False,,,True,aligned,0,near_duplicate,1.0000,,20110204_00000126_Assoc_Dir.doc,
955308e5-6968-5d7c-9ca5-f703089b3604,HUMAN RESOURCES,2,1,,False,,False,,,True,aligned,0,near_duplicate,0.9837,,20001109_00030355Manager_occup_hlth_sfty.doc,
959354c2-5bd6-5401-9712-46826c09a2e4,HUMAN RESOURCES SIMON FRASER UNIVERSITY,2,1,,False,apsa,False,,,True,aligned,0,near_duplicate,0.9882,,20010101_00031773Coop_educ_coordinator.doc,
9b133aff-4862-5986-9bfe-ab41ec668f9b,Human Resources Professional II,2,1,Human Resources,False,,False,,,True,aligned,0,near_duplicate,1.0000,,20100609_final_1132_word.doc,
a0b05a88-92bc-58f5-a0d7-d410ec4ae9cc,Human Resources Coordinator,2,1,Human Resources,False,apex,False,,,True,aligned,0,near_duplicate,0.8688,,20151102_00116395_HR_Coordinator.docx,
a0bc7cb9-1be0-5af9-a879-0b243e05b263,HUMAN RESOURCES,2,1,,False,,False,,,True,aligned,0,exact,1.0000,,20111213_00031286_Coord_Mgmnt___Professional_Programs.doc,
a380f18a-5066-5fea-b31e-af88efbee70b,"Assistant Registrar, Registrar & Information Services",2,1,Registrar & Information Services (Surrey),False,,False,0,0,True,aligned,0,near_duplicate,0.9938,,20170112_00001425_Assistant_Registrar.docx,
abf3bea9-4a36-599a-a434-f9ec233d3a32,HUMAN RESOURCES,2,1,,False,apsa,False,,,True,aligned,0,near_duplicate,0.9904,,"20070606_Web_Administrator,_102246,_SFU_Doc_Sol.doc",
ac04e18b-b05a-507a-ab5a-113267b40b2b,Administrative Assistant (Human Resources Liaison),2,1,"Library Management Division, Library",False,,False,0,0,True,aligned,0,near_duplicate,1.0000,,20140618_00112837_Admin_Assistant.docx,
b333d727-2981-5b61-9f13-e8e960c8716f,HUMAN RESOURCES,2,2,,False,,False,,,True,aligned,0,near_duplicate,0.9453,,"20060524_00100309_Info_Tech_Profess,_GR_10.doc",
bb71ce7d-1e73-5807-bf98-a2441fc0cc0e,HUMAN RESOURCES,2,1,,False,apsa,False,,,True,aligned,0,near_duplicate,0.9652,,20190616_00126499_Coord_Registrar_Info_Services.docx,
bc0d368b-fabd-5cda-a345-7efae7e98c46,HUMAN RESOURCES,2,1,,False,,False,,,True,aligned,0,near_duplicate,0.9919,,20120516_00107004_Mgr_Ugrad_Alumni_Engagement.docx,
bd1cf594-4d09-5610-9c36-ce9dad5cbaaa,HUMAN RESOURCES,2,1,School of Public Policy at Harbour Centre,False,,False,,,True,aligned,0,near_duplicate,1.0000,,20160125_00001580_Manager.docx,
bea2e495-855f-5702-9ac5-eced7a029613,"Executive Director, SFU Childcare Society",2,1,SFU Childcare Society,False,,False,0,4,True,aligned,0,near_duplicate,0.8652,,20151015_00006240_Exec_Dir_SFU_Childcare_Sc.docx,
c5dc8b87-04a1-5ae2-90ea-ecf5cd4ed8ac,"Secretary to the Executive Director, Student Affairs and Senior Director, Student Success & Strategic Support",2,1,Student Affairs Administration,False,cupe,False,,,True,aligned,0,near_duplicate|role_equivalent,0.8777,,20180115_00000625_Secretary.docx,
c61d06fd-269d-516b-9441-bfed15cd569d,HUMAN RESOURCES SIMON FRASER  UNIVERSITY  TEMPORARY,2,1,,False,,False,,,True,aligned,0,near_duplicate|role_equivalent,0.9918,,20150807_00117640_ITP.docx,
cd31ed21-4786-54f2-9e40-1e9fe0c51e34,"Associate Registrar, Senate &",2,2,Senate & Academic Services,False,,False,1,0|1,True,aligned,0,near_duplicate,0.9465,,20090916_00000766_Asst_Registrar.doc,
d735cc4c-8f56-53e6-aa40-76daaa7e63e2,HUMAN RESOURCES,2,1,,False,,False,,,True,aligned,0,near_duplicate,0.8550,,20111006_00110389_Web_Data_Serv_Devlpr.doc,
dd32e6a3-6daf-506a-8e66-44128d092cb2,"Executive Director, Academic Planning & Strategic Projects",2,1,Lifelong Learning,False,apex,False,0,4,True,aligned,0,role_equivalent,0.9824,,20190707_00125847_Exec_Dir_Acdmc_Plnng_Stgc_Prjcts.docx,
dd9c3357-7799-50df-8f7a-4da1ff366b75,HUMAN RESOURCES,2,1,,False,apsa,False,,,True,aligned,0,near_duplicate,0.9901,,20070622_00102248_Financial_Coordinator.doc,
e4af43e2-6bbc-5745-bc08-f3ede9bb30ca,HUMAN RESOURCES,2,1,,False,,False,,,True,aligned,0,near_duplicate,1.0000,,20070823_00030713_Manager__Patrol_Operations__Campus_Security.doc,
e747d1c0-9040-52e9-bf0c-28d099191faa,HUMAN RESOURCES,2,1,,False,,False,,,True,aligned,0,near_duplicate,1.0000,,20160218_00098694_Assistant_Mgr_Payment_Srvs.docx,
e934073f-bf3d-5319-be6a-9cbfd78b5697,HUMAN RESOURCES,2,1,,False,,False,,,True,aligned,0,near_duplicate,0.9593,,20120801_00106088_Treasury_Analyst.doc,
f0f962bd-b70f-5378-a0b0-b26364875657,HUMAN RESOURCES,2,1,,False,excluded,False,,,True,aligned,0,near_duplicate,0.9931,,20110624_00001127_Director_Pensions_Benefits.doc,
f5c418ed-b199-5dc1-99d8-aea1957d2a00,HUMAN RESOURCES,2,1,,False,,False,,,True,aligned,0,exact,1.0000,,"20061212_00031110,Manager,_Bus_Admin,_Co-op_Educ.doc",
fae5b70d-38c1-5dd5-b098-3f34801a15c9,HUMAN RESOURCES,2,1,,False,,False,,,True,aligned,0,near_duplicate,0.9927,,20160624_00001141_Conf_Admin_Prof_III.docx,
fd0b10c5-1134-5601-ab19-ba2bf2c8c73d,HUMAN RESOURCES SIMON FRASER UNIVERSITY,2,1,,False,,False,,,True,aligned,0,near_duplicate|role_equivalent,0.9755,,20151202_00111940_ITP_II.docx,
fdb24cd6-12c6-5e31-91a4-f73966b0072c,"Executive Director, Sustainability",2,1,,False,apex,False,0,4,True,aligned,0,near_duplicate|role_equivalent,0.9298,,20200903_00114915_APEX_JDFN_20200930_(1).docx,
0058a3e0-e0d3-535e-9d58-79cb1db8ff60,"Coordinator, Student Recruitment & Advising",2,1,"Faculty of Arts and Social Sciences, SFU Surrey",False,,False,,,False,aligned,0,near_duplicate,0.9403,,20130808_00103128_Coordinator_Student_Recruitment___Advising.doc,
00b6c63e-9a7c-5b91-b4c5-3b1bdded3a8d,"Manager, Laboratory Operations",2,1,Chemistry,False,,False,0,3,False,aligned,0,near_duplicate,0.9719,,20120713_00000137_Mgr_Laboratory_Operations.doc,
01182e7e-3cd3-5116-9755-ac02b18e4e86,"Associate Director, Budget and Operations",2,1,"Vice-President, Academic Office",False,apsa,False,0,3,False,aligned,0,near_duplicate|role_equivalent,0.9700,,20180527_00123857_Assc_Dir_Budget_and_Operations.docx,
01675ddc-4564-543b-8f82-f640a3042365,"Manager, Academic & Administrative Services",2,1,Political Science,False,apsa,False,0,3,False,aligned,0,near_duplicate,1.0000,,20160126_00000474_Manager.docx,
01801f08-c35c-5cf8-a8f9-1da8d91c2bf3,Untitled Position,2,1,,False,cupe,False,,,False,aligned,0,near_duplicate,0.9502,,20000505_00000455Program_assistant.doc,
01d23caf-8c4d-5851-9b80-adde5f11d3ca,Information Technology Practitioner,2,1,"Client Services, IT Desktop Support Position Reports To (Title): Information Technology Professional III",False,apsa,False,,,False,aligned,0,near_duplicate|role_equivalent,0.9639,,20160613_00119405_IT_Practitioner.docx,
01f55293-70b3-525a-9152-7fbad2978658,Untitled Position,2,1,,False,cupe,False,,,False,aligned,0,near_duplicate,1.0000,,20140212_00114898_Human_Resources_Assistant.docx,
02182bbf-c7b0-54b1-b7a2-3e791bc4e498,"Manager, Industrial Internship Program",2,1,School of Engineering Science,False,,False,0,3,False,aligned,0,near_duplicate,0.9820,,20050518_00098192Manager_indust_intern_program.doc,
022636e7-d515-59a6-9565-3e214a4750d5,"Manager, Communications and Strategy",2,1,"Dean’s Office, Faculty of Communication, Art and Technology",False,apsa,False,0,3,False,aligned,0,near_duplicate|role_equivalent,1.0000,,20190917_00126717_Manager_Communications_Strategy.docx,
025d6b97-4a9c-5bca-8500-a59d73a2ff20,"Manager, Marketing",2,1,"KEY, SFU’s Big Data Initiative",False,apsa,False,0,3,False,aligned,0,near_duplicate|role_equivalent,1.0000,,20190303_00125526_Manager_Marketing.docx,
02ffaab3-a45e-56c8-9d9e-9161c7f68e32,Outreach and Community Engagement Officer,2,1,Faculty of Applied Science Dean’s Office,False,,False,,,False,aligned,0,near_duplicate,0.9465,,20160623_00118209_Outreach_and_Cmnty_Eng_Offcr.docx,
03572d6f-626c-5d3d-b1de-6942838a45b5,"Operations Manager, IT Infrastructure",2,1,Beedie School of Business,False,apsa,False,0,3,False,aligned,0,near_duplicate|role_equivalent,1.0000,,20190317_00125762_Ops_Mgr_IT_Infrastructure.docx,
0360a265-4122-53b2-a574-a41dff0cd651,"Coordinator, Marketing",2,2,,False,apsa,False,,,False,aligned,0,role_equivalent,0.9987,,20230126_00129006_JDFN_APSA_20230213.docx,
03b65553-bb07-5167-bd55-ea5e41be3e51,"Director, Innovation Office",2,1,SFU Innovation Office,False,,False,0,4,False,aligned,0,near_duplicate,0.9650,,20150105_00063243_Director_Innovation_Office.docx,
03eea1e0-405b-5364-8e44-cf00bed2cf85,Untitled Position,2,1,,False,cupe,False,,,False,aligned,0,near_duplicate,0.8556,,19920507_00007137Technician.doc,
043bafc2-e97e-5f87-b772-857691de82b3,"Manager, Recruitment & Community Liaison",2,1,Faculty of the Environment,False,,False,0,3,False,aligned,0,near_duplicate,0.9137,,"20090313_00105520_Manager,_Recruit___CommLiaison.doc",
043f4981-09ae-5735-9a56-86bbe556a23a,"Manager, Academic & Administrative Services",2,1,First Nations Studies,False,apsa,False,0,3,False,aligned,0,near_duplicate|role_equivalent,1.0000,,20190303_00000704_Mgr_Academic_Admin_Services.docx,
04e3e6f9-f8f3-58fc-b652-1760f197a621,"Director, Finance",2,2,Faculty of Science,False,,False,1,3|4,False,aligned,0,near_duplicate,0.9063,,20051025_00099042Professional_occupations.doc,
04e3f489-32e1-581a-a0bc-8e64e5f0cc5e,"Assistant Director, Community Relations",2,1,"External Relations, Communications & Marketing",False,,False,0,4,False,aligned,0,near_duplicate,0.9736,,20170323_00102986_Asst_Director_Comm_Rltns.docx,
05b5ad60-05aa-5be3-be71-8405a3af069e,Research Ethics Officer,2,1,,False,apsa,False,,,False,aligned,0,exact|role_equivalent,1.0000,,20230317_00123759_00126815_00127032_00127894_JDFN_APSA_20230317.docx,
05d3b1ce-d78b-5e13-9424-fd7c19c9500a,Secretary,2,1,Senate and Academic Services,False,cupe,False,,,False,aligned,0,near_duplicate|role_equivalent,0.9850,,20130405_00001571_Secretary.docx,
05f668da-d553-5609-b810-07ee7af0ae97,"Coordinator, Professional Development Programs and Student Experience",2,1,Graduate Studies and Postdoctoral Fellows,False,apsa,False,,,False,aligned,0,near_duplicate|role_equivalent,0.9700,,20170811_00112766_Coordinator.docx,
06009b16-c63f-51d5-818f-be617911e13d,Computer Systems Administrator,2,1,School of Communication,False,,False,,,False,aligned,0,near_duplicate,0.8881,,20150625_00117429_Computer_Systems_Admn.docx,
0640c551-1a70-50f0-9b59-5f467727f56b,"Coordinator, Leadership and Community Building Programs",2,1,,False,apsa,False,,,False,aligned,0,exact|role_equivalent,0.9700,,20210401_00102251_JDFN_APSA_20210721.docx,
06598669-130f-5e5c-b6f7-d03801bb6392,"Manager, Academic and Administrative Services",2,1,English,False,apsa,False,0,3,False,aligned,0,near_duplicate,0.8690,,20160127_00000328_Manager.docx,
06cb5f27-4ffa-52a3-8042-0797e97e7d4a,Undergraduate Advisor,2,1,Humanities,False,,False,,,False,aligned,0,near_duplicate,0.9738,,20170126_00117368_Undergraduate_Advisor.docx,
0731878f-0d9a-5dfb-8487-6a809137e6f8,"Coordinator, Campus Space",2,2,,False,apsa,False,,,False,aligned,0,role_equivalent,0.8860,,20210909_00099533_JDFN_APSA_20211012.docx,
07520dab-4309-513b-b80d-a181e76e2c7c,"Director, Research & Laboratory Safety",2,2,,False,apsa,False,0,4,False,aligned,0,role_equivalent,0.8349,,20230501_00099033_JDFN_APSA_20230501.docx,
07dad589-4c46-5b4a-81ed-bf0f433be6c6,Untitled Position,2,1,,False,cupe,False,,,False,aligned,0,near_duplicate,1.0000,,20010625_00000865Library_assistant.doc,
081c3c29-33d5-5bf2-8cbd-15b127426726,Learning Services Coordinator,2,1,"Library, Student Learning Commons",False,,False,,,False,aligned,0,exact,1.0000,,20150706_00105891_Learning_Services_Coord.docx,
085020cd-764b-5e30-a093-cb382d71af93,Student Services Clerk,2,1,"Centre for Online & Distance Education, (Lifelong Learning)",False,cupe,False,,,False,aligned,0,exact|role_equivalent,0.9850,,20140902_00007091_Clerk.docx,
08a77beb-4143-53a8-a46e-be90ee13e2eb,"Associate Director, Operations",2,2,,False,apsa,False,0,3,False,aligned,0,role_equivalent,0.8906,,20231012_00128823_JDFN_APSA_20231025.docx,
08bf6123-0253-52d3-b2df-38678b1f79d3,Senior Recruiter & Advisor,2,2,,False,apsa,False,,,False,aligned,0,role_equivalent,0.8608,,20211008_00131494_JDFN_APSA_20210927.docx,
08ffd62e-9b81-5538-afd1-9039b6b1c6cc,"Manager, Academic and Administrative Services",2,1,French,False,,False,0,3,False,aligned,0,exact,1.0000,,20061116_00031327_Manager_Acad_and_AdminiServFrench.doc,
0968633a-1b04-5c75-85b2-ca702a82fd32,"Program Director, Civic Engagement",2,1,SFU Centre for Dialogue,False,apsa,False,0,4,False,aligned,0,near_duplicate|role_equivalent,1.0000,,20190513_00119034_Program_Director_Centre_For_Dialogue.docx,
09896dc2-846d-5f4c-8d41-2801a8b135b2,External Liaison & Communications Officer,2,1,Faculty of Applied Sciences,False,apsa,False,,,False,aligned,0,near_duplicate,0.8787,,20121017_00108958_Extrnl_Liason_Cmns_Officer.doc,
098b9a95-7ea2-551b-820b-8c792117657f,Junior Analyst,2,1,Graduate Studies and Postdoctoral Fellows,False,,False,,,False,aligned,0,near_duplicate,0.8848,,20161209_00118229_Junior_Analyst.docx,
09c7ae67-b49d-5494-9876-e9de55577d58,Untitled Position,2,1,,False,cupe,False,,,False,aligned,0,near_duplicate,1.0000,,20170731_00096527_JDFN.doc,
09d79d9c-55de-5c66-9e1a-566855e296f4,"Associate Director, Student-Athlete Services",2,1,Athletics and Recreation Administration,False,apsa,False,0,3,False,aligned,0,near_duplicate|role_equivalent,1.0000,,20171011_00106164_Assoc_Dir_Student_Athlete_Services.docx,
0a10d76c-9fff-509d-af36-61afb76fce85,Untitled Position,2,1,Document Delivery,False,cupe,False,,,False,aligned,0,near_duplicate|role_equivalent,0.9892,,20070511_1667_Library_Assistant.doc,
0a120f31-13a5-5bad-aa2a-288dc4e96431,Untitled Position,2,1,,False,cupe,False,,,False,aligned,0,near_duplicate,0.9822,,20060310_00000275Secretary.doc,
0b0c295f-e3f0-5672-b66a-66c57f524dfd,Grant and Post-Award Administrator,2,1,Faculty of Health Sciences,False,apsa,False,,,False,aligned,0,near_duplicate|role_equivalent,1.0000,,20190602_00125899_Grants_Post_Award_Administrator.docx,
0b420d2a-6ab3-533d-9804-500f19bd3783,Psychologist,2,1,"Clinical Psychology Centre (CPC), Psychology",False,,False,,,False,aligned,0,near_duplicate,0.9519,,20141106_00116182_Psychologist.docx,
0b78544a-4108-51b7-92ff-b41758d1803e,"Coordinator, Graduate Programs",2,1,Beedie School of Business,False,,False,,,False,aligned,0,near_duplicate,0.9672,,20130506_00113441_Coordinator_Graduate_Programs.doc,
0bfd0dd5-d822-5cfc-a742-021534a3e9a9,Sexual Violence Counsellor,2,1,Sexual Violence Support & Prevention Office,False,,False,,,False,aligned,0,near_duplicate,0.9916,,20180614_00124031_Sexual_Violence_Counsellor.docx,
0c21b63e-b3ad-5393-bbc3-7e16de783f4c,"Coordinator, Undergraduate Curriculum",2,1,Senate and Academic Services,False,,False,,,False,aligned,0,near_duplicate,0.9564,,20180213_00122907_Coord_Undergraduate_Curriculum_20180213.docx,
0c3bc220-2205-51af-afdf-73deb7e5a7e6,"Manager, Production",2,2,,False,cupe,False,1,3|4,False,aligned,0,near_duplicate|role_equivalent,0.9742,,20070622_00102247Clerk.doc,
0c7fabaf-d07e-5025-8509-7405e9fc2397,"Administrator, Business Acceleration Programs",2,1,VPR Innovation Office,False,apsa,False,,,False,aligned,0,near_duplicate|role_equivalent,1.0000,,20180814_00124238_Administrator_Bus_Accl_Prgms.docx,
0cb32b78-d213-5882-8ab4-00c1e009a4d8,"Director, Student Recruitment and Transition",2,1,Student Services - Recruitment and Transition,False,,False,0,4,False,aligned,0,near_duplicate,0.9682,,20171010_00000126_Dir_Stdnt_Recruitmnt___Trnstn.docx,
0cd305a9-4680-5ffb-876d-2a6a4f2a13f6,"Coordinator, Communications & Sales",2,1,Residence & Housing,False,,False,,,False,aligned,0,near_duplicate,1.0000,,20160118_00118534_Coord_Cmns_Sales.docx,
0cd4a6a4-e552-5bb7-acff-00136d01ac6c,"Manager, Admissions",2,1,,False,apsa,False,0,3,False,aligned,0,role_equivalent,0.9978,,20250704_00137298_JDFN__APSA_20250623.docx,
0d4d7825-3df0-569e-9513-4793526f1742,Untitled Position,2,1,CODE,False,cupe,False,,,False,aligned,0,role_equivalent,0.8790,,20060502_CODE_Course_Material_85CC4.doc,
0d535e11-8e60-5dff-a1d4-bab64b5fef7d,Untitled Position,2,1,,False,cupe,False,,,False,aligned,0,near_duplicate,1.0000,,20000510_00000831Library_assistant.doc,
0d95d619-1c9a-57c6-9891-e9008781f41c,Untitled Position,2,2,Financial Services,False,cupe,False,,,False,aligned,0,role_equivalent,0.8625,,20181111_00001830_Clerk.docx,
0e646e21-6b37-540f-a8a7-8e09296998ce,"Manager, Science Technical Centre",2,1,,False,apsa,False,0,3,False,aligned,0,near_duplicate|role_equivalent,1.0000,,20251006_00000225_JDFN_APSA_2025122.docx,
0e89b58f-3d98-5e64-91e4-ef93f80eff59,Administrative Coordinator,2,2,,False,apsa,False,,,False,aligned,0,near_duplicate|role_equivalent,0.9930,,20191115_00127554_JDFN_APSA_20191203_(1).docx,
0ef07eb8-a67c-539c-baa5-fcbc779d5bc6,ADMINISTRATIVE & PROFESSIONAL JOB DESCRIPTION,2,1,,False,apsa,False,,,False,aligned,0,near_duplicate|role_equivalent,0.9730,,20170911_00031634_Assoc_Dir_Health_Srvc.docx,
0fbce0c6-e96f-5725-9965-440dbb2165d1,Learning Specialist,2,1,Centre for Students with Disabilities,False,,False,,,False,aligned,0,near_duplicate,0.9634,,20011018_00000604Learning_specialist.doc,
0ff17c64-31a3-5597-9d21-149fb9e579a6,"Coordinator, Institute for Diaspora Research and Engagement",2,1,SFU International,False,,False,,,False,aligned,0,exact,1.0000,,20130501_00113382_Coord_Institue_Diaspora_Research___Engmnt.docx,
0ff47f79-4e37-5008-a189-51ef3072f160,Agronomy Consultant,2,1,,False,apsa,False,,,False,aligned,0,near_duplicate|role_equivalent,1.0000,,20220929_00133228_JDFN_APSA_20220929.docx,
1070699c-aa56-5521-a6e6-8f1b0c19628b,"Director, Administration",2,1,Faculty of Education,False,,False,0,4,False,aligned,0,near_duplicate,0.9290,,20121016_00001862_Director_Administration.doc,
10caaa2d-a5f6-5d6a-abe9-af31ebd8a265,"Coordinator, Refugee and Newcomer Community Engagement",2,1,"SFU International – Vice-President, Research",False,apsa,False,,,False,aligned,0,near_duplicate|role_equivalent,1.0000,,20180717_00123645_Coord_Refugee_Newcomer.docx,
112bf772-543b-505f-ad0a-f4e921cb674b,"Director, Administration",2,1,SFU Vancouver Administration,False,apsa,False,0,4,False,aligned,0,near_duplicate,0.9724,,"20120816_00111987_Dir,_Admin,_gr_10.docx",
1143163a-c1ee-5f80-91a9-1bbff0e0125e,"Manager, Knowledge and Practice",2,1,Morris J. Wosk Centre for Dialogue,False,apsa,False,0,3,False,aligned,0,near_duplicate|role_equivalent,1.0000,,20180713_00123644_Manager_Knowledge_Practice.docx,
114ed563-371f-53da-b6e4-0c2ad0c2779f,Systems Consultant I,2,1,Library,False,apsa,False,,,False,aligned,0,near_duplicate|role_equivalent,1.0000,,20181125_00001090_Systems_Consultant_I.docx,
11a3e66c-0579-5906-b01e-1be21e64f054,"Coordinator, Recruitment, Outreach, and Community Engagement",2,1,"Faculty of Arts and Social Sciences, Dean’s Office",False,,False,,,False,aligned,0,near_duplicate,0.9920,,20181028_00124953_Coordinator_RO_CE.docx,
11b19322-3d38-5900-b8cd-35e470fb48a4,"Student Affairs Officer, Engagement",2,1,Faculty of Applied Sciences,False,apsa,False,,,False,aligned,0,near_duplicate|role_equivalent,1.0000,,20180726_00124160_Student_Affairs_Officer_Engagement.docx,
12851f4a-f2c7-5882-9aed-cea8951514e7,"Senior Director, Media Relations and Public Affairs",2,1,"Communications & Marketing, External Relations",False,apex,False,0,4,False,aligned,0,near_duplicate,0.9560,,20170911_00116785_Sr_Dir_Media_Relations_Public_Affairs.docx,
12ed53de-8915-51c4-933c-cd82490ad108,Laboratory Technician,2,1,,False,cupe,False,,,False,aligned,0,near_duplicate,0.9891,,19970401_00030170Technician.doc,
1301f4e7-7100-51eb-b173-ee32eb0b86f8,Real Estate Assistant,2,1,Facilities Services,False,cupe,False,0,0,False,aligned,0,near_duplicate|role_equivalent,0.9776,,20141218_00116322_Secretary.docx,
1328e663-afc7-5ffd-a740-e9adb46e598d,Technical Support Specialist,2,1,"Centre for Online and Distance Education, Lifelong Learning",False,cupe,False,,,False,aligned,0,near_duplicate|role_equivalent,0.9371,,20190322_00000459_JDFN_CUPE_20190218.docx,
134b24b4-b52a-5c1a-9b12-c8d7041725d6,"Educator, Sexual Violence Prevention",2,1,Student Services,False,apsa,False,,,False,aligned,0,near_duplicate|role_equivalent,1.0000,,20171114_00122697_Educator_Sexual_Violence_Prvnt.docx,
13b9aa5d-4f90-5f31-94af-47f834f1e9a7,"Manager, Student Success Programs",2,1,Academic Advising and Student Success,False,,False,0,3,False,aligned,0,near_duplicate,0.9748,,20090429_00105639_Mgr_Student_Success_Prog.doc,
13c4b510-4bc8-56bf-ae7d-37f3eb783459,Confidential,2,1,"Vice-President, Academic",False,,False,,,False,aligned,0,near_duplicate,0.9213,,"20070615_Conf_Admin_Prof_111,_VPA,_102373.doc",
13e2a01d-d8c1-5dff-b85d-fc9a34b5ed06,"Associate Director, Ceremonies & Events",2,1,Ceremonies and Events,False,,False,0,3,False,aligned,0,near_duplicate,0.9383,,20040901_00000500Assoc_dir_ceremonies_evt.doc,
13e2bdad-0490-5690-a43f-697103cc1a45,Untitled Position,2,1,,False,cupe,False,,,False,aligned,0,near_duplicate,0.9945,,20020826_00031226WPO8Psychology.doc,
13ee2c84-3970-557f-b984-8abbdb1b29c1,Senior Functional Analyst,2,1,"Information, Records & Registration",False,,False,,,False,aligned,0,near_duplicate,0.9737,,20160711_00116121_Senior_Functional_Analyst.docx,
142d000e-61b3-54cc-9827-28f55a398d87,"Specialist, Total Compensation",2,1,,False,apex,False,,,False,aligned,0,exact|role_equivalent,1.0000,,20210409_00130824_JDFN_APEX_20210409.docx,
1443369c-7323-50af-aa15-bf7d8307de24,"Administrative Coordinator, Health Partnerships",2,2,,False,apsa,False,,,False,aligned,0,role_equivalent,0.9948,,20250303_00136850_JDFN_APSA_20250303.docx,
1449d0b4-f5c6-5db9-b80d-0c43113b7bcc,"Manager, Back on Track Program",2,1,Engagement and Retention,False,,False,0,3,False,aligned,0,near_duplicate,0.9864,,20170818_00107242_JDFN.docx,
146cfb15-0e00-5626-851a-02197395e48f,Technology Operations Manager,2,1,,False,apsa,False,0,3,False,aligned,0,near_duplicate|role_equivalent,1.0000,,20251107_00137784_JDFN_APSA_20251107.docx,
146efe8d-be5c-5327-9cf2-ab46f84841db,Senior Safety Advisor,2,1,Environmental Health & Safety,False,,False,,,False,aligned,0,near_duplicate,1.0000,,20060828_Senior_Safety_Advisor_(EH_S).doc.doc,
148a1df5-ded7-5487-b121-fc233fcd8ed1,"Director, Indigenous Pathway Programs",2,2,,False,apsa,False,0,4,False,aligned,0,role_equivalent,0.9810,,20221005_00133239_JDFN_APSA_20220928.docx,
14930d72-e917-5d55-a021-56eea2038a6a,Receptionist,2,2,Criminology,False,cupe,False,,,False,aligned,0,role_equivalent,0.8956,,20150316_00101647_Secretary.docx,
14b82449-ca93-5b65-ac2b-a960fa755f05,Untitled Position,2,1,,False,cupe,False,,,False,aligned,0,near_duplicate,0.9705,,20050222_00001049Switchboard_Operator.doc,
14f5c990-db43-5876-8309-196ee55e2857,"Manager, Communications & Marketing",2,2,,False,apsa,False,0,3,False,aligned,0,role_equivalent,0.9951,,20220124_00133183_JDFN.docx,
14fa5a33-3bff-598d-ac6d-6aaa5283462f,Communications Coordinator,2,1,,False,apsa,False,,,False,aligned,0,role_equivalent,0.8817,,20241025_00136391_JDFN_APSA_20241024.docx,
1573c4c5-ac9a-590c-94a4-1f53b1d14cec,"Director, Admissions",2,1,Undergraduate Admissions,False,,False,0,4,False,aligned,0,near_duplicate,0.8622,,20100430_00103648_Director_Admissions.doc,
15e6cafe-b89b-54d7-b450-e46e7030d5e2,Program Director,2,1,"Learning & Instructional Development Centre, SFU Burnaby",False,,False,0,4,False,aligned,0,near_duplicate,0.9809,,20100526_00001415_Program_Director.docx,
162b5c80-0ad4-509d-8584-d742b938c502,"Coordinator, Indigenous Business Graduate Programs",2,1,Beedie Graduate Programs,False,apsa,False,,,False,aligned,0,near_duplicate|role_equivalent,1.0000,,20190319_00124976_Coordinator_Graduate_Programs.docx,
1668423f-32de-5ec6-aac6-7c1cce44f94f,Career Services Assistant,2,1,Career Services,False,cupe,False,0,0,False,aligned,0,near_duplicate|role_equivalent,0.9850,,20100210_00031938_Career_Services_Clerk_12Feb2010.docx,
16733929-f965-5f71-bd8f-1396caae1a4a,"Coordinator, Indigenous Administration & Events",2,1,,False,apsa,False,,,False,aligned,0,role_equivalent,0.9725,,20240509_00135529_JDFN_APSA_20240409.docx,
168a4ea2-808a-5bdf-aa54-55e1ff7d0c43,Untitled Position,2,2,IT Client Services,False,cupe,False,,,False,aligned,0,role_equivalent,0.8866,,20240807_00113377_JDFN_CUPE_20240807.docx,
16b21aa9-7107-535e-895f-a65266255a5b,Laboratory Technician,2,1,Archaeology,False,cupe,False,,,False,aligned,0,near_duplicate|role_equivalent,0.9850,,20171207_00122816_Technician.docx,
16dc0e67-1a67-532a-a348-7ad3412088e4,Untitled Position,2,1,,False,cupe,False,,,False,aligned,0,near_duplicate|role_equivalent,0.9734,,20060615_00031955Program_Assistant.doc,
173d8a13-aefd-5254-ba1e-b285173533ad,Office Assistant,2,1,"IT Services, Application Services",False,cupe,False,0,0,False,aligned,0,near_duplicate,0.9908,,20200623_00103650_JDFN_CUPE_20200623.docx,
1756205e-747f-55fd-9846-2ca1ff3de573,"Manager, Academic & Administrative Services",2,1,Criminology,False,apsa,False,0,3,False,aligned,0,near_duplicate,1.0000,,20160215_00007041_Manager.docx,
1858dbe0-7723-57aa-9b0c-a909c9464f75,Confidential Administrative Professional II,2,1,Human Resources,False,,False,,,False,aligned,0,near_duplicate,0.9924,,20120402_00006706_Conf_Admn_Prfsnl_II.docx,
18b40399-7bb1-5dfb-9bf4-67958c1f838a,Student Aid Officer,2,1,Financial Aid & Awards,False,,False,,,False,aligned,0,near_duplicate,1.0000,,20071005_00099595_Student_Aid_Officer.doc,
18dc946c-c4ab-58f6-86d5-050cb910fe59,"Associate Director, Office of Research Ethics",2,1,"Office of Research Ethics, VPR",False,apsa,False,0,3,False,aligned,0,near_duplicate|role_equivalent,1.0000,,20170620_00111598_Assoc_Dir_Research_Ethics.docx,
19295ca3-8190-5ba3-8e37-de95c6f96b9f,Administrative Coordinator,2,1,Lifelong Learning- Centre for Integrated and Credit,False,,False,,,False,aligned,0,near_duplicate,0.9718,,20121119_00031523_Admin_Coord.doc,
192a17db-a97f-5fac-b39a-57b9d221a648,"Lab Manager, Refugee Livelihood Lab",2,1,"RADIUS, Beedie School of Business",False,apsa,False,0,3,False,aligned,0,near_duplicate|role_equivalent,1.0000,,20180724_00124223_Lab_Manager_RLL.docx,
195329fa-c679-582c-97f9-17b2f5175e05,Undergraduate Advisor & Recruiter,2,2,Faculty of Education,False,cupe,False,,,False,aligned,0,near_duplicate,0.9406,,20100908_00099469_Ugrad_Advsr_Recruiter.docx,
19656623-ab79-5baf-bc16-1eb411d85c4c,"Analyst, Big Data",2,1,"Research Computing, IT Services",False,apsa,False,,,False,aligned,0,near_duplicate|role_equivalent,1.0000,,20180213_00123029_Analyst_Big_Data.docx,
19a30afd-a5f6-5ce4-accd-c8f618756ac1,"Manager, Youth Programs",2,1,AVPSI Youth Camps,False,apsa,False,0,3,False,aligned,0,near_duplicate,0.9706,,20190604_00126419_Mgr_Youth_Programs.docx,
19bfbffa-cb2e-578f-b85a-7242a3ad7da0,"Director, Undergraduate Programs",2,1,Beedie School of Business,False,apsa,False,0,4,False,aligned,0,near_duplicate|role_equivalent,1.0000,,20170426_00001878_Dir_Ugrad_Prgms.docx,
1a865a7d-bc3f-52d6-bd19-641b4b3a8659,Network Systems Analyst,2,1,"Dean’s Office, Faculty of Arts and Social Sciences (FASS)",False,cupe,False,,,False,aligned,0,near_duplicate,1.0000,,20160212_00031906_Network_Systems_Analyst.docx,
1acee3d0-50b3-549d-83ce-5377d3c5d471,"Executive Assistant to the Vice-President,",2,1,"Vice-President, Advancement",False,,False,0,0,False,aligned,0,near_duplicate,1.0000,,20040811_20040811_00096630Confidential_secretary.doc,
1ae5d1b8-7c02-5a33-8674-43c0c7eef001,Co-op Education Coordinator - Fac. of Arts,2,2,Co-operative Education,False,,False,,,False,aligned,0,near_duplicate,0.9880,,20060327_00000121Coop_educ_coordinator.doc,
1b828baf-83d1-50ce-8fbd-3b7c939532e5,Software Specialist,2,1,,False,apsa,False,,,False,aligned,0,near_duplicate|role_equivalent,0.9302,,20200217_00118871_JDFN_APSA_20200217_(1).docx,
1b963a71-3aa2-505e-88b1-5034fb2997f3,"Associate, Student Recruitment",2,1,"Faculty of Applied Sciences, Dean’s Office",False,apsa,False,0,1,False,aligned,0,near_duplicate|role_equivalent,1.0000,,20180308_00123314_Associate_Student_Recruitment.docx,
1d01d49e-fa46-5b04-afbf-d1307ea44280,Administrative Coordinator,2,1,,False,apsa,False,,,False,aligned,0,role_equivalent,0.9985,,20230420_00099454_JDFN_APSA_20230424.docx,
1d16be5e-e5b9-5678-8472-8bcc287c94bf,Co-op Education Coordinator,2,1,Work Integrated Learning,False,,False,,,False,aligned,0,near_duplicate,0.9686,,20180202_00123163_co-op_coordinator.docx,
1d5c9888-f315-5086-8eac-944fa522183c,Undergraduate Advisor & Recruiter,2,1,Dean of Arts and Social Sciences,False,,False,,,False,aligned,0,near_duplicate,0.9175,,20100527_00000460_Ugrad_Advisor_Recruiter.docx,
1d68c603-c225-58e8-9d77-559696fccff7,"Director, Museum of Archaeology & Ethnology",2,1,,False,apsa,False,0,4,False,aligned,0,role_equivalent,0.9595,,20221129_00001377_JDFN_APSA_20221129.docx,
1dd2e0f3-1cfc-56a8-abbc-8251ba642ca8,"Director, Undergraduate Programs",2,1,Faculty of Business Administration,False,,False,0,4,False,aligned,0,near_duplicate,0.9832,,20101201_00001878_Dir_Ugrad_Prgrms.docx,
1e00a9ff-78c7-549e-89f6-3a5ab3ab30c4,Administrative Assistant,2,1,Office of the President,False,apsa,False,0,0,False,aligned,0,near_duplicate|role_equivalent,1.0000,,20181021_00124443_Administrative_Assistant.docx,
1e940c14-8a42-502c-8353-5048aec3b631,"Senior Director, Campus Safety & Security Services",2,1,Campus Safety & Security Services,False,,False,0,4,False,aligned,0,near_duplicate,0.9506,,20150528_00001034_Snr_Dir_Campus_Sfty_Scrty_Srv.docx,
1edcdc3e-51e6-5704-b075-0c80a4dc937d,"Manager, Student Aid",2,1,Financial Aid and Awards,False,apsa,False,0,3,False,aligned,0,near_duplicate|role_equivalent,1.0000,,20180618_00099595_Manager_Student_Aid.docx,
1f2c9ab6-9711-53d5-bbda-41a113a18fb4,Program Director,2,1,Centre for Online and Distance Education,False,,False,0,4,False,aligned,0,near_duplicate,0.8700,,20100607_00099077_Program_Director.doc,
1ff53145-312e-5ebc-9736-b983e7eaa55a,"Supervisor, Course Materials",2,1,Bookstore/Spirit Shop,False,,False,0,3,False,aligned,0,near_duplicate,0.9660,,20170529_00121096_Supervisor_Course_Materials.docx,
20cf1674-99bc-59fe-a720-ae3d3cfc30dd,Co-op Education Coordinator - Environment,2,2,Co-operative Education,False,,False,,,False,aligned,0,near_duplicate,0.9889,,19991201_00031111Coop_educ_coordinator.doc,
21140d18-1a24-5205-b842-5e644bdedf3e,"Manager, Marketing",2,1,Ancillary Services,False,apsa,False,0,3,False,aligned,0,near_duplicate|role_equivalent,1.0000,,20181014_00123354_Manager_Marketing.docx,
21973da6-7f81-5b82-802a-3ba57dd37270,Research Contracts Coordinator,2,1,Office of Research Services (ORS),False,,False,,,False,aligned,0,near_duplicate,0.9024,,20150903_00108686_Rsrch_Contracts_Coord.docx,
2198e4ee-1d5a-594f-9c63-d1388c95d3d0,"Manager, Bank & Accounts Receivable",2,1,,False,apsa,False,0,3,False,aligned,0,near_duplicate|role_equivalent,0.9439,,20200103_00001891_JDFN_APSA_20230120.docx,
21a4b983-b69c-5a74-95b7-776ec9158a24,"Director, Campus Administration",2,1,SFU Vancouver Administration,False,apsa,False,0,4,False,aligned,0,near_duplicate|role_equivalent,1.0000,,20190326_00111987_Director_Campus_Admin.docx,
21bda485-cdb6-5814-9d75-1d00412d3418,Program Assistant,2,1,Teaching and Learning Centre,False,cupe,False,0,0,False,aligned,0,exact|role_equivalent,0.9850,,20120201_00110663_Program_Assistant.docx,
21c749cf-551c-54d2-9180-3a66a2dfcf1e,"Supervisor, Bookstore/Spirit Shop",2,1,Bookstore and Spirit Shop,False,apsa,False,0,3,False,aligned,0,near_duplicate|role_equivalent,1.0000,,20190519_00126120_Supervisor_Bookstore_Spirit_Shop.docx,
226556c8-5f8c-5d7e-9b35-5fa57a924b8e,"Manager, Student Retention Programs",2,2,"Student Services, Student Retention",False,,False,0,3,False,aligned,0,near_duplicate,0.8650,,20111208_00105640_Mgr_Stdnt_Rentention_Prgms.docx,
227344f2-b25f-5b2a-bda4-a84edbd56a30,Coordinator Student Life,2,2,Student Development & Programming,False,,False,,,False,aligned,0,near_duplicate,0.9579,,20030905_00031919Coordinator_student_life.doc,
2280210c-3e30-586d-b3ac-1a31b63cd894,"Coordinator, Dialogue Programs",2,1,Continuing Studies,False,,False,,,False,aligned,0,near_duplicate,0.8577,,20011101_00001337Coord_dialogue_programs.doc,
22994d3a-3b59-5c0a-a6d1-6d5074f1282d,"Director, Office of Research Ethics",2,1,Office of Research Ethics,False,,False,0,4,False,aligned,0,near_duplicate,1.0000,,20011201_00001124_Director_Office_Research_Ethics.docx,
229e1731-c521-5c65-8902-6ea55168b670,Untitled Position,2,1,,False,cupe,False,,,False,aligned,0,near_duplicate,0.9281,,20040310_00000135Secretary.doc,
22cb499b-77b3-5df7-b372-2d369f365b94,"Manager, Laboratory Operations",2,1,Chemistry,False,,False,0,3,False,aligned,0,near_duplicate,0.9572,,20150317_00000137_Manager_Lab_Ops.docx,
22d7c9b4-bf7e-59b5-b878-f91a6d7728e6,HR Clerk,2,1,Lifelong Learning Administration,False,cupe,False,,,False,aligned,0,role_equivalent,0.9783,,20130730_00000765_Clerk.docx,
22f0b64d-c6f2-51e2-a52c-d1e1d8672ac1,"Director, Compensation",2,2,Human Resources,False,,False,0,4,False,aligned,0,near_duplicate,0.9902,,20140821_00007508_Director_Compensation.docx,
23187a76-eb72-5530-a1b3-d139d2590044,Advancement Officer,2,1,University Advancement,False,apsa,False,,,False,aligned,0,near_duplicate|role_equivalent,1.0000,,20180205_00123087_Advancement_Officer.docx,
23320c88-99b3-598a-8b64-b2ad10535fff,International Student Advisor,2,1,SFU International,False,,False,,,False,aligned,0,near_duplicate,1.0000,,20060407_00097250International_student_advisor.doc,
233391a6-5c2f-52f2-afcc-141b5f13918d,"Program Manager, EHRS (Indoor Air Quality & Trades Safety)",2,1,Environmental Health & Research Safety,False,,False,0,3,False,aligned,0,near_duplicate,0.9957,,20150126_00104900_Program_Manager_EHRS.docx,
238df270-9e68-5aa8-a87d-ea0c4b9083e3,Computer Systems Administrator,2,1,School of Computing Science,False,,False,,,False,aligned,0,exact,1.0000,,20160418_00000856_Computer_Systems_Administrator.docx,
239b506a-db6c-52c2-95dc-848c18b0b504,Senior Director University Project Delivery,2,1,,False,apex,False,0,4,False,aligned,0,near_duplicate|role_equivalent,1.0000,,20191031_00127490_JDFN_APEX_20191029.docx,
240d488b-c89d-5e24-9e24-5bd35ec343ee,Systems Consultant I,2,1,Library Systems,False,,False,,,False,aligned,0,near_duplicate,0.9557,,20170801_00103227_Systems_Consultant.docx,
243382df-f308-5acd-b3a0-b6a40d06c0d3,Information Technology Professional II,2,1,"Servers & Storage Operations Position Reports To (Title): Associate Director, Storage & Servers",False,apsa,False,,,False,aligned,0,near_duplicate|role_equivalent,0.9771,,20160215_00118707_ITP_II.docx,
243b3558-9fc5-5f3f-b968-4c8b441b4fdb,Call Centre Coordinator,2,1,University Advancement,False,cupe,False,,,False,aligned,0,near_duplicate|role_equivalent,0.9795,,20110322_00109300_Clerk.docx,
245413da-1cc8-5809-a2d2-49eda6456f6c,Senate Assistant and Electoral Officer,2,1,Senate & Academic Services,False,,False,0,0,False,aligned,0,near_duplicate,0.9407,,20100110_00030768_Senate_Assistant.doc,
24586a81-3e05-52ad-acce-96afa5743afe,"Coordinator, Graduate Records and Registration",2,1,Graduate and Postdoctoral Studies,False,apsa,False,,,False,aligned,0,near_duplicate|role_equivalent,1.0000,,20180404_00123507_Coord_Grad_Recs_Reg.docx,
246820ab-4e26-598c-8d62-1eaefba89bab,"Assistant Director,",2,1,Facilities Management,False,,False,0,4,False,aligned,0,near_duplicate,1.0000,,"20060320_Assistant_Director,__188DA8.doc",
247d55d8-d462-5ef4-9816-732330386c99,Undergraduate Advisor,2,1,,False,,False,,,False,aligned,0,exact,1.0000,,20110524_00100648__Undergrad_Advisor_(Communication)_24May11.docx,
249a9917-1128-5eac-a3b8-7ac9e55fad3d,Undergraduate Advisor and Recruiter,2,1,Economics,False,apsa,False,,,False,aligned,0,near_duplicate|role_equivalent,0.9700,,20190303_00030687_Undergraduate_Advisor.docx,
2587668c-d98b-5f8f-92b7-dd17a74dd8ca,Assistant to the Dean,2,2,FASS Dean’s Office,False,cupe,False,0,0,False,aligned,0,role_equivalent,0.9765,,20181125_00000231_Secretary.docx,
258969a4-fd31-5ebc-bf96-81112f575809,Enrollment Services Assistant,2,1,Lifelong Learning,False,cupe,False,0,0,False,aligned,0,role_equivalent,0.9168,,20160408_00118964_Clerk.docx,
25da1e1d-7009-58cf-a42c-46e03cb26a67,"Contracts Officer, Real Estate Services",2,1,,False,apsa,False,,,False,aligned,0,near_duplicate|role_equivalent,1.0000,,20210726_00124087_JDFN_APSA_20210810.docx,
25e46015-fbab-5e68-acd6-136dde9befc0,Research Ethics Coordinator,2,2,Office of Research Ethics,False,,False,0,3,False,aligned,0,near_duplicate,0.9610,,20130812_00064925_Manager_Office_of_Research_Ethics.doc,
262c1750-9074-58c4-8241-fd7143536c78,"Senior Director, Administration & Strategic Growth",2,1,Safety & Risk Services,False,,False,0,4,False,aligned,0,near_duplicate,0.9666,,20150528_00111763_Snr_Dir_Admn_Strtgc_Grwth.docx,
262f4af0-2e60-527c-a996-22bc59b07222,Untitled Position,2,1,Archives and Records,False,cupe,False,,,False,aligned,0,role_equivalent,0.8507,,20100211_00030152_Clerk.doc,
265eb990-ce97-5077-b4d3-d4c219c99535,Chief Commercial Services Officer,2,1,Ancillary Services,False,apex,False,0,5,False,aligned,0,near_duplicate|role_equivalent,1.0000,,20190808_00121990_Chief_Commercial_Srvcs_Offcr.docx,
272d2b67-8613-547f-96ee-288961d1fc18,Financial Assistant,2,1,School for the Contemporary Arts,False,cupe,False,0,0,False,aligned,0,near_duplicate|role_equivalent,0.9841,,20150502_00000645_Clerk.docx,
2747fd9f-fafd-507c-b877-7784d2f4ddf0,Placement Coordinator,2,1,,False,apsa,False,,,False,aligned,0,near_duplicate|role_equivalent,0.9546,,20250319_00107172_JDFN_APSA_20250415.docx,
274df5b5-796f-5cb0-aac2-441205edfccd,Untitled Position,2,1,,False,cupe,False,,,False,aligned,0,near_duplicate,0.9307,,20060117_00099623Clerk_Typist.doc,
274f5131-e4a8-5157-b9ab-d3135a091c43,"June, 2000",2,2,,False,,False,,,False,aligned,0,near_duplicate,0.9258,,20000601_00064625Program_director.doc,
275416ce-7f55-5003-b951-0b30492b5ea9,"Coordinator, Summer Publishing Workshops",2,1,Canadian Centre for Studies in Publishing,False,,False,,,False,aligned,0,exact,1.0000,,19950601_00064969Coord_summer_pub_wrkshps.doc,
27595eec-4c5d-5ce3-97b5-63444be53cc8,Administrator,2,1,"Education, Graduate Studies",False,apsa,False,,,False,aligned,0,near_duplicate|role_equivalent,1.0000,,20190113_00125364_Administrator.docx,
275ab2a1-10b3-5c93-a880-18b24f5e77f1,"Program Manager, Emergency & Continuity Planning",2,1,Safety & Risk Services,False,,False,0,3,False,aligned,0,near_duplicate,0.9445,,20150530_00042831_Program_Manager.docx,
279cf9e7-1398-5dcc-abb1-d5aa264385d5,"Lab Manager, First Peoples Enterprise Acceleration Program",2,1,"RADIUS, Beedie School of Business",False,apsa,False,0,3,False,aligned,0,near_duplicate|role_equivalent,1.0000,,20180718_00124172_Lab_Manager_First_Peoples_Program.docx,
27c6b54d-1003-5377-aa11-51e6b52f8278,"Director, Museum of Archaeology & Ethnology",2,1,Archaeology,False,,False,0,4,False,aligned,0,near_duplicate,0.9759,,20151125_00001377_Dir_Museum_of_Archlgy_Ethnlgy.docx,
28ff2c01-90d5-5e6c-a2bc-e5d2601dee6f,Communications & Events Coordinator,2,1,Safety & Risk Services,False,,False,,,False,aligned,0,near_duplicate,0.8952,,20160607_00110972_Communications_Events_Coord.docx,
2920b716-47d1-5df9-98de-24dd7d667796,"Manager, Academic & Administrative Services",2,1,Economics,False,apsa,False,0,3,False,aligned,0,near_duplicate,1.0000,,20160202_00006638_Manager.docx,
293441fe-9476-57fe-adb5-8df2b7b23911,Untitled Position,2,1,,False,cupe,False,,,False,aligned,0,near_duplicate|role_equivalent,0.9850,,"20070109_Sec,_gr_7,_30035,_Res.___Env_Mgmt.doc",
293805cb-e1f7-5e48-9749-1fb6e48e7c87,Loans & Equipment Supervisor,2,1,Surrey Library,False,,False,0,3,False,aligned,0,near_duplicate,0.9517,,20121023_00112285_Loans_Equip_Spvr.docx,
29b624d7-5a69-5441-9e5c-55bc683c09b1,Event & Audience Services Coordinator,2,1,Woodward’s Cultural Unit,False,cupe,False,,,False,aligned,0,role_equivalent,0.8532,,20131029_00000688_Clerk.docx,
2a119fe1-267f-5f6f-a82e-17b2cff7d14d,Secretary/Receptionist,2,1,Faculty of Health Science,False,cupe,False,,,False,aligned,0,role_equivalent,0.9246,,20130530_00097736_Clerk_Typist.docx,
2ac977a4-14d5-5b3e-9587-4da5d2918379,Recreation Event Coordinator,2,1,Recreation & Athletics,False,,False,,,False,aligned,0,near_duplicate,0.9808,,20061208_101344_Rec__Event_Coord__Rec_and_Athl_SFU_Surrey.doc,
2b32563a-f7b5-5429-b642-7062e545aaba,Web Developer,2,1,Hellenic Studies,False,apsa,False,,,False,aligned,0,near_duplicate|role_equivalent,1.0000,,20180415_00123031_Web_developer.docx,
2b4143a9-7218-5afb-b6a6-958a96cf76c2,Undergraduate Advisor,2,1,Resource and Environmental Management (REM),False,apsa,False,,,False,aligned,0,near_duplicate|role_equivalent,0.9700,,20171128_00122624_Undergraduate_Advisor.docx,
2b60051a-8421-523f-a71d-a8b8b491f1b0,"Manager, Marketing & Communications",2,1,Beedie School of Business,False,apsa,False,0,3,False,aligned,0,near_duplicate|role_equivalent,1.0000,,20180323_00102996_Manager_Marketing_Communications.docx,
2b8c53a4-dae8-50cc-8998-0cb23a2caf7f,"Project Manager, Graduate Programs",2,2,,False,apsa,False,1,3|4,False,aligned,0,role_equivalent,0.8629,,20230712_00134533_JDFN_APSA_20230712.docx,
2c10912c-e4eb-563b-891b-6ca737919478,Senior Multimedia Specialist,2,1,Excite,False,,False,,,False,aligned,0,near_duplicate,0.9687,,19990501_00063732Sr_multimedia_specialist.doc,
2c659f80-b19c-5df9-93e7-012d21ae65e4,Untitled Position,2,1,,False,cupe,False,,,False,aligned,0,near_duplicate,0.9669,,20070704_00064805_CU_Clerk_Typist_Jul07_Edits.doc,
2c95f5fa-301d-5775-adaf-e35333e74935,"Manager, Marketing & Promotions SFUW Cultural Programs & Partnerships",2,1,Woodward’s Cultural Unit,False,apsa,False,0,3,False,aligned,0,near_duplicate|role_equivalent,1.0000,,20170609_00121712_Manager.docx,
2db520a1-363d-50bc-8c47-dac7c604ce2d,"Director, Faculty and Leadership Development",2,1,Faculty Relations,False,apsa,False,0,4,False,aligned,0,near_duplicate|role_equivalent,1.0000,,20190127_00125384_Dir_Faculty_Leader_Dvpmnt.docx,
2dd7cef6-dc38-54b9-96f3-b77ac32b5fd0,"Technician, Building & Equipment Operations",2,1,WAC Bennett Library,False,cupe,False,,,False,aligned,0,near_duplicate|role_equivalent,0.9850,,20170628_00031120_Technician_Bldg_and_Equip_Operations.docx,
2e27449f-61ca-52b7-80aa-d38cfdd579d6,Administrative Coordinator,2,1,SFU International,False,apsa,False,,,False,aligned,0,near_duplicate|role_equivalent,1.0000,,20171127_00122731_Admin_Coordinator.docx,
2e6f6341-4038-52e7-aac0-9a9ef8db5cac,"Communications, Engagement and Recruitment Officer",2,1,"RADIUS, Beedie School of Business",False,apsa,False,,,False,aligned,0,near_duplicate|role_equivalent,1.0000,,20180123_00123018_Comms_Engmt_Rcrtmnt_Officer.docx,
2e78de91-fbd5-5847-8e01-d3010ac7bda5,"Manager, Service Management Applications",2,1,"Client Services, IT Services",False,,False,0,3,False,aligned,0,exact,1.0000,,20150823_00113380_Manager_Service_Management_Applications_Gr12.docx,
2e96be5b-c381-5b0d-86c7-7dfd12fa589d,EHS Advisor (Biosafety and Occupational Hygiene),2,1,Environmental Health & Safety,False,,False,,,False,aligned,0,near_duplicate,0.9824,,20081009_00098831_EHS_Advisor.doc,
2fe03702-43f6-5783-825d-ba67561231b9,International Student Advisor – Student Advising and,2,1,SFU International,False,,False,,,False,aligned,0,exact,1.0000,,20100122_00097250_Intl_Student_Advisor.doc,
3028e1bf-a62d-580d-9761-87ed838aff84,Untitled Position,2,1,,False,cupe,False,,,False,aligned,0,near_duplicate,0.9757,,20051125_00097781Technician.doc,
3099b29f-5761-54a9-b42c-fb140ae2f1dd,Business Analyst,2,1,,False,apsa,False,,,False,aligned,0,near_duplicate|role_equivalent,0.8573,,20240124_00113251_JDFN_APSA_20240124.docx,
3245a9a5-1142-5012-ae77-1172928a79d3,Senior Financial Analyst,2,1,Accounting Services,False,,False,,,False,aligned,0,near_duplicate,0.8901,,20100222_00107354_Senior_Financial_Analyst.docx,
326f2f51-3456-5ab1-a173-fa7fe4d30ad7,"Specialist, Knowledge Mobilization & EDI",2,2,,False,apsa,False,,,False,aligned,0,role_equivalent,0.9887,,20240716_00135785_JDFN_APSA_20240712.docx,
3299255b-49c2-59ee-a093-aae170990231,Systems Analyst,2,1,,False,apsa,False,,,False,aligned,0,near_duplicate|role_equivalent,0.9621,,20200924_00031906_JDFN_APSA_20200728.docx,
32ae95f3-7094-5926-8b7c-e06b302dacb0,Senior Integration Architect,2,1,,False,apsa,False,,,False,aligned,0,near_duplicate|role_equivalent,1.0000,,20250925_00137531_JDFN_APSA_20250918.docx,
32beb2e2-b4c0-5b2c-9802-e3ccb3962b86,Communications Assistant,2,1,"Communications & Marketing, External Relations",False,,False,0,0,False,aligned,0,exact,1.0000,,20160428_00119095_Communications_Asistant.docx,
331ccdfb-566d-5eb3-85b6-d1fe6850fea3,Program Assistant,2,2,Linguistics,False,cupe,False,0,0,False,aligned,0,near_duplicate|role_equivalent,0.8714,,20101025_00001142_Program_Assistant.docx,
334aaed3-6833-512f-8eac-efbb2fc5db45,"Assistant Director, Conference & Guest Accommodations",2,1,Residence & Housing,False,cupe,False,0,4,False,aligned,0,near_duplicate,0.9514,,19970201_00064232Asst_dir_conf_guest_acco.doc,
33616490-0bab-54f0-800b-4ff85f2392a9,"Manager, Administration",2,2,Learning & Instructional Development Centre,False,,False,0,3,False,aligned,0,near_duplicate,0.9462,,"20060811_Manager,_Administrative_Services_(LIDC).doc",
33b1b146-a894-5a9b-b770-5ec3f6a9ef36,Undergraduate Advisor & Recruiter,2,1,Faculty of Business Administration,False,,False,,,False,aligned,0,exact,1.0000,,"20070529_101792_Undergrad_Adv___Recr,_FBA_Bus.doc",
33c72466-671a-5fd5-96bb-6fae866b64e2,Assistant to Chief Facilities Officer & Chief Safety Officer,2,1,Vice President Finance & Administration,False,cupe,False,0,0,False,aligned,0,role_equivalent,0.9802,,20160916_00001169_Secretary.docx,
341b6d3d-408d-5bdc-ae6f-d26e17d9c361,Careers Advisor (Volunteer & Community Engagement),2,2,Career Services,False,,False,,,False,aligned,0,near_duplicate,0.9117,,20150122_00109356_Careers_Advisor.docx,
347de5fa-51d7-5a65-9b7d-7ad2980102cf,"Director, University-Industry Liaison",2,1,University/Industry Liaison,False,apsa,False,0,4,False,aligned,0,near_duplicate,0.8890,,20090824_00063243_Director_UIL.doc,
34ab94aa-b327-574e-8401-4547711be5bc,Facilities Coordinator,2,1,"Dean’s Office, Faculty of Education",False,,False,,,False,aligned,0,near_duplicate,0.9803,,20150123_00116258_Facilities_Coordinator.docx,
34c81290-4865-596b-8a61-51060d0dc5f5,"Associate Director, Business Solutions",2,2,,False,apsa,False,0,3,False,aligned,0,role_equivalent,0.9223,,20210730_00131103_APSA_JDFN_20210618.docx,
34f5ffbb-0308-57b4-a5fb-4410e4183dbf,"Manager, Graduate Programs",2,2,Beedie School of Business,False,,False,0,3,False,aligned,0,near_duplicate,0.9671,,20150527_00110783_Mgr_Graduate_Programs.docx,
34f91962-b007-501a-84ee-bbd622f55ff1,"Director, Systems Analysis & Project Management",2,1,"Program & Policy Development, Safety & Risk Services",False,,False,0,4,False,aligned,0,near_duplicate,0.9190,,20150528_00117425_Dir_Systems_Anlysis_Proj_Mgmt.docx,
3514fd45-c085-5cfa-a8f0-1c9ab0b53252,Program Coordinator,2,2,Centre for Dialogue,False,cupe,False,,,False,aligned,0,near_duplicate|role_equivalent,0.8959,,20130813_00001761_Undergraduate_Secretary.docx,
359dffd9-4ee2-56b1-968b-6a7ebe92bfa1,"Playing a crucial role in meeting the mental health needs of students, the Associate Director, Counselling is responsible for the programs and services of the Counselling unit of Health & Counselling ",2,1,,False,,False,0,3,False,aligned,0,near_duplicate|role_equivalent,1.0000,,20190719_00001138_Associate_Director_Counselling.docx,
35d159dc-49ad-54c2-a020-02e5d41dcb05,"Coordinator, Admissions & Recruitment",2,1,"Professional Programs, Faculty of Education",False,,False,,,False,aligned,0,near_duplicate,0.9786,,20161221_00006855_Coord_Admssns_and_Rcrtmnt.docx,
3612e7b1-a037-5f32-a52f-1dac4ff8c07d,"Director, Multifaith Centre",2,1,Student Services,False,apsa,False,0,4,False,aligned,0,near_duplicate|role_equivalent,1.0000,,20190819_00126818_Director_Multifaith_Centre.docx,
3678e004-8619-5331-8d90-421d5fbbf22b,Information Technology Professional III,2,1,"Servers & Storage Operations Position Reports To (Title): Associate Director, Storage & Servers",False,apsa,False,,,False,aligned,0,near_duplicate|role_equivalent,0.9786,,20151214_00001620_ITP_III.docx,
36fda5cc-7111-5d4c-9ba7-fbaa7f0d81c7,General Counsel &,2,1,"Vice-President, Legal",False,excluded,False,,,False,aligned,0,exact,1.0000,,20130808_00101826_General_Cnsl___Assc_Univ_Secretary.doc,
37bdf941-4865-51ad-9e8f-00b2967755c8,Video Journalist,2,1,Creative Services,False,,False,,,False,aligned,0,near_duplicate,0.9760,,20141117_00116227_Video_Journalist.docx,
37f7e404-9c98-568d-88d7-01589057c6bd,Untitled Position,2,1,,False,cupe,False,,,False,aligned,0,near_duplicate,0.8565,,20060214_00031882Clerk_Typist.doc,
3884f38c-a971-5944-9ca1-eb76be8dd97b,Instructional Support Technician,2,1,Faculty of Education,False,cupe,False,,,False,aligned,0,near_duplicate|role_equivalent,0.9775,,20120424_00111297_Technician.docx,
38c78d40-0235-5b7c-9a92-5b7021d920cf,"Supervisor, Network Operations",2,1,,False,apsa,False,0,3,False,aligned,0,near_duplicate|role_equivalent,0.9700,,20210723_20210820_00131090_JDFN_APSA_20210723.docx,
38cda1dc-0a14-5d5d-9dcb-3cb1359b2005,"Manager, Finance",2,1,Library Administration,False,apsa,False,0,3,False,aligned,0,near_duplicate|role_equivalent,0.9700,,20180429_00123236_Mgr_Finance.docx,
391338d9-3f7b-594d-8682-3d5dd37fc40e,"Manager, Finance and Administration",2,1,Safety and Risk Services,False,apsa,False,0,3,False,aligned,0,near_duplicate|role_equivalent,1.0000,,20180124_00064870_Manager_Finance_Admin.docx,
3931efbd-bc85-5c77-b759-bb43aa68c3ba,"We are a leading research university, advancing an inclusive and sustainable future. Our purpose – the essence of SFU – is to create and connect knowledge, learning and community for deeper understand",2,1,,False,apsa,False,,,False,aligned,0,exact|role_equivalent,1.0000,,20260201_00138134^00138136_JDFN_20260209.docx,
39589578-1282-5ca6-93f9-dc9ab50f0016,Accreditation Secretary,2,1,Beedie School of Business,False,cupe,False,,,False,aligned,0,near_duplicate|role_equivalent,0.9325,,20160302_00118068_Secretary.docx,
396645c2-a669-577a-ae3a-69c5c5df3ba3,"Associate Director, Graduate Admissions, Records, and Registration",2,1,Graduate Studies and Postdoctoral Fellows,False,apsa,False,0,3,False,aligned,0,near_duplicate|role_equivalent,1.0000,,20170426_00001072_Assoc_Director.docx,
3a2cee7c-2834-5a8a-9f72-a3320b848947,"Coordinator, Workshop Operations",2,1,Mathematics,False,apsa,False,,,False,aligned,0,near_duplicate|role_equivalent,1.0000,,20181021_00124872_Coordinator_Workshop_Operations.docx,
3a74a8ab-6dff-559b-8ac0-44d9486299ae,"Senior Director, University Communications",2,1,External Relations – Communications and Marketing,False,apsa,False,0,4,False,aligned,0,near_duplicate|role_equivalent,1.0000,,20171212_00122862_Sr_Director_University_Comms.docx,
3a761518-f159-5292-add2-eafdd9979190,"Associate Director, Writing & Communications Program",2,1,Lifelong Learning,False,,False,0,3,False,aligned,0,near_duplicate,0.9247,,20170217_00110541_Associate_Director.docx,
3aa624c3-598f-52b7-9c7d-e3b196d5d968,Untitled Position,2,1,,False,cupe,False,,,False,aligned,0,near_duplicate,0.9601,,20031202_00001768Clerk_.doc,
3aec1491-febd-5e52-bd6f-9f1d140db846,Co-op Education Coordinator - Faculty of Applied,2,1,Co-operative Education,False,,False,,,False,aligned,0,near_duplicate,1.0000,,20140512_00030704_Co-op_Education_Coord..doc,
3b1da9ad-2928-5339-ab09-505c47e748f7,"Program Manager, EHRS (Biosafety & Laboratory Safety)",2,1,Environmental Health & Research Safety,False,,False,0,3,False,aligned,0,near_duplicate,1.0000,,20150126_00112798_Program_Manager_EHRS.docx,
3b2a6edf-13d1-5b3f-8086-1d227a136976,"Manager, Health & Finance",2,1,Health & Counselling Services (HCS),False,apsa,False,0,3,False,aligned,0,near_duplicate|role_equivalent,1.0000,,20170929_00077048_Manager_Finance_Health.docx,
3b32c652-cfe2-59b7-b1e1-f244bd48e6c1,Administrative Assistant,2,1,,False,apsa,False,0,0,False,aligned,0,role_equivalent,0.8509,,20210723_00006706_JDFN_APSA_20210716.docx,
3b4b18d1-0bee-55d3-ba48-08819ba280e6,Payroll Coordinator,2,1,Facilities Services,False,cupe,False,,,False,aligned,0,near_duplicate|role_equivalent,0.9578,,20100423_00100002_Clerk.docx,
3b5425ee-ec84-504f-be8c-6d76e6d68d58,Administrative Assistant,2,1,VPER Communications and Marketing,False,,False,0,0,False,aligned,0,near_duplicate,0.9213,,20160928_00115620_Administrative_Assistant.docx,
3bcaec72-cba4-5bd6-bb00-13152deda670,Project Manager,2,1,Morris J. Wosk Centre for Dialogue,False,apsa,False,0,3,False,aligned,0,near_duplicate|role_equivalent,1.0000,,20190623_00126261_Project_Manager.docx,
3d2fbec9-a797-5665-9d5f-49ced9f08686,International Advisor &Recruiter,2,2,Faculty of Arts and Social Sciences,False,,False,,,False,aligned,0,near_duplicate,0.9067,,20070424_00101903_Intl_Stnt_Adv_Rec_and_Ret__FASS.doc,
3d79db9b-20f7-50ee-ad1c-0e72d98ab50d,Untitled Position,2,1,,False,cupe,False,,,False,aligned,0,near_duplicate,0.8982,,20030106_00030321Secretary.doc,
3daebf5c-62a5-524c-be1f-a59fe7d9f586,Wellness & Recovery Assistant,2,1,,False,apsa,False,0,0,False,aligned,0,near_duplicate|role_equivalent,0.9381,,20220808_00133081_JDFN_APSA_20220804.docx,
3db19bf1-9dfa-562b-a37e-43ec36ba4b19,"Director, Budgets",2,1,Budget Office,False,excluded,False,0,4,False,aligned,0,near_duplicate,0.9951,,20101020_00106133_Director_Budgets.docx,
3dd7dbd5-b844-512b-8894-26810ab500c5,Teaching Lab Technician,2,1,Biological Sciences,False,cupe,False,,,False,aligned,0,near_duplicate|role_equivalent,0.8716,,20150629_00030936_Technician.docx,
3df26449-debc-575c-b11b-4272509de99e,Budget Coordinator,2,1,"Faculty of Arts & Social Sciences, Office of the Dean",False,,False,,,False,aligned,0,near_duplicate,0.9436,,20170316_00108542_Budget_Coordinator.docx,
3e08d69b-8686-52ac-9f71-9047cc08d856,Web Services Developer,2,1,Surrey Marketing and External Affairs,False,,False,,,False,aligned,0,near_duplicate,0.9781,,20130315_00112925_Web_Services_Developer.docx,
3e5f29a1-3412-524c-9935-66a1899cf6f3,"Director, Research Intelligence",2,1,Office of the Vice President Research & International,False,apsa,False,0,4,False,aligned,0,near_duplicate|role_equivalent,1.0000,,20180719_00124111_Director_Research_Intelligence.docx,
3efe17ee-5b97-547c-920d-0cc3c89e041d,Untitled Position,2,1,,False,cupe,False,,,False,aligned,0,near_duplicate,1.0000,,20000118_00000917Library_assistant.doc,
3f1a7854-e4d8-5198-bc77-5d1a0fcdd3d6,"Coordinator, Communications and Marketing",2,1,Faculty of Health Sciences (FHS),False,apsa,False,,,False,aligned,0,near_duplicate,0.9468,,20200330_00119417_JDFN_APSA_20200326.docx,
3f9f04ce-0241-557b-8009-2b12bd94b11b,"Manager, Student Recruitment and Operations",2,1,Beedie School of Business,False,apsa,False,0,3,False,aligned,0,near_duplicate|role_equivalent,1.0000,,20180628_00123954_Mgr_Student_Recruitment_Operations.docx,
4032fe94-fa32-5c93-902e-5b01abea2e2e,Asset Records Technologist,2,1,Planning Support,False,cupe,False,,,False,aligned,0,near_duplicate|role_equivalent,0.9821,,20140626_00096459_Building_Technologist.docx,
40c7ef59-9cd1-5f92-976e-6fb5a1b89d6a,Untitled Position,2,1,,False,cupe,False,,,False,aligned,0,near_duplicate,0.9642,,19980629_00001417Secretary.doc,
40ff02b2-dc2a-51e8-94b6-3dfe0d262339,"Manager, Undergraduate Programs",2,1,Education Undergraduate Programs,False,apsa,False,0,3,False,aligned,0,near_duplicate|role_equivalent,1.0000,,20180429_00000575_Manager_Ugrad_Programs.docx,
411aca17-6182-55d4-bdfb-6c7ba76f2501,Untitled Position,2,1,,False,cupe,False,,,False,aligned,0,near_duplicate,0.9627,,20041122_00097403Secretary.doc,
422ee4b6-d413-5951-8f45-fcee295a8c70,"Coordinator, Marketing & Communications",2,2,,False,apsa,False,0,3,False,aligned,0,role_equivalent,0.8589,,20210804_00110740_JDFN_APSA_20210903.docx,
426ada34-8620-5420-ac69-d04967602912,"Manager, Communications",2,1,Office of the Vice-President Research,False,apsa,False,0,3,False,aligned,0,near_duplicate|role_equivalent,1.0000,,20180406_00119079_Communications_Manager.docx,
42984921-78cd-5fb3-b084-e1c64950fbf7,Real Estate Officer,2,1,Real Estate Services,False,apsa,False,,,False,aligned,0,near_duplicate|role_equivalent,1.0000,,20170607_00121739_Real_Estate_Officer.docx,
42a2eabb-27dc-5402-abed-565734fac23d,"Director, Indigenous Programs",2,1,,False,apsa,False,1,3|4,False,aligned,0,near_duplicate|role_equivalent,0.9070,,20210201_00121982_JDFN_APSA_20210201.docx,
42f4a5e9-5883-5a69-94a7-28956621d912,Psychologist,2,1,"Clinical Psychology Centre (CPC), Psychology",False,apsa,False,,,False,aligned,0,near_duplicate,0.9443,,20190721_00126732_Psychologist.docx,
4306b4bb-ff21-5158-8e20-62a7e2f148e4,Untitled Position,2,1,,False,cupe,False,,,False,aligned,0,near_duplicate,0.9921,,"20050120_00001192_Accounts_Payable_Clerk,_Fin_Ser,_Gr._5.doc",
435f56c1-4fed-5878-b3bd-5953fbd58618,"Director, Digital Engagement",2,1,"External Relations, Communication & Marketing",False,,False,0,4,False,aligned,0,exact,1.0000,,20170323_00115877_Director_Digital_Engagement.docx,
4391f052-09d3-53dc-b622-ca90b69cbdd2,Untitled Position,2,1,Bookstore,False,cupe,False,,,False,aligned,0,near_duplicate|role_equivalent,0.8948,,20090911_00106481_Clerk.doc,
43b18b90-6e5f-5a19-a102-36297792f251,"Director, Campus Administration",2,2,,False,apsa,False,0,4,False,aligned,0,role_equivalent,0.9170,,20220720_00111987_JDFN_APSA_20221003.docx,
43d716b7-4e68-5fc6-af23-11aadc4cb392,Service Technician,2,1,Bookstore,False,cupe,False,,,False,aligned,0,near_duplicate|role_equivalent,0.9675,,20110224_00062393_Technician.docx,
43d91895-963e-5d21-ab3d-abe668aacb94,"Coordinator, Procurement Programs",2,1,Procurement Services,False,,False,,,False,aligned,0,near_duplicate,0.9153,,20160201_00118657_Coord_Procurment_Prgms.docx,
45605b1a-3a77-5693-a420-c2a7ad20d862,Business Systems Analyst,2,1,"Business Solutions, IT Services",False,apsa,False,,,False,aligned,0,near_duplicate|role_equivalent,1.0000,,20190328_00001741_Business_Systems_Analyst.docx,
45c4bb83-f9a8-5404-9c39-7ee4c3e4b611,"Director, Finance",2,1,,False,apsa,False,1,3|4,False,aligned,0,role_equivalent,0.9257,,20201001_00119226_JDFN_ASPA_20201108.docx,
45ec3a97-8c53-53d0-a498-6f38fad8321c,"Business Analyst I / Associate Director, Graduate Admissions,",2,1,Graduate Studies Office,False,cupe,False,0,3,False,aligned,0,near_duplicate,0.9905,,20100324_00099659_Business_Analyst.docx,
46a1e343-88c3-5af7-bdae-85276e4774ad,Systems Consultant I,2,1,"Marketing and External Affairs, SFU Surrey",False,,False,,,False,aligned,0,exact,1.0000,,20130605_00113364_Systems_Consultant_I.doc,
46d6ac0e-2f10-5084-9f8f-e0b35b9d38db,"Associate Director, Graduate Programs",2,1,,False,apsa,False,0,3,False,aligned,0,near_duplicate|role_equivalent,1.0000,,"20200429_00114369,_00114560_JDFN_APSA_20200616.docx",
46ed25e4-b25c-5629-94cb-d370ce229cea,Junior Analyst,2,1,Institutional Research and Planning,False,,False,,,False,aligned,0,near_duplicate,0.9861,,20130428_00113272_Junior_Analyst.docx,
47405c57-fc25-5e0b-9892-65fa71c3cca5,"Associate Director, Community Systems",2,1,"Application Services, Information Technology Services",False,,False,0,3,False,aligned,0,near_duplicate,0.9591,,20171204_00116771_Associate_Director_Community_Systems.docx,
4779e446-eddd-5ff9-ac43-91ef6f34d3c3,Senior Office Assistant,2,1,Health and Counselling Services (HCS),False,cupe,False,0,0,False,aligned,0,role_equivalent,0.9576,,20190926_00007044_Senior_Office_Assistant.docx,
47d2f550-8d1a-51f1-9868-d56c5a83cbfe,PERSONNEL DEPARTMENT,2,1,,False,,False,,,False,aligned,0,near_duplicate,0.9074,,20021001_00001589Coordinator_city_program.doc,
48170c7c-8614-5979-8d4b-270d6cb4f299,"Director, Science",2,1,Faculty of Science,False,,False,0,4,False,aligned,0,near_duplicate,0.9622,,20131003_00111353_Dir_Science_Stores___Tech_Ctr.doc,
48309a64-763c-5c28-90ec-a0e9b0081853,"Manager, Faculty of Arts Co-operative Education",2,1,Co-operative Education,False,cupe,False,0,3,False,aligned,0,near_duplicate,0.9294,,20000601_00030650Mgr_faculty_arts_coop_ed.doc,
48511edc-fe7d-58e5-8913-2a51aca0e8dd,"Coordinator, Marketing & Communications",2,1,Lifelong Learning,False,,False,,,False,aligned,0,near_duplicate,0.9109,,20111219_00110740_Coord_Mrktng_Cmns.docx,
48606343-54de-517b-b57e-d5459c6b7b84,"Senior Associate Director, Major Gifts",2,1,University Advancement,False,,False,0,3,False,aligned,0,near_duplicate,0.9588,,20170606_00121723_Senior_Assoc_Dir_Major_Gifts.docx,
4866272c-3ec5-55fd-bd61-951953890dce,"Coordinator, Academic Programs",2,1,Faculty of Science,False,cupe,False,,,False,aligned,0,near_duplicate,0.8749,,20150622_00099504_Coord_Academic_Prgms.docx,
4902eef4-aef5-525c-b804-dd93a4a5fa48,Untitled Position,2,1,,False,cupe,False,,,False,aligned,0,near_duplicate,1.0000,,20000928_00000168Secretary.doc,
49071dc6-d3ee-599c-b04a-02375931a72c,"Associate Director, Educational Development",2,1,Teaching & Learning Centre,False,,False,0,3,False,aligned,0,near_duplicate,0.9905,,20160420_00116318_Assoc_Dir_Educ_Dvlpmt.docx,
49412446-7965-51e3-88c3-76d9afe9e651,"Director, Integrated Credit Studies and SFU NOW",2,1,Lifelong Learning,False,,False,0,4,False,aligned,0,near_duplicate,0.9733,,20130906_00000078_Dir_Integrated_Cred_Studies___SFU_NOW.doc,
49418dd1-d2a9-55e6-8a59-9f819ef3b0be,"Senior Director, Finance, Strategy and IT",2,2,,False,apex,False,0,4,False,aligned,0,role_equivalent,0.9562,,20240408_00097451_JDFN_APEX_20240408.docx,
496c29de-4202-58d5-9911-5b685319cea9,"Manager, Prospect Research and Strategy",2,1,University Advancement,False,,False,0,3,False,aligned,0,near_duplicate,1.0000,,20060701_00030949_Manager.doc,
49979424-717a-58e6-ba26-17e82ae19ea6,Untitled Position,2,1,,False,cupe,False,,,False,aligned,0,near_duplicate,1.0000,,19950118_00000974Technician.doc,
49c5ff24-5524-5286-a9c7-c0f719726af7,"Manager, Faculty of Applied Science and SIAT Co-operative Education Program",2,1,Co-operative Education,False,,False,0,3,False,aligned,0,near_duplicate,0.9778,,20170425_00098192_Mgr_FAS_SIAT_Co-op_Ed_Prog.docx,
49d3bec9-813d-5523-b9ad-7afe1c9f242c,Confidential Receptionist/Assistant,2,2,Human Resources,False,cupe,False,0,0,False,aligned,0,near_duplicate,0.9811,,20041031_00006706Confidential_receptionist.doc,
4a0b0953-5459-5129-b4fc-1e475bf8e47f,Program Director – Management and Professional,2,1,Continuing Studies,False,,False,0,4,False,aligned,0,near_duplicate,0.9629,,20080825_00104456_Program_Director.doc,
4ac0afd1-b8b1-56a6-b2a7-b5126a2edda9,Campus Space Coordinator,2,1,Surrey Campus Director’s Office,False,apsa,False,,,False,aligned,0,near_duplicate,0.8549,,"20070628_99533_Campus_Space_Coordinator,__grade_7.doc",
4b04175e-ecc9-5d01-8b8f-9a50eb247bad,Senior Financial Analyst,2,1,Budget Office,False,,False,,,False,aligned,0,near_duplicate,0.9823,,20160121_00001200_Senior_Financial_Analyst.docx,
4b3e0bbb-a195-5201-b7c6-63a75d07fd3f,"Manager, Payroll",2,1,Finance - Payroll,False,,False,0,3,False,aligned,0,near_duplicate,0.9674,,20151030_00030599_Manager_Payroll.docx,
4b6ebd94-3d1d-51dc-b233-9c1d07ba04f4,Computer Systems Administrator,2,1,School of Computing Science (SFU Surrey),False,,False,,,False,aligned,0,near_duplicate,0.9544,,20040827_00096793Computer_systems_administrator.doc,
4bbd522a-63cc-5991-99e6-2eecd49a8a25,"Project Assistant, SFU Innovates",2,1,"Office of the Vice-President, Research",False,apsa,False,0,0,False,aligned,0,role_equivalent,0.9992,,20170926_00122026_Project_Assistant.docx,
4bf34a65-042a-595f-9551-93269c72386f,Student Aid Officer,2,1,,False,apsa,False,,,False,aligned,0,near_duplicate|role_equivalent,0.9675,,20231121_00101897_00120874_00128994_00133654_JDFN_APSA_20231129.docx,
4bf3a357-b306-523f-909e-b6c0756af2b1,Untitled Position,2,1,,False,cupe,False,,,False,aligned,0,near_duplicate|role_equivalent,0.9645,,20060629_00064877Program_Assistant.doc,
4c3e39c0-beb3-5cdf-8888-ca056f650975,Assistant Treasurer,2,2,,False,apsa,False,0,0,False,aligned,0,role_equivalent,0.9356,,20220228_00106088_JDFN_APSA_20220717.docx,
4d306ad7-97cf-53b3-97c1-1b58c9056f2d,Research Ethics Coordinator,2,1,Office of Research Ethics,False,,False,,,False,aligned,0,near_duplicate,0.9747,,20130930_00114257_Research_Ethics_Coordinator.docx,
4d46ec51-45bd-5077-85f0-73f072154f11,"Manager, Customer Service & Administration",2,1,Document Solutions,False,,False,0,3,False,aligned,0,near_duplicate,1.0000,,20130423_00110833_Manager_Customer_Service___Administration.docx,
4d6065e5-7256-57f9-bcc1-f6890f9b9c1d,Digital Portfolio Manager,2,1,,False,apsa,False,0,3,False,aligned,0,role_equivalent,0.9579,,20210804_00108013_JDFN_APSA_20211026.docx,
4d6a5b97-82d7-5d36-9607-97cc701fa095,Loans Supervisor,2,1,Library Loan Division,False,,False,0,3,False,aligned,0,near_duplicate,1.0000,,20120604_00000923_Loans_Supervisor.docx,
4db4b5fd-4bb2-515a-98ab-b1b225c5fdce,"Coordinator, External Relations Programs",2,1,"Beedie School of Business, Career Management Centre",False,,False,,,False,aligned,0,near_duplicate,0.9572,,20140313_00107654_Coord_External_Rel.docx,
4db62c0d-ef52-563e-b1d1-47cfc2458acb,"Coordinator, Undergraduate Advising, Recruitment & Retention",2,1,"Faculty of Arts and Social Sciences, Office of the Dean",False,apsa,False,,,False,aligned,0,near_duplicate|role_equivalent,1.0000,,20190317_00030986_Coord_UG_Adv_Rcrtmnt_Rtn.docx,
4dbeca2e-ddd4-5db3-a95f-454016013e1a,"Director, Enrollment and Student Services",2,2,,False,apsa,False,0,4,False,aligned,0,role_equivalent,0.9031,,20210311_00103978_JDFN_APSA_20210525.docx,
4debe996-4cc3-551e-9ec2-848025c8f620,Confidential Administrative Professional III,2,1,Internal Audit,False,apsa,False,,,False,aligned,0,exact|role_equivalent,1.0000,,20190723_00126763_Confidential_Admin_Professional_III.docx,
4e17a51d-9365-5085-94b2-e06d390bea28,Communication Assistant,2,1,Dean of Graduate Studies Office,False,cupe,False,0,0,False,aligned,0,role_equivalent,0.9586,,20120905_00099515_Clerk_Typist.docx,
4e6d50b7-5f74-5f76-bb66-0da9502c19b8,Collections Manager,2,2,,False,apsa,False,0,3,False,aligned,0,role_equivalent,0.9372,,20230118_00112731_JDFN_APSA_20230118.docx,
4e968f41-c79f-564d-8851-cafa0a8b8768,Undergraduate Advisor,2,1,Faculty of Environment,False,,False,,,False,aligned,0,near_duplicate,0.9579,,20130306_00110796_Undergraduate_Advisor.doc,
4ed4d01e-9400-574e-805d-c47f73502b71,Untitled Position,2,1,,False,cupe,False,,,False,aligned,0,near_duplicate,0.9828,,20030502_00030616Secretary.doc,
4f308efd-23e4-58c6-95d7-2e8cf36f57c7,Confidential Administrative Professional III,2,1,,False,apsa,False,,,False,aligned,0,role_equivalent,0.9193,,20210325_00123587_JDFN_APSA_20210514.docx,
4f6ddaa6-e043-5437-9c4a-536668470a92,"Manager, Student Engagement, Graduate Programs",2,1,"Business Graduate Program, Beedie School of Business",False,apsa,False,0,3,False,aligned,0,near_duplicate|role_equivalent,0.9700,,20190401_00118950_Manager_Student_Engagement.docx,
4fd9d1d8-9bce-5e55-9569-1ca84e32acb2,Program Coordinator - MBA Careers,2,2,"Career Management Centre (CMC), Beedie School of Business (BSB)",False,,False,,,False,aligned,0,near_duplicate,0.9237,,20130213_00112972_Prgm_Coord_MBA_Careers.docx,
5019ee62-c304-5abc-bd5f-2711ae7f1fa4,"Coordinator, Public Health Program",2,1,Faculty of Health Sciences (FHS),False,,False,,,False,aligned,0,near_duplicate,0.9062,,20140725_00113883_Coord_Public_Health.docx,
501de500-a7e7-5908-9035-b13fa35fa051,"Director, Human Rights Office",2,1,"Human Rights, Office of the University Secretary",False,,False,0,4,False,aligned,0,near_duplicate,0.9255,,20170619_00000493_Director_Human_Rights_Office.docx,
503e3b87-ad4d-532a-90e1-b81541f034c9,"Manager, Advising and Curriculum Support",2,1,,False,apsa,False,0,3,False,aligned,0,near_duplicate|role_equivalent,0.8768,,20230823_00134686_JDFN_APSA_20230823.docx,
5047b809-42aa-52eb-be2d-50975b123c1e,Untitled Position,2,2,Facilities Services,False,cupe,False,,,False,aligned,0,role_equivalent,0.8364,,20160712_00105985_Technician.docx,
505a0e58-40b1-50e0-b056-11944352bf0a,Untitled Position,2,1,Linguistics,False,cupe,False,,,False,aligned,0,role_equivalent,0.8103,,20080808_00101639_Clerk_Typist.doc,
5062bd61-81bd-5366-9a2d-b720915ec488,"Director, MECS",2,1,"Ancillary Services, Meetings, Event, Conferences Services",False,apsa,False,0,4,False,aligned,0,near_duplicate|role_equivalent,0.9700,,20190108_00031273_Director_MECS.docx,
508e598c-b026-536a-a7e0-1c1525e958c1,Untitled Position,2,1,,False,cupe,False,,,False,aligned,0,near_duplicate,1.0000,,20020521_00001388Library_assistant.doc,
50a149ba-da3d-5fea-83a9-9d9bb0224956,Untitled Position,2,1,,False,cupe,False,,,False,aligned,0,near_duplicate|role_equivalent,0.9635,,20030123_00000625Secretary.doc,
50b5e4aa-ef6d-515c-ad9e-e7adfb497e69,"Manager, Campus Sustainability",2,1,Office of Sustainability,False,apsa,False,0,3,False,aligned,0,near_duplicate|role_equivalent,1.0000,,20170307_00116396_Manager_Campus_Sustainability.docx,
510440f5-6883-5b72-a294-9a602a96ebd9,"Manager, Digital Strategy",2,1,Beedie School of Business,False,,False,0,3,False,aligned,0,near_duplicate,0.8575,,20161209_00120194_Manager_Digital_Strategy.docx,
510adfb6-17cb-530c-8c05-6b02be09661a,"Executive Assistant, Vice Provost Students and International",2,1,,False,apsa,False,0,0,False,aligned,0,near_duplicate|role_equivalent,0.8944,,20201116_00129501_JDFN_APSA_20201111.docx,
516c99c6-319d-5ca1-9479-a4b0be846e92,"Manager, Academic & Administrative Services",2,1,School of Resource and Environmental Management (REM),False,,False,0,3,False,aligned,0,near_duplicate,1.0000,,20110524_00030953_Mgr_Acdmc_Admin_Serv.docx,
51f63317-e019-5e3d-bd3c-11d63c8a27af,Equipment Assistant,2,1,,False,poly,False,0,0,False,aligned,0,exact|role_equivalent,0.9700,,20200216_Equip_Assist_JDFN_POLY_20200216.docx,
52408ba2-e119-5d3e-806b-e5dcbdb3fb5a,Project Manager,2,1,"RADIUS, Beedie School of Business",False,apsa,False,0,3,False,aligned,0,near_duplicate|role_equivalent,1.0000,,20190515_00125636_Project_Manager.docx,
527f8b5e-2132-5ee6-9f3b-f6fe521caf41,"Director, Health and Counselling Services",2,1,Health & Counselling Services,False,apsa,False,0,4,False,aligned,0,near_duplicate|role_equivalent,1.0000,,20190719_00030814_Director_Health_Counselling.docx,
5291de89-d2f3-5058-9463-2efaefe086ae,Chief Safety Officer,2,1,"Office of the Vice-President, Finance and Administration",False,,False,0,5,False,aligned,0,near_duplicate,0.9806,,20100826_00108148_Chief_Safety_Officer.docx,
52c80ee8-90d9-5269-a858-6578ec4a3af7,"Coordinator, Appeals",2,1,AVPSI Registrar and Information Services,False,apsa,False,,,False,aligned,0,near_duplicate|role_equivalent,0.9700,,20181126_00125037_Coordinator_Appeals.docx,
52d73175-54b1-578a-8359-4ce6f6de2995,Database Administrator,2,1,,False,apsa,False,,,False,aligned,0,role_equivalent,0.9082,,20100515_00001604_JDFN_APSA_20100515.docx,
52faa8d2-42dc-5d0d-94d2-a2f21c4ee798,Budget Coordinator,2,1,Library Management,False,,False,,,False,aligned,0,near_duplicate,0.9951,,20140908_00001654_Budget_Coordinator.docx,
533a0ce8-7629-52f8-bb73-bfa673ad07ab,Business Analyst,2,1,,False,apsa,False,,,False,aligned,0,near_duplicate|role_equivalent,0.9862,,20200928_00117327_JDFN_APSA_20190922.docx,
53b4131f-10c7-5ee7-948c-9a32534d9132,"The Manager, Collections, acts as a subject matter expert.  Develops, recommends and implements strategies for the effective collection of student accounts receivable while creating an environment tha",2,1,,False,,False,0,3,False,aligned,0,near_duplicate|role_equivalent,1.0000,,20190719_00106206_Manager_Collections.docx,
5420c9ef-8c4c-579e-894d-6aa656734215,"Assistant Manager, Facilities Services",2,1,SFU Surrey Facilities Services,False,,False,0,3,False,aligned,0,near_duplicate,0.9892,,20161212_00120413_Assistant_Manager_Facilities_Srvs.docx,
54353efa-8ed6-5d8b-ad51-089a96cbd339,"Associate Director, Technology and Facilities",2,1,Faculty of Applied Sciences – Office of the Dean,False,apsa,False,0,3,False,aligned,0,near_duplicate|role_equivalent,1.0000,,20190113_00125157_Assoc_Dir_Tech_Facilities.docx,
54b82af0-94f7-5ec7-a558-96fef1af357c,"Manager, Academic and Administrative Services",2,1,School for the Contemporary Arts,False,apsa,False,0,3,False,aligned,0,near_duplicate,1.0000,,20160607_00030115_Manager.docx,
5584d89a-07e7-5f61-ba26-8f2a22000848,"Director, University Projects",2,1,AVP Finance Administration,False,,False,0,4,False,aligned,0,near_duplicate,0.9771,,20160322_00118742_Director_University_Projects.docx,
55d0f89b-b460-5d27-ae88-5bb1b02695e3,"Manager, Operations & Projects",2,2,,False,apsa,False,0,3,False,aligned,0,role_equivalent,0.8733,,20231017_00000063_JDFN_APSA_20231214.docx,
55e38fcd-4465-5036-b7bb-a21fdebe1225,"Laboratory Engineer, Mechatronics",2,1,"School of Engineering Science,",False,apsa,False,,,False,aligned,0,near_duplicate,0.9274,,"20080303_102737,_Laboratory_Engineer.doc",
5652f5f4-d905-51d9-a36e-9fd8b26d11e8,Travelling Therapist,2,1,,False,apsa,False,,,False,aligned,0,near_duplicate|role_equivalent,0.9850,,20240131_131236^133693_JDFN_APSA_20240410.docx,
57096b27-0bd4-506f-a127-26e976681f38,Assistant,2,1,Human Resources,False,apsa,False,0,0,False,aligned,0,near_duplicate|role_equivalent,0.9700,,20171003_00122487_JDFN_APSA_20171002.docx,
5756955f-c181-567f-92d0-2536493ce288,Systems/Network Administrator,2,1,,False,apsa,False,,,False,aligned,0,near_duplicate|role_equivalent,1.0000,,20251023_00101827_JDFN_APSA_20260106.docx,
578dfa7f-870f-5912-84a1-dd6d4f6b8596,Undergraduate Advisor,2,1,,False,apsa,False,,,False,aligned,0,near_duplicate|role_equivalent,0.9900,,20230922_00097705_JDFN_APSA_20231003.docx,
580f334f-aa43-566e-a0a3-d82e8e874f37,"Coordinator, Undergraduate Records",2,1,,False,apsa,False,,,False,aligned,0,near_duplicate|role_equivalent,1.0000,,20240704_00115971_00135866_JDFN_APSA_20240705.docx,
583a832d-a3fe-58bd-84d3-d49b07fdfa1f,Web Services Developer,2,1,Teaching and Learning Centre Administration,False,,False,,,False,aligned,0,exact,1.0000,,20180829_00124362_Web_Services_Developer.docx,
586a7048-f7f3-5360-bf0e-d1e3555619bc,"Associate Director, Leadership and Community Building Programs",2,1,"Leadership and Community Building Programs, Lifelong Learning",False,apsa,False,0,3,False,aligned,0,near_duplicate,0.9734,,20170614_00118178_Associate_Director.docx,
58a9b003-226c-5a95-b127-788305023d4f,"Director, Administration & Real Estate Services",2,1,Facilities Services,False,,False,0,4,False,aligned,0,near_duplicate,0.9746,,20120625_00105748_Dir_Admn_Real_Estate_Srvcs.doc,
58dcde7d-a116-5e6a-93fb-98fb5652c247,"Manager, Centre for Dialogue",2,1,Centre for Dialogue,False,,False,0,3,False,aligned,0,near_duplicate,0.9423,,"20130327_00101586,_Manager,_Centre_for_Dialogue.doc",
591a7805-a02e-5450-9963-1c80bc32e541,"Manager, Strategic Operations",2,1,SFU International,False,apsa,False,0,3,False,aligned,0,near_duplicate|role_equivalent,1.0000,,20190526_00126090_Manager_Strategic_Operations.docx,
59decc09-67d3-5c96-aa11-a2f6385b81b8,Career Education Manager,2,1,"Careers & Volunteers, Student Success & Strategic Support",False,apsa,False,0,3,False,aligned,0,near_duplicate|role_equivalent,1.0000,,20180731_00063039_Career_Education_Manager.docx,
5afab907-2e1d-577e-a0b4-7ae35af9b575,"Director, Administrative Services",2,2,Office of the Dean of Graduate Studies,False,,False,0,4,False,aligned,0,near_duplicate,0.9537,,20110124_00109014_Dir_Admin_Services.docx,
5b4696c1-4569-5d50-99d8-012fa90a3831,Undergraduate Program Assistant/Financial Assistant,2,1,Archaeology,False,cupe,False,0,0,False,aligned,0,role_equivalent,0.9222,,20150424_00104540_Secretary.docx,
5b4ca65d-dcf7-5e4d-81ce-c804fa667c4a,"Manager, Information Systems/Technology",2,1,"Learning and Teaching Technology, Centre for Educational Excellence",False,apsa,False,0,3,False,aligned,0,near_duplicate|role_equivalent,1.0000,,20190715_00125684_Mgr_Information_Systems_Technology.docx,
5bc04755-6c9f-5c7a-a3af-183a6c13cc18,"Director, Research Security",2,2,,False,apex,False,0,4,False,aligned,0,near_duplicate|role_equivalent,0.9024,,20230717_00134491_JDFN_APEX_20230717.docx,
5bc8fc14-9c8b-576d-b462-4dd77637cc4f,Untitled Position,2,1,,False,cupe,False,,,False,aligned,0,near_duplicate,0.8612,,20000316_00031911Clerk_Typist.doc,
5c1b2655-d50d-5ddf-9f16-d8d476ab7a77,"Director, Centre for Online & Distance Education",2,1,Lifelong Learning,False,,False,0,4,False,aligned,0,near_duplicate,0.8712,,20140627_00007509_Director_CODE.docx,
5c317e9e-61b7-5ddb-97f0-394bfd3700a0,"Manager, Academic & Administrative Services",2,1,Statistics and Actuarial Science,False,,False,0,3,False,aligned,0,near_duplicate,0.9888,,20070417_00000975_Mgr_Academic_Admin_Serv.doc,
5c317ede-69bb-5624-97bc-a5d23ad22c21,"Instructional Developer, Learning & Instructional",2,1,,False,,False,,,False,aligned,0,near_duplicate,0.9894,,20010815_00001177Instructional_developer.doc,
5c4346eb-6a33-5721-93d4-8ea2074b3727,"Director, Campus Planning & Development",2,1,Facilities Services,False,,False,0,4,False,aligned,0,near_duplicate,0.9862,,20120625_00006078_Dir_Campus_Planning__Dvlp.docx,
5c6d3a8a-d27a-51c3-9c0a-002a77da6138,Untitled Position,2,2,,False,cupe,False,,,False,aligned,0,near_duplicate,0.9564,,20070423_00001667_Library_Asst_23Apr07.doc,
5d2b396c-e13a-50cc-b0fd-e8c78a2d926a,"Manager, Student Development & Engagement",2,1,Beedie School of Business,False,apsa,False,0,3,False,aligned,0,near_duplicate|role_equivalent,1.0000,,20190317_00124580_Mgr_Stdt_Dvlpmt_Engagement.docx,
5da01d5d-564b-5e7f-9fed-31dfb18484b6,"Coordinator, Liberal Arts & Adults 55+ Program",2,1,Lifelong Learning,False,,False,,,False,aligned,0,near_duplicate,0.9914,,20150410_00102179_Coord_Lbrl_ArtsAdlts_55_Prgm.docx,
5dcd95be-3940-57a6-a4a7-e09926512bf9,Untitled Position,2,1,,False,cupe,False,,,False,aligned,0,near_duplicate,0.8680,,20040426_00031983Secretary.doc,
5e9061f1-3b0d-52fa-bdab-8c8666a17098,"Director, Advancement (Faculty of Science)",2,1,University Advancement,False,cupe,False,0,4,False,aligned,0,near_duplicate,0.9771,,20181011_00108675_Dir_Advancement.docx,
5ed4099b-2404-52e7-94b5-3084db05c179,Untitled Position,2,1,,False,cupe,False,,,False,aligned,0,near_duplicate|role_equivalent,0.9600,,20031219_00001761Secretary.doc,
5ee15020-86be-5d77-b85d-8519378938c2,Untitled Position,2,1,,False,cupe,False,,,False,aligned,0,near_duplicate,0.9327,,20040322_00001823Program_assistant.doc,
5eee30e7-46bc-5377-89d0-7da2dccf9f78,Untitled Position,2,1,,False,cupe,False,,,False,aligned,0,near_duplicate,1.0000,,19970701_00076029Dupl_equip_operator.doc,
5f08618a-f160-58de-a14a-4a04acc0f17c,"Associate Director, Financial Services",2,1,Financial Services,False,,False,0,3,False,aligned,0,near_duplicate,0.8974,,20100629_00001634_Assoc_Director_Fin_Services.docx,
5f238ca6-4c2f-57ba-859b-6701a56d9488,Information Technology Professional II,2,1,Enterprise Systems – Application Services Position Reports To (Title): Information Technology Professional IV,False,apsa,False,,,False,aligned,0,near_duplicate|role_equivalent,0.9760,,20150807_00117641_ITP_II.docx,
5f5358d3-7243-51cb-b2f0-04cb629d18e5,"Manager, Planning & Analysis",2,2,,False,apex,False,0,3,False,aligned,0,role_equivalent,0.8750,,20250121_00136529_00136530_JDFN_APEX_20240114.docx,
6089b639-90fa-5087-8c24-81b5b9766793,Operating Systems Consultant II,2,1,School of Computing Science,False,,False,,,False,aligned,0,near_duplicate,0.9771,,20020901_00001528Operating_systems_conII.doc,
60b86e05-ce92-5e56-bd10-1a0912fac7fd,"Director, Advancement (Faculty of Business",2,1,University Advancement,False,cupe,False,0,4,False,aligned,0,near_duplicate,0.8689,,20050303_00000603Director_advancement(busadmn).doc,
611a186e-f554-5688-8d69-c5e97ac40de4,"Manager, Budget & Financial Analysis",2,1,Faculty of Education,False,,False,0,3,False,aligned,0,near_duplicate,0.9636,,20160304_00118679_Mgr_Budget_Financial_Analysis.docx,
614d229b-8c29-5509-8198-a4465b5837e4,"Senior Manager, Graduate Studies and Research",2,1,"Graduate Studies and Research, Faculty of Education",False,cupe,False,0,3,False,aligned,0,near_duplicate,1.0000,,20150922_00111099_Snr_Mgr_Grad_Studies_Rsch.docx,
615a375b-4ef4-5065-bc9e-ae3710b2b8de,"Coordinator, Academic Integrity",2,1,Senate and Academic Services,False,apsa,False,,,False,aligned,0,near_duplicate|role_equivalent,1.0000,,20190303_00125569_Coordinator_Academic_Integrity.docx,
61753df2-66a1-5d75-9554-ea56b7f852f8,"Business Analyst, Medical Education Technology",2,1,,False,apsa,False,,,False,aligned,0,near_duplicate|role_equivalent,1.0000,,20260410_00136764_00138452_JDFN_APSA_20260429.docx,
61a26090-ab40-5c2e-a1d3-254eabba3106,Communications and Marketing Officer,2,1,,False,apsa,False,,,False,aligned,0,near_duplicate|role_equivalent,0.9957,,20230627_00134502_00134503_JDFN_APSA_20230627.docx,
61b4071b-8800-5d28-a6ea-028970b722ce,Untitled Position,2,1,,False,cupe,False,,,False,aligned,0,near_duplicate,0.9761,,19970701_00000114Data_conversion_operator.doc,
6336c7b7-e6b6-5764-936b-d432ce2f4fb2,Chair’s Secretary,2,1,Psychology,False,cupe,False,,,False,aligned,0,near_duplicate|role_equivalent,0.9708,,20150119_00000514_Secretary.docx,
63465d37-283d-5c20-ad90-fc0e5cd56022,"Program Assistant, CANSSI",2,1,Statistics and Actuarial Science,False,cupe,False,0,0,False,aligned,0,near_duplicate|role_equivalent,0.9560,,20200930_00129328_JDFN_CUPE_20200910.docx,
6353953b-44fb-5595-bdd2-a909e4c12d3a,Untitled Position,2,1,,False,cupe,False,,,False,aligned,0,near_duplicate,0.9667,,20050531_00000374Technician_.doc,
63bd5b44-3729-523e-a7c6-f46d17dcd118,"Manager, Dining Facilities Projects",2,1,Ancillary Services,False,apsa,False,0,3,False,aligned,0,near_duplicate|role_equivalent,1.0000,,20181014_00123352_Manager_Dining_Facilities.docx,
643552dd-e60f-5352-995a-ccc19756104b,"Coordinator, Web Development Services",2,1,"Communication Services, Student Services",False,,False,,,False,aligned,0,near_duplicate,0.9760,,20140827_00115668_Coord_Web_Dvlp_Srvcs.docx,
64f26329-4448-5f01-a1f0-1193620dfb4c,Student Affairs Coordinator,2,1,Faculty of Applied Sciences,False,,False,,,False,aligned,0,exact,1.0000,,20100820_00102285_Student_Affairs_Coordinator_Gr_7.doc,
6546a35d-710d-5a92-b638-ee6bb1e70ae6,Manager Strategic Initiatives and Operations (Big Data),2,1,"KEY, SFU’s Big Data Initiative, VPR",False,apsa,False,0,3,False,aligned,0,near_duplicate|role_equivalent,1.0000,,20171216_00120299_Manager_Strategic_Initiatives_Operations.docx,
65dea71e-19da-5850-84d8-a90f630c89f1,Communications Associate,2,1,Graduate and Postdoctoral Studies,False,apsa,False,0,1,False,aligned,0,near_duplicate|role_equivalent,1.0000,,20190519_00126203_Communications_Associate.docx,
65fdb51a-1eda-5bc8-9d81-48326e58c40f,Untitled Position,2,1,,False,cupe,False,,,False,aligned,0,near_duplicate|role_equivalent,0.9859,,20021101_00000769Technician.doc,
664f372e-ebfa-5343-a47a-37b6c319e98b,Office Assistant,2,1,Psychology,False,cupe,False,0,0,False,aligned,0,role_equivalent,0.8677,,20150218_00000513_Clerk_Typist.docx,
665e87ec-c3a4-5d5e-9443-b5727ef25133,Untitled Position,2,1,,False,cupe,False,,,False,aligned,0,near_duplicate,0.9365,,20010901_00062846Clerk.doc,
6739645e-2655-52ee-bed3-e1f5f4eb64a9,"Director, Gift and Estate Planning",2,1,University Advancement,False,apsa,False,0,4,False,aligned,0,near_duplicate|role_equivalent,1.0000,,20181021_00099537_Director_Gift_Estate_Planning.docx,
68b4f4b1-b6fd-566b-b14c-d8a46df19909,Untitled Position,2,1,,False,cupe,False,,,False,aligned,0,near_duplicate,0.9330,,20080411_30722_Clerk_gr7_HC_Operations.doc,
68dcf1ff-5afa-50fc-9907-0444e2116f75,Administrative Coordinator,2,1,International Services for Students,False,,False,,,False,aligned,0,near_duplicate,0.9876,,20140926_00030393_Admin_Coordinator.doc,
6924dae1-7b4a-5754-ab57-299c3840d4ad,Administrative Coordinator,2,1,"Office of the Dean, Faculty of Health Sciences",False,,False,,,False,aligned,0,near_duplicate,0.9934,,20060427_00099527Administrative_Coordinator.doc,
6927688a-6e84-5b01-a732-e26189e7055c,Office Administrator,2,1,Faculty of Education,False,cupe,False,,,False,aligned,0,role_equivalent,0.9513,,20101124_00006141_Secretary.docx,
697483ad-007f-534b-bb31-98d48f71b3d5,"Director, Administration",2,1,"Office of the Dean, Faculty of Health Sciences",False,apsa,False,0,4,False,aligned,0,near_duplicate,0.9813,,20130930_00001744_Director_Administration.docx,
6995c96f-835c-5319-82a8-1b12c8969328,"Associate Director, Marketing and Communications",2,1,Athletics and Recreation Administration,False,apsa,False,0,3,False,aligned,0,exact|role_equivalent,1.0000,,20171011_00103257_Assoc_Dir_Marketing_Communications.docx,
6a02bbbc-95de-5bc7-a55c-41f19bf9664c,Untitled Position,2,1,,False,cupe,False,,,False,aligned,0,near_duplicate,0.9889,,20011218_00030148Clerk_typist.doc,
6a054e04-b0aa-5d82-84e8-1f6afb99c47d,"Coordinator, Teaching & Learning, Graduate Programs",2,1,Beedie School of Business,False,,False,,,False,aligned,0,near_duplicate,0.9823,,20130919_00113919_Coord_Teaching___Learning_Grad_Programs.doc,
6a0a6eb9-043d-5a56-b9b5-d4c39c466390,"Associate Director, Student Services Operations",2,1,,False,apsa,False,0,3,False,aligned,0,role_equivalent,0.9685,,20220824_00131620_JDFN_APSA_20220824.docx,
6a0e6220-6441-5e13-841b-17e41b42fd56,Real Estate Analyst,2,1,Facilities Services,False,,False,,,False,aligned,0,near_duplicate,0.9807,,20151224_00118399_Real_Estate_Analyst.docx,
6a434f9c-05ec-5e82-92df-cb1deabccaeb,Project Coordinator,2,1,Vancouver Facilities Services,False,apsa,False,,,False,aligned,0,near_duplicate|role_equivalent,1.0000,,20181120_00102282_Project_Coordinator.docx,
6a4775dc-1b67-55ef-a5e0-19beb8ca34d1,"Coordinator, Dialogue and Engagement",2,1,,False,apsa,False,,,False,aligned,0,role_equivalent,0.9031,,20200319_00128141_JDFN_APSA_20200416.docx,
6aa8f76c-f9b8-5069-9158-00a2439197aa,Library Assistant,2,1,Library Reference Division,False,cupe,False,0,0,False,aligned,0,exact|role_equivalent,0.9850,,20121109_00000935_Library_Assistant.docx,
6bb20ff2-07be-5178-b9d1-edc434fb4ed9,Technician,2,2,School of Interactive Arts and Technology,False,cupe,False,,,False,aligned,0,near_duplicate|role_equivalent,0.9464,,20121022_00110816_Technician.docx,
6bc1bc5e-df38-51de-a4aa-22c8c63236ca,Systems Consultant,2,1,Library,False,,False,,,False,aligned,0,near_duplicate,1.0000,,20010427_00001090Systems_consultantI.doc,
6be60a8b-df08-5102-9cd3-6b7d3afa4982,"Specialist, Faculty and Leadership Development",2,2,,False,apsa,False,0,4,False,aligned,0,role_equivalent,0.9837,,20230816_00134611_JDFN_APSA_20230816.docx,
6c12d6cf-3a5c-56c0-8907-fdbbcd08277e,Undergraduate Advisor,2,1,English,False,,False,,,False,aligned,0,near_duplicate,1.0000,,20160219_00031722_Ugrad_Advisor.docx,
6c159552-f4be-508d-8ca9-ceba066a5332,Academic Advisor,2,2,Faculty of Science,False,,False,,,False,aligned,0,near_duplicate,0.9295,,20060105_00099504Coordinator.doc,
6c2b6d8e-ddbc-5f74-9255-48c5dfb0404a,Indigenous Academic & Student Liaison,2,1,FCAT Dean’s Office,False,apsa,False,,,False,aligned,0,near_duplicate|role_equivalent,1.0000,,20190519_00126204_Indigenous_Academic_And_Student_Liaison.docx,
6cbc91a6-651a-5fba-b5e3-2949d615539b,Knowledge Synthesis Specialist,2,1,,False,apsa,False,,,False,aligned,0,near_duplicate|role_equivalent,0.9405,,20250102_00136469_JDFN_APSA_20241230.docx,
6d6c855f-83ff-5c4f-b836-af618312cd3a,Assistant to the Director,2,1,Faculty of Education,False,,False,0,0,False,aligned,0,near_duplicate,0.9933,,20010406_00006710Asst_to_dir_prof_prog.doc,
6dd461ce-131d-5ae3-8c16-73f6691ef4ef,"Manager, Leadership Gifts",2,1,University Advancement,False,apsa,False,0,3,False,aligned,0,near_duplicate|role_equivalent,0.9700,,20181028_00119432_Manager_Leadership_Gifts.docx,
6e13ece8-4802-56fb-af96-dcbfed7c35a5,Manager Academic &,2,1,,False,cupe,False,0,3,False,aligned,0,near_duplicate|role_equivalent,0.9919,,20070425_00000515Secretary.doc,
6e5a8424-2c6b-5bc6-aced-3426d7b31604,Business Analyst,2,1,,False,apsa,False,,,False,aligned,0,near_duplicate|role_equivalent,0.9389,,20201125_00129759_JDFN_APSA_20201105.docx,
6e6843b4-dfd3-5c6a-bd60-4aa92e8c2e70,"Analyst, Prospect Research",2,1,University Development,False,cupe,False,,,False,aligned,0,exact|role_equivalent,0.9850,,20210321_00000566_00001022_00111444_00127625_JDFN_CUPE_20220309.docx,
6e8b87cf-bdf1-5f54-b129-f0739ee2ef8a,Communications Officer,2,1,"Business Marketing and Communications, Beedie School of Business",False,,False,,,False,aligned,0,near_duplicate,0.9853,,20111111_00108926_Communications_Officer.docx,
6ecf0f58-b1b4-55ef-8a09-be2624985e89,"Manager, Enterprise Systems",2,1,,False,apsa,False,0,3,False,aligned,0,near_duplicate|role_equivalent,0.9221,,20220621_00132596_JDFN_APSA_20220613.docx,
6f3c8602-4929-5c8d-8963-a0998f8922c2,Confidential Administrative Professional II (Confidential Receptionist),2,1,Human Resources,False,apsa,False,,,False,aligned,0,near_duplicate,0.8596,,20140225_00006706_Conf_Admn_Professional_II.docx,
6fc2c778-1e3c-50e3-99a6-2b2f99cf0331,Transfer Credit Coordinator,2,1,Student Recruitment and Admissions,False,cupe,False,,,False,aligned,0,near_duplicate|role_equivalent,0.9801,,20200414_00001429_JDFN_CUPE_20191129.docx,
6fd6ad5f-dd85-5a4e-8781-cdc47e602133,"Analyst, Policy and Academic Affairs",2,1,,False,apsa,False,,,False,aligned,0,exact|role_equivalent,1.0000,,"20200520_00112053,_00129705_JDFN_APSA_20200924.docx",
7010f576-3962-53d8-9c5e-1407566add7f,"Associate Director, Campaigns",2,1,,False,apsa,False,0,3,False,aligned,0,role_equivalent,0.9851,,20221130_00133490_JDFN_APSA_20221101.docx,
7027275e-cab0-58ae-bbcd-ab846f33e45d,"Manager, Office of Research Ethics",2,1,Office of Research Ethics,False,apsa,False,0,3,False,aligned,0,near_duplicate|role_equivalent,1.0000,,20180613_00064925_Manager_Research_Ethics.docx,
70ac5c78-4d21-594a-be5c-2bdcb10da964,Administrative Coordinator,2,1,Institute for the Study of Teaching and Learning in the Disciplines,False,,False,,,False,aligned,0,near_duplicate,0.9808,,20150326_00116895_Administrative_Coord.docx,
70e22ba4-fa2e-555d-a85e-02d319c246e5,"Director, Client Services,",2,1,Information Technology Services,False,,False,0,4,False,aligned,0,near_duplicate,0.9933,,20131101_00114505_Director_Client_Services.docx,
70e493f9-8134-5d22-880c-1d17295e1341,Untitled Position,2,1,,False,cupe,False,,,False,aligned,0,near_duplicate|role_equivalent,0.8667,,20040421_00001781Library_Assistant_.doc,
7235d845-1a5a-56e7-a4af-63a8a0a0a3d7,"Associate Director, Advancement, Faculty of Science",2,2,,False,apsa,False,0,3,False,aligned,0,role_equivalent,0.9650,,20250912_00137549_JDFN_APSA_20250911.docx,
72417ca7-0ede-5474-bac7-664a16bbc678,"Program Manager, EHRS (Hazardous Building Materials)",2,1,Environmental Health & Research Safety,False,apsa,False,0,3,False,aligned,0,near_duplicate|role_equivalent,1.0000,,20180226_00123299_Program_Manager_EHRS.docx,
72a9bff4-61bc-5d63-a7c6-7b267b63888f,Untitled Position,2,1,,False,cupe,False,,,False,aligned,0,near_duplicate,1.0000,,20031113_00001598Technician.doc,
72d0bbe8-7928-58cf-9baf-aa214d3fb916,Untitled Position,2,1,School for the,False,cupe,False,,,False,aligned,0,near_duplicate|role_equivalent,1.0000,,20090527_00000645_Clerk.doc,
731abaf1-26be-5c10-825f-5ddaf1d80422,"Manager, Audience and",2,2,SFU Woodward’s,False,,False,0,3,False,aligned,0,near_duplicate,0.8778,,20101112_00001561_Manager.doc,
733fd1ae-ebbd-5564-9fcf-c25f21302749,Untitled Position,2,1,,False,cupe,False,,,False,aligned,0,near_duplicate,0.8873,,20000411_00001029Clerk.doc,
734ee61d-db7f-5178-8bf7-a60de71c6187,Untitled Position,2,1,,False,cupe,False,,,False,aligned,0,near_duplicate,1.0000,,20010101_00000911Library_assistant.doc,
735b4de9-92f6-5494-a6ee-9ecfacd88fb5,Research Grants Facilitator,2,1,"Faculty of Education, Dean’s Office",False,apsa,False,,,False,aligned,0,near_duplicate,0.9334,,20190901_00102478_Research_Grants_Facilitator_(3).docx,
73856293-2fd4-54e9-81d0-c6f32c0b6dc9,Co-op Education Coordinator - Online Community,2,1,Work Integrated Learning,False,,False,,,False,aligned,0,near_duplicate,0.9513,,20150303_00097828_Coop_Educ_Coord.docx,
7407c0c8-6a9b-5d30-970f-1a2a67e43fc5,Systems Consulting III Job Description. 1,2,1,,False,,False,,,False,aligned,0,near_duplicate,0.9123,,20020405_00001354Systems_consultantIII.doc,
746c6f1d-a3f4-57f2-9a8a-28497e9d7ed0,"Director, Environmental Medicine & Physiology Unit (EMPU)",2,1,Faculty of Science,False,,False,0,4,False,aligned,0,near_duplicate,0.9373,,20130819_00000674_Director_EMPU.docx,
74729346-84ad-5ce0-ab84-385360e11507,"Associate Director, Electrical",2,2,,False,apsa,False,0,3,False,aligned,0,role_equivalent,0.9329,,20230104_00128002_JDFN_APSA_20230207_(1).docx,
74e43ddf-228c-56ee-a750-7fd44b0ae64a,"Program Coordinator, International Education",2,1,Education Strategic Initiative,False,apsa,False,,,False,aligned,0,near_duplicate|role_equivalent,1.0000,,20180708_00123754_Prgrm_Coord_Intl_Education.docx,
753758a2-ac92-543c-9be5-983e86856db8,"Manager,",2,1,Registrar & Information Services @Vancouver,False,,False,0,3,False,aligned,0,near_duplicate,0.8861,,20080327_00030527_Manager_Reg_Info_Services.doc,
75ad8395-0110-5e2b-8bfb-f92486a94ec3,Untitled Position,2,1,,False,cupe,False,,,False,aligned,0,role_equivalent,0.8800,,20050214_00097280Secretary.doc,
75cd8e9a-612c-5114-9bbd-9efdeb0da7db,"Associate Director, Indigenous Student Centre",2,1,Indigenous Student Centre,False,apsa,False,0,3,False,aligned,0,near_duplicate|role_equivalent,1.0000,,20180208_00123210_Associate_Director_Indigenous.docx,
75e46334-8761-5186-a45a-6f944eabaaa2,Driver / Stores Assistant,2,1,,False,poly,False,0,0,False,aligned,0,near_duplicate|role_equivalent,0.9850,,20200216_Driver_Stores_Assist_JDFN_POLY_20200216.docx,
7661e576-fc6b-5d27-9a48-a6c782cddc68,Business Analyst I,2,1,University Advancement,False,,False,,,False,aligned,0,near_duplicate,0.9381,,20140411_00115074_Business_Analyst_I.docx,
77719730-174a-5082-9784-59ba24865715,Junior Business Analyst,2,1,,False,apsa,False,,,False,aligned,0,near_duplicate|role_equivalent,0.8797,,20221201_00126785_JDFN_APSA_20230907.docx,
77806230-8aa5-5785-bcf8-9780bf40a34f,"Head Coach, Track & Field / Cross Country",2,1,,False,apsa,False,,,False,aligned,0,near_duplicate|role_equivalent,0.9206,,20221024_00000223_JDFN_APSA_20230328.docx,
7786ea9e-baa7-5ea1-b406-f6c07fb917d5,Endpoint Device Specialist,2,1,,False,apsa,False,,,False,aligned,0,near_duplicate|role_equivalent,1.0000,,"20210208_00096958,_00127124,_00126970_JDFN_APSA_20190829.docx",
7823d7f8-4e64-5c9a-b388-5a9dbef8fe67,"Director, Administration",2,1,"Faculty of Communication, Art and Technology",False,apsa,False,0,4,False,aligned,0,near_duplicate,0.9317,,"20090119_00105510_Director,_Administration.doc",
783cc922-4c48-5637-a108-bf0c67ed5385,Overnight Residence Assistant,2,1,Residence Life,False,cupe,False,0,0,False,aligned,0,near_duplicate|role_equivalent,0.9700,,"20210712_00130837,_00130838_JDFN_CUPE_20210527.docx",
786bdd73-d599-5827-bbe9-7fc71c4808d2,"Associate Director, Public Knowledge Project",2,2,,False,apsa,False,0,3,False,aligned,0,role_equivalent,0.9461,,20210531_00123053_JDFN_APSA_20210628.docx,
786f3bbf-8cd1-5b4e-be29-7609ce32c347,Director Business Analysis and Assessment,2,1,AVPSI Policy and Business Analysis,False,apsa,False,0,4,False,aligned,0,near_duplicate|role_equivalent,1.0000,,20190326_00001579_Director_Business_Policy_Analysis.docx,
78704c27-4f7c-5a3a-8e70-73e1d40d8051,Systems Consultant III,2,1,Academic Computing Services,False,,False,,,False,aligned,0,near_duplicate,0.9746,,19980107_00001220Systems_consultantIII.doc,
788653a1-4184-5cf9-9c61-ed73a29605f0,"Assistant Director, Digital Communications",2,1,,False,apsa,False,0,4,False,aligned,0,near_duplicate,0.9106,,20201218_00119461_JDFN_APSA_20201218.docx,
78b4f37c-0e7a-58cf-88ef-2019658884a5,Untitled Position,2,1,VP Finance &,False,cupe,False,,,False,aligned,0,near_duplicate|role_equivalent,0.9683,,20071129_1167_Final.doc,
78f3ef75-3195-5293-bca5-30f8d6af2ec6,"Manager, Archaeology Laboratories",2,2,Archaeology,False,,False,0,3,False,aligned,0,near_duplicate,0.9240,,20160324_00030186_Manager.docx,
7906626b-71d1-5b06-b5df-fa3ddec094bc,Communications Associate,2,1,Education Office of the Dean,False,apsa,False,0,1,False,aligned,0,near_duplicate|role_equivalent,1.0000,,20170921_00122054_Communications_Associate.docx,
792acd18-a632-56a7-b1e7-ae58e4bd86d7,"Producer, Cultural Programs",2,1,Cultural Unit – SFU External Relations,False,apsa,False,,,False,aligned,0,near_duplicate|role_equivalent,0.9850,,20170407_00121141_Producer_Cultural_Programs.docx,
796eebcb-85cb-5fc0-86be-9aeca15b5dd5,"Coordinator, Industrial Internship Program",2,1,Engineering Science,False,,False,,,False,aligned,0,near_duplicate,0.9083,,20020801_00000942Coord_indust_intnshp_prg.doc,
79af2ae6-d5c0-5672-919c-be70ec190327,"Planning, Project, & Business Analyst",2,1,,False,apsa,False,,,False,aligned,0,near_duplicate,0.9766,,20201016_00119078_JDFN_APSA_20201016.docx,
79c8f470-6cb3-590c-8ab7-93c4f6b1a7b3,Untitled Position,2,1,,False,cupe,False,,,False,aligned,0,near_duplicate,0.9416,,20060814_00000952Technician.doc,
7a243bc4-ee05-5603-9d7a-4a83ad742f55,"Director, Accounting Operations",2,1,,False,apsa,False,1,3|4,False,aligned,0,role_equivalent,0.8696,,20241028_00136324_JDFN_APSA_20241024.docx,
7a3e1b52-eb28-5194-8511-cf1f5d610a75,"Manager, Civil Trades",2,1,Facilities Management,False,,False,0,3,False,aligned,0,near_duplicate,0.9509,,20140115_00114553_Manager_Civil_Trades.docx,
7a46f1c4-3870-5edd-9aaa-0834f5e30fa1,"Assistant Director, Major Projects",2,1,Campus Planning & Development,False,,False,0,4,False,aligned,0,exact,1.0000,,20070208_000101710Asst_Dir_Major_Proj_Camp_Planning___Dev.doc,
7acddad3-44da-5bb6-8fe2-abff45f4054c,Technical Support Specialist,2,1,,False,apsa,False,,,False,aligned,0,near_duplicate|role_equivalent,1.0000,,20241122_00136475_JDFN_APSA_20241122.docx,
7af38e4c-ce53-5d48-88f9-e8064bed7a18,"Director, Total Rewards",2,2,,False,apex,False,0,4,False,aligned,0,near_duplicate|role_equivalent,0.8996,,20210901_00007508_JDFN_APEX_20210409.docx,
7b037a90-cbe2-5149-9000-bc029402c2d8,"Associate Director, Residence Life",2,1,Residence and Housing,False,,False,0,3,False,aligned,0,near_duplicate,1.0000,,20160211_00064168_Assc_Dir_Residence_Life.docx,
7b45787a-ac27-5e2f-a1bc-503730df3a44,"Assistant Director, Mechanical & Electrical",2,1,Facilities Services,False,,False,0,4,False,aligned,0,near_duplicate,0.9626,,20161107_00001755_Assistant_Director.docx,
7b5c58a1-44d1-5289-ad23-9a4af6b86d43,"Associate Director, Residence Housing Services",2,1,Residence & Housing,False,,False,0,3,False,aligned,0,near_duplicate,1.0000,,20160113_00118179_Assoc_Dir_ResHousing_Srvs.docx,
7bc8faef-856d-5505-8c00-d5b3d7487493,"Senior Advisor, Recruitment, Retention, and Advising",2,1,"Faculty of Communication, Art & Technology (FCAT)",False,,False,,,False,aligned,0,near_duplicate,0.9563,,20120629_00111774_Senior_Advisor.doc,
7bd70772-9cd4-5b89-9e37-9f412d239817,Writing Services Coordinator,2,1,"Student Learning Commons, W.A.C Bennett",False,,False,,,False,aligned,0,near_duplicate,0.9247,,20080616_00099576_Writing_Services_Coordinator.doc,
7cee954c-1322-59da-8bf8-c67d78b1c3c2,"Director, Human Rights Office",2,1,,False,apex,False,0,4,False,aligned,0,role_equivalent,0.9990,,20220912_00000493_JDFN_APEX_20220919.docx,
7cf3378a-7a20-5e67-ab8f-44da4d51e073,Developer,2,1,,False,apsa,False,,,False,aligned,0,role_equivalent,0.8963,,20210111_00129981_JDFN_APSA_20201217.docx,
7d285755-4d11-5253-bad4-79171a1fb0c2,Marketing & Communications Assistant,2,1,Alumni Relations,False,cupe,False,0,0,False,aligned,0,near_duplicate|role_equivalent,0.9850,,20160420_00118974_Secretary.docx,
7d67f85a-c504-50c9-8d06-f4b9a3923b17,Administrative Coordinator,2,1,Lifelong Learning- Integrated Credit Studies and SFU NOW,False,apsa,False,,,False,aligned,0,near_duplicate,0.9513,,20190417_00031523_Admin_Coordinator.doc,
7e8ba23d-4782-5dbc-80fc-8584fdedcd96,"Coordinator, Communications and Events",2,1,School of Criminology,False,,False,,,False,aligned,0,near_duplicate,0.8667,,20150817_00114588_Coord_Cmmnctns_Events.docx,
7f3b305e-db65-5b54-acb6-42c8e19b2f04,"Associate Director, Athletics",2,1,AVPSI Athletics and Recreation Admin,False,apsa,False,0,3,False,aligned,0,near_duplicate|role_equivalent,1.0000,,20170719_00121881_Assoc_Dir_Athletics.docx,
7fac429f-5c81-5276-8561-ca156682d389,"Director, Marketing and Communications",2,1,Lifelong Learning,False,apsa,False,0,4,False,aligned,0,near_duplicate|role_equivalent,1.0000,,20180710_00103590_Director_Marketing_Communications.docx,
8053162f-0f5b-5b21-8875-59a504b971fa,"Manager, Student Enrollment",2,1,Registrar and Student Enrollment,False,apsa,False,0,3,False,aligned,0,near_duplicate|role_equivalent,1.0000,,20190404_00125742_Manager_Student_Enrollment_20190319.docx,
80622978-eef8-5cbf-8d17-aa7fb7a550f2,"Manager, Medical Education Facilities",2,1,,False,apsa,False,0,3,False,aligned,0,near_duplicate|role_equivalent,0.9896,,20241219_00136577_JDFN_APSA_20241219.docx,
806a1d11-e0f7-51a9-8547-a875f97c1c43,"Associate Director, Assessment and Instructional Design",2,1,Student Engagement and Retention,False,apsa,False,0,3,False,aligned,0,near_duplicate|role_equivalent,1.0000,,20190227_00097115_Assc_Dir_Assessment_Instructional_Design.docx,
809b2125-4c03-503a-a607-1e4af4e1fdff,"Coordinator, Incubator Programs",2,1,,False,apsa,False,,,False,aligned,0,role_equivalent,0.9967,,20230829_00134787_JDFN_APSA_20230828.docx,
80d06975-e0d6-5c13-a8f0-309e7d27b75b,Untitled Position,2,1,,False,cupe,False,,,False,aligned,0,near_duplicate|role_equivalent,0.9850,,"20070507_Maintenance_Scheduler,_gr_8,_Facilities.doc",
8127db16-fb9d-5c8d-acaa-8c432b903da4,Accreditation Officer,2,1,Vice-President Academic,False,,False,,,False,aligned,0,near_duplicate,1.0000,,20111220_00110757_Accreditation_Officer.docx,
81897357-688a-5dae-88c5-4769fbd5c6cf,"Manager, Academic & Administrative Services",2,1,Molecular Biology and Biochemistry,False,apsa,False,0,3,False,aligned,0,near_duplicate,0.9857,,20070417_00030785_Mgr_Academic_Admin_Serv.doc,
823b3c06-6522-50de-bb72-e2cc006016fe,"Coordinator, International Mobility",2,1,SFU International,False,,False,,,False,aligned,0,near_duplicate,0.9251,,20030613_00000288Coordinator_int_mobility.doc,
82c75c0f-7bd3-5d49-942e-6d7cf581f669,Business Analyst,2,2,,False,apsa,False,,,False,aligned,0,role_equivalent,0.9487,,20200925_00126028_JDFN_ASAP_20190414.docx,
82e5c2d0-8198-56d3-88d4-1d0e66b3af1a,Operations Supervisor,2,1,Harbour Centre Administration (Operations),False,,False,0,3,False,aligned,0,near_duplicate,0.9847,,20000505_00000840Operations_supervisor.doc,
82ec058b-816d-5a8d-9749-e55083aa47b8,"Coordinator, Dialogue Program",2,1,Lifelong Learning,False,,False,,,False,aligned,0,near_duplicate,0.9633,,"20111012_00001337_Coord,_Dialogue_Prgrms.doc",
83262a77-c911-577b-a1b8-20e29322aea6,Guest Services Assistant,2,1,Residence & Housing,False,cupe,False,0,0,False,aligned,0,near_duplicate|role_equivalent,0.9848,,20160122_00064368_Clerk.docx,
83398d41-18f4-50ff-8fa0-c799afabd400,Systems & Web Developer,2,1,Creative Services,False,,False,,,False,aligned,0,near_duplicate,1.0000,,20140223_00100906_Systems___Web_Developer.docx,
839da0fb-e6f8-57d5-94e4-3eb18f7a46e0,Business Analyst,2,1,"IT Services, Application Services",False,apsa,False,,,False,aligned,0,near_duplicate|role_equivalent,1.0000,,20171130_00001797_Business_Analyst.docx,
83cd6333-a5a8-5396-bb21-4ebba085bd7c,"Program Coordinator, Work Integrated Learning",2,1,Work Integrated Learning (WIL),False,apsa,False,,,False,aligned,0,near_duplicate|role_equivalent,1.0000,,20190127_00104291_Prgram_Coord_WIL.docx,
84127f62-ab4f-5523-8e3e-67cbe794d852,"Producer, Events Videography",2,1,Creative Services (SFU Vancouver),False,,False,,,False,aligned,0,near_duplicate,0.9891,,20141117_00116226_Producer_Events_Videography.docx,
84c6a428-7979-553c-89aa-f8394994e6e4,"Associate Director, Networks, Servers and Storage",2,1,Servers and Storage,False,,False,0,3,False,aligned,0,exact,1.0000,,20131031_00114508_Associate_Director_NSS.docx,
84ebc4fb-e56f-5c45-9abf-2967b59e57b2,Untitled Position,2,1,Beedie School of,False,cupe,False,,,False,aligned,0,role_equivalent,0.8325,,20120113_00110826_Clerk.doc,
85451810-d3a4-5c3e-ab18-e6514cfecc64,"Manager, Recruitment and Admission",2,1,,False,apsa,False,0,3,False,aligned,0,role_equivalent,0.8092,,20220615_00124159_JDFN_APSA_20211228.docx,
859a2080-d241-51d9-bf35-d95b730ddca0,"Coordinator, Research Grants",2,1,Faculty of Health Sciences,False,apsa,False,,,False,aligned,0,near_duplicate|role_equivalent,1.0000,,20171127_00122446_Coordinator_Research_Grants_20171123.docx,
85c5daa1-ea54-5f39-98cc-ef6cd7fb6df4,Untitled Position,2,1,,False,cupe,False,,,False,aligned,0,exact,1.0000,,"20070602_102072,__Clerk_gr_4.doc",
85c674dd-afd6-5bf3-ab59-7894a3333a66,Untitled Position,2,1,Classification & Grade,False,cupe,False,,,False,aligned,0,role_equivalent,0.9466,,20051116_00101906_Clerk.doc,
8600dd68-92f2-5208-9148-ce03feceb3a2,Communications Officer,2,1,Faculty of Education,False,apsa,False,,,False,aligned,0,near_duplicate,0.9569,,20060720_00100725Communications_Officer.doc,
877fa119-283f-5437-9b22-afa58f99325d,"Director, Faculty Relations Systems",2,2,,False,apex,False,0,4,False,aligned,0,role_equivalent,0.9593,,20201204_00006810_JDFN_APEX_20210412.docx,
87c9329d-9067-52da-b569-969cade2af23,"Director, Communications and Marketing",2,1,"Office of the Vice-President, Research",False,apsa,False,0,4,False,aligned,0,near_duplicate|role_equivalent,1.0000,,20190726_00123758_JDFN_APSA_20190821.docx,
87d31ab1-bd03-5e05-be5c-21bb7557a47b,"Director, EDI (Student Services)",2,2,,False,apex,False,0,4,False,aligned,0,near_duplicate|role_equivalent,0.8764,,20220428_00132048_JDFN_APEX_20220414.docx,
87e478db-042d-522c-8776-04bd51dbbd9d,Untitled Position,2,1,International Services,False,cupe,False,,,False,aligned,0,exact|role_equivalent,1.0000,,20240328_00001467_00104237_JDFN_CUPE_20240528.doc,
88077239-fdcc-5ee0-906d-287ce3a945d4,"Director, Sustainability Office",2,1,Office of Sustainability,False,apsa,False,0,4,False,aligned,0,near_duplicate|role_equivalent,1.0000,,20170307_00114915_Director_Sustainability_Office.docx,
88d26506-8b66-53fb-bd23-af0b3a024926,Manager Student Awards,2,1,Financial Aid and Awards,False,apsa,False,0,3,False,aligned,0,near_duplicate|role_equivalent,1.0000,,20180618_00101896_Manager_Student_Awards.docx,
88f80b70-c72a-5b21-a9e7-80f24ffe9708,Server & Storage Architect,2,1,,False,apsa,False,,,False,aligned,0,near_duplicate|role_equivalent,1.0000,,20201110_00001620_JDFN_APSA_20201123.docx,
8909078f-2025-58e7-af81-edeb7851dffc,"Manager, Learning Technology",2,1,Teaching and Learning Centre,False,,False,0,3,False,aligned,0,near_duplicate,1.0000,,20120528_00111180_Mgr_Learning_Tech.docx,
893c7bc6-02d6-51b9-835b-5674f2264f93,Change Management Specialist,2,1,Finance,False,apsa,False,,,False,aligned,0,near_duplicate|role_equivalent,0.9850,,20190421_00125513_Change_Management_Specialist.docx,
89626148-b1b3-5751-982a-592415ab2a75,Untitled Position,2,1,,False,cupe,False,,,False,aligned,0,near_duplicate,1.0000,,20030324_00001412Clerk.doc,
89bf8b79-728e-54e5-8ee0-f328e3c232e1,Office Coordinator,2,1,Psychology,False,cupe,False,,,False,aligned,0,near_duplicate|role_equivalent,0.9593,,20170517_00031225_Secretary.docx,
89c98653-542f-5542-94d0-0b58b332eb00,"Manager, Academic Success & Advising",2,1,,False,apsa,False,0,3,False,aligned,0,near_duplicate|role_equivalent,1.0000,,20210921_00124577_JDFN_APSA_20210929.docx,
89d9ac3f-258b-5905-8ba1-14fd8d0e6180,Functional Analyst,2,1,"Dean’s Office, Faculty of Arts & Social Sciences",False,,False,,,False,aligned,0,near_duplicate,0.9511,,20161117_00116246_Functional_Analyst.docx,
8a2a85f5-57ee-5a47-9608-e135b6ef609c,Functional Analyst Lead,2,1,"Dean’s Office, Faculty of Arts & Social Sciences",False,,False,0,2,False,aligned,0,near_duplicate,0.8830,,20141208_00115911_Functional_Analyst_Lead.docx,
8a4403eb-8033-5f51-b6bc-515648ad0190,Office Assistant,2,1,Senate and Academic Services,False,cupe,False,0,0,False,aligned,0,near_duplicate|role_equivalent,0.9850,,20120720_00111770_Clerk_Typist.docx,
8a57dde6-89c0-5237-aa9b-aa551b1e6bc0,Marketing & Communications Associate,2,1,Lifelong Learning,False,,False,0,1,False,aligned,0,near_duplicate,0.8799,,20151215_00118309_Mrktng_Cmmnctns_Assoc.docx,
8a6c3f19-5007-5ddd-acce-34b090447642,Computer Systems Administrator,2,1,,False,apsa,False,,,False,aligned,0,near_duplicate|role_equivalent,0.8650,,20230919_00115708_00000337_JDFN_APSA_20230919.docx,
8aee1f1d-4cea-58ed-aa4c-15c258f3fc41,Untitled Position,2,1,Education Dean’s,False,cupe,False,,,False,aligned,0,near_duplicate|role_equivalent,1.0000,,20070427_576.doc,
8b276631-1b32-5c20-acca-fdff8f86d64c,Compliance Assistant,2,1,,False,apsa,False,0,0,False,aligned,0,near_duplicate|role_equivalent,0.8620,,20250611_00111401_JDFN_APSA_20250612.docx,
8b3e40d5-45dc-594f-9d4c-ae4e664afb2c,"Program Coordinator, Learning & Instructional",2,1,Learning and Instructional Development Centre,False,,False,,,False,aligned,0,near_duplicate,1.0000,,20040310_00000317Program_coordinator_LIDC.doc,
8b94c86c-7fe1-53dd-8409-80099ed48e2d,Associate Director,2,1,Athletics,False,,False,0,3,False,aligned,0,near_duplicate,0.8764,,20090318_00000205_Associate_Director.doc,
8bf4e366-906b-5ffa-86f2-4f7ae026150a,"Executive Lead, International",2,2,,False,apex,False,0,2,False,aligned,0,near_duplicate|role_equivalent,0.9760,,20240918_00136219_JDFN_APEX_20240910.docx,
8c20fbd3-e090-5412-923c-846424a9d8c3,Senior Producer,2,1,Creative Services,False,,False,,,False,aligned,0,near_duplicate,0.9757,,20150923_00102741_Senior_Producer.docx,
8c3660be-0dbe-5be2-8d21-6c94a867f09b,Untitled Position,2,1,,False,cupe,False,,,False,aligned,0,near_duplicate,0.9927,,19920519_00000510Program_assistant.doc,
8c3cecef-55cd-5b96-aafa-b6ffb07e9e1f,"Date Completed: March 27, 2007",2,1,,False,cupe,False,,,False,aligned,0,exact,1.0000,,20070327_00101718_Technician.doc,
8c5e82d5-739f-5333-832c-df4d603c1244,"Director, Curriculum and Instruction",2,1,Centre for Educational Excellence,False,apsa,False,0,4,False,aligned,0,near_duplicate|role_equivalent,0.9850,,20190715_00125683_Director_Curriculum_And_Instruction.docx,
8c7342ec-b992-5176-b154-30e4fc387280,Communications Officer,2,1,CIO Office,False,,False,,,False,aligned,0,near_duplicate,1.0000,,20160215_00110615_Communications_Officer.docx,
8c7f946f-a110-5059-b0f3-c70fc8506fb8,"Manager, PGME Accreditation",2,2,,False,apsa,False,0,3,False,aligned,0,role_equivalent,0.9950,,20241216_00136567_JDFN_APSA_20241217.docx,
8cbfc469-1e92-57e0-8da2-c3589502b3a9,"Manager, Budget and Financial Analysis",2,1,Faculty of Applied Sciences,False,,False,0,3,False,aligned,0,near_duplicate,1.0000,,20160622_00118207_Manager.docx,
8d107f0d-6bb4-5647-8cd8-87927b6dcfca,"Manager, Academic Advising Programs",2,2,Student Engagement and Retention,False,,False,0,3,False,aligned,0,near_duplicate,0.9865,,20180930_00031919_Manager_Academic_Advising_Programs.docx,
8d1786b2-fa04-53d3-9ef6-6f6c3a0fc092,Business Analyst,2,1,Graduate Studies and Postdoctoral Fellows,False,,False,,,False,aligned,0,exact,1.0000,,20171005_00118786_Business_Analyst.docx,
8d9009a7-4315-55aa-b89b-00e5e6b12752,Project Assistant,2,1,"Faculty of Communication, Art and Technology",False,cupe,False,0,0,False,aligned,0,near_duplicate|role_equivalent,0.8580,,20190605_00126030_Clerk.docx,
8dd40182-d467-5418-b5ac-5dfbeb6e288f,"Coordinator, Recruitment and Retention",2,2,Faculty of Health Sciences (FHS),False,,False,,,False,aligned,0,near_duplicate,0.9836,,20140612_00115487_Coord_Recruitment_Retention.docx,
8de9bebb-b176-5946-8c39-bbdd54bd049b,Secretary/Reception Team Leader,2,1,,False,cupe,False,0,2,False,aligned,0,near_duplicate,0.9304,,20041007_7044.doc,
8deeb889-28d6-5884-9c76-adcdfd5028ef,Untitled Position,2,1,,False,cupe,False,,,False,aligned,0,near_duplicate,1.0000,,20060509_00000859Program_assistant_May2006.doc,
8e01208d-e849-5f2b-9df3-216ed40e5665,"Contract Coordinator, Real Estate Services",2,2,Facilities Services,False,,False,,,False,aligned,0,near_duplicate,0.9615,,20160426_00117549_Contract_Coord_Real_Estate_Srv.docx,
8eab35a5-adbd-530b-b767-d845d9b101c3,"Assistant Director, Internal Communications",2,1,"External Relations, Communication & Marketing",False,,False,0,4,False,aligned,0,near_duplicate,0.9827,,20170323_00001271_Asst_Dir_Internal_Cmns.docx,
8eb9273d-6e61-5dab-a2d2-76310f652c02,"Registered Psychiatric Nurse, Post-Secondary Student Mental Health",2,1,Health and Counselling Services – Health Services,False,,False,,,False,aligned,0,near_duplicate,0.9918,,20170314_00121054_Mental_Health_Nurse.docx,
8ee9adf5-31bf-52fa-a465-4a4e747d0152,"Coordinator, Professional Programs",2,1,Continuing Studies,False,,False,,,False,aligned,0,near_duplicate,0.9702,,20000601_00031286_Coord_Prof_Prog_Jun2000-1.doc,
8f056bc4-f944-5471-89d7-f76de2c392ad,"Associate Director, Partnerships and Programs",2,1,"Government Relations and Community Engagement, VPER",False,,False,0,3,False,aligned,0,exact,1.0000,,20160815_00113583_Associate_Director.docx,
8fdf8226-52fe-5041-bdce-7361670824bd,"Senior Director, Faculty Finance and Systems",2,2,,False,apsa,False,0,4,False,aligned,0,role_equivalent,0.9942,,20220608_00097451_JDFN_APSA_20220729.docx,
9025cfae-da36-5c93-a996-24a9c9bdf62a,Knowledge Mobilization,2,2,,False,apsa,False,,,False,aligned,0,role_equivalent,0.9196,,20230717_00134545_JDFN_APSA_20230717.docx,
90335e3d-71bc-5fb0-8a6d-9b9e966ddf68,Undergraduate Advisor & Recruiter,2,1,"Faculty of Science, Office of the Dean",False,,False,,,False,aligned,0,near_duplicate,0.9845,,20180615_00124038_Ugrad_Advisor_Recruiter.docx,
90644fd9-3a64-5933-b1ba-2fdd00b9cc28,Untitled Position,2,1,,False,cupe,False,,,False,aligned,0,near_duplicate,0.9685,,20031020_00001754Clerk.doc,
906a8918-e0a1-504a-8127-52b1a0a2f652,Associate Director,2,1,University/Industry Liaison Office,False,apsa,False,0,3,False,aligned,0,near_duplicate,0.8529,,20090326_00061720_Associate_Director.doc,
9079750c-804f-5783-89d1-ce1eb029d9c2,"Program Assistant, International Student Advising and Programs",2,1,"International Services for Students (ISS), Student Services",False,cupe,False,0,0,False,aligned,0,role_equivalent,0.8640,,20150609_00110661_Clerk_Typist.docx,
90a60169-3706-5263-b5aa-4753bf0d2bd4,Web and Data Services Developer,2,1,"Dean’s Office, Beedie School of Business",False,,False,,,False,aligned,0,near_duplicate,0.8949,,20160120_00118598_Web_Data_Srvs_Dvlpr.docx,
90defbda-ae16-5aff-8042-1f44c9117cf1,"Director, Innovation & Infrastructure",2,1,,False,apsa,False,0,4,False,aligned,0,near_duplicate|role_equivalent,0.9216,,20230327_00134021_JDFN_APSA_20230310.docx,
9115a208-f06d-5f8f-9330-73acbd4d4862,Undergraduate Advisor,2,1,Criminology,False,,False,,,False,aligned,0,exact,1.0000,,20120816_00031855_Undergraduate_Advisor.doc,
916d3aa1-b8d9-5770-b71e-b0228ae6e4a9,"Associate Director, Educational Analysis and Planning",2,1,Centre for Educational Analysis,False,apsa,False,0,3,False,aligned,0,near_duplicate|role_equivalent,1.0000,,20190715_00118872_Assc_Dir_Educational_Analysis_Planning.docx,
91e5a919-bf94-57a3-bafe-513267aeeafb,"Coordinator, Communications & Events",2,2,"International Studies, David Lam Centre, and Centre for Comparative Muslim Studies",False,apsa,False,,,False,aligned,0,near_duplicate|role_equivalent,1.0000,,20190409_00125973_Coordinator_Communications_Events.docx,
921acdb1-e73f-5949-a3d1-2177af2e0270,"Operations Manager, ImageTech Lab",2,1,"Office of the Vice-President, Research",False,,False,0,3,False,aligned,0,near_duplicate,0.9730,,20170421_00121244_Operations_Mgr_ImageTech_Lab.docx,
92945f6c-4297-5ebf-8aab-2fc5d27ca979,Untitled Position,2,1,,False,cupe,False,,,False,aligned,0,near_duplicate,0.9893,,20050425_00001646Secretary.doc,
92b4b422-2d55-55d4-b2a2-0c2ac61c399c,"Director, SFU Art Galleries",2,1,SFU Art Galleries,False,,False,0,4,False,aligned,0,near_duplicate,1.0000,,20160229_00098006_Director_SFU_Art_Galleries.docx,
92c1b4ba-dde9-58f3-b78d-adbb864fdb8d,"Director, Alumni & External Relations",2,1,,False,apsa,False,0,4,False,aligned,0,near_duplicate|role_equivalent,0.9700,,20250722_00137708_JDFN_APSA_20250922.docx,
932c241d-b8a0-515c-9b86-319847e01d92,Untitled Position,2,1,,False,cupe,False,,,False,aligned,0,near_duplicate,0.9475,,20021015_00001113Secretary.doc,
93a5aff8-3508-56ed-af0b-792d063ccf09,Administrator,2,1,Student Engagement and Retention,False,,False,,,False,aligned,0,near_duplicate,0.9126,,20120307_00111296_Administrator.docx,
9449bf7d-7260-5e7b-beb2-1ee00782d178,"Manager, Academic and Administrative Services",2,1,School for the Contemporary Arts,False,apsa,False,0,3,False,aligned,0,near_duplicate,0.9349,,20121220_00030115_Mgr_Acdmc___Admin_Srvcs.doc,
9491ef59-8fcb-5f64-baa5-dfbee5ffde79,"Manager, Academic & Administrative Services",2,1,Dept of Biomedical Physiology & Kinesiology,False,,False,0,3,False,aligned,0,near_duplicate,0.9589,,20130130_00000595_Mgr_Acdmc_Admn_Srvcs.doc,
94f0f883-7fac-50bd-a895-68b7ee574d36,"Manager, Academic & Administrative Services",2,1,Linguistics,False,,False,0,3,False,aligned,0,near_duplicate,1.0000,,20150814_00000428_Mgr_Acdmc_Admn_Srvcs.docx,
9524039b-4a67-59ce-8efb-15b6f8d33c07,Untitled Position,2,1,Financial Aid & Awards,False,cupe,False,,,False,aligned,0,exact|role_equivalent,1.0000,,"20090914_00001590_Award_Assistant_II,_Gr_9.doc",
958f1103-a2dd-5cf0-8469-7e3f4b6a2fa6,Administrative Coordinator,2,1,AVPSI Administration,False,apsa,False,,,False,aligned,0,near_duplicate|role_equivalent,1.0000,,20171123_00121761_Admin_Coordinator.docx,
95ccada7-09f8-554e-bc83-5b057374796e,Undergraduate Advisor,2,1,Mathematics,False,,False,,,False,aligned,0,near_duplicate,0.9794,,"20071217_103220,_Ugrad_Advisor,_Gr6,_Mathematics.doc",
95f381ab-6816-5075-b052-6442732a39a2,Untitled Position,2,1,,False,cupe,False,,,False,aligned,0,near_duplicate,1.0000,,19980115_00000962Technician.doc,
96505520-7497-5027-9dda-c144072a2edf,"Director, SFU Public Square",2,1,Public Square,False,apsa,False,0,4,False,aligned,0,near_duplicate|role_equivalent,1.0000,,20180718_00115642_Director_SFU_Public_Square.docx,
969e1f9b-6bfa-5beb-b436-d26d3bd71019,"Student Recruiter, French Language Programs",2,1,Office of Francophone and Francophile Affairs (OFFA),False,,False,,,False,aligned,0,exact,1.0000,,20160613_00119398_Student_Recruiter_FrLangPrgms.docx,
97fc3893-f81d-5a96-b748-58846ca87e48,Untitled Position,2,1,,False,cupe,False,,,False,aligned,0,near_duplicate|role_equivalent,0.8531,,20021017_00000566Program_assistant.doc,
98341f4f-8def-5a00-a295-aa10c00445d4,Undergraduate Advisor,2,1,School of Criminology,False,,False,,,False,aligned,0,near_duplicate,0.8835,,20150807_00031855_Undergraduate_Advisor.docx,
9835b99e-dec2-5549-b890-d226e9a293c6,"Director, Student Conduct Office",2,1,Student Services – Student Support,False,apsa,False,0,4,False,aligned,0,near_duplicate|role_equivalent,1.0000,,20180730_00123540_Dir_Student_Conduct_Office.docx,
988816b7-0b55-55b0-a64c-15fd5c86a289,Untitled Position,2,1,Faculty of Education,False,cupe,False,,,False,aligned,0,role_equivalent,0.9172,,20110203_00001438_Program_Assistant.doc,
98964c54-3bbf-5567-8976-9f846735e2cc,"Manager, Events, Sponsorship, and Alumni",2,1,Beedie School of Business,False,,False,0,3,False,aligned,0,near_duplicate,0.9831,,20150128_00110370_Mgr_Events_Spnsrshp_Almni.docx,
989b5e4c-c9f7-506b-b825-6254db47f474,"Senior Director, Athletics and Recreation",2,1,AVPSI Administration,False,apex,False,0,4,False,aligned,0,near_duplicate|role_equivalent,1.0000,,20190303_00110613_Senior_Director_Athletics_Recreation.docx,
98cc7295-dd18-53a1-b815-5a91f8d63dc7,Alumni Records Coordinator,2,1,University Advancement,False,cupe,False,,,False,aligned,0,near_duplicate|role_equivalent,0.9850,,20140609_00030486_Clerk_Typist.docx,
98f338e0-0233-5d88-99d4-de8a7e7e707b,"Coordinator, Alumni Events and Programs",2,1,,False,apsa,False,,,False,aligned,0,near_duplicate|role_equivalent,1.0000,,20200721_00129011_JDFN_APSA_20200713.docx,
992b4e0e-d6f8-5f06-bdbf-d9504fd63c79,Untitled Position,2,1,,False,cupe,False,,,False,aligned,0,near_duplicate,0.9566,,20020221_00000231Secretary.doc,
992fd3de-ec02-51b1-8b9a-8c9e50a457a4,"Associate Director, Finance",2,1,Residences,False,apsa,False,0,3,False,aligned,0,near_duplicate|role_equivalent,0.9700,,20171108_00100807_Associate_Director_Finance.docx,
995cf0f3-1b7f-5ae9-9419-ef6a39c10cfc,Undergraduate Advisor and Recruiter,2,1,,False,apsa,False,,,False,aligned,0,role_equivalent,0.9001,,20231121_00135103_JDFN_APSA_20231117.docx,
9a338c64-e21a-5e78-b155-bf21974dfe87,"Counsellor, Sexual Violence",2,1,,False,apsa,False,,,False,aligned,0,near_duplicate|role_equivalent,0.9408,,20200529_00124031_JDFN_ASPA_20200713.docx,
9a4f9c18-cbd1-5d74-9abc-b562c911a683,"Manager, Exterior Services",2,1,Facilities - Buildings & Grounds,False,,False,0,3,False,aligned,0,near_duplicate,0.9937,,20150622_00116984_Manager_Exterior_Services.docx,
9aa2adaf-8b72-5837-9d7a-1fe8c8c1032e,Untitled Position,2,1,,False,cupe,False,,,False,aligned,0,near_duplicate,0.9715,,20021003_00000581Secretary.doc,
9b080000-f9e8-5216-b90a-b420362700bf,"Coordinator, Undergraduate Advising, Recruitment & Retention",2,1,Dean of Arts Office,False,,False,,,False,aligned,0,near_duplicate,0.9435,,20100531_00030986_Coord_Ugrad.docx,
9bb39bec-9a74-5e5c-8462-fe820669508f,Untitled Position,2,1,,False,cupe,False,,,False,aligned,0,near_duplicate,0.9405,,20051116_00001571Clerk.doc,
9bd30f61-d07f-57ca-83f2-67ce7b799f79,Co-op Education Coordinator - Communication,2,1,Co-operative Education,False,apsa,False,,,False,aligned,0,near_duplicate,0.9871,,20000901_00064808Coop_educ_coordinator.doc,
9c33e3a2-bf20-5980-9b9a-57acd0defc72,Lead Systems Administrator,2,1,,False,apsa,False,0,2,False,aligned,0,near_duplicate|role_equivalent,1.0000,,20200814_00102657_JDFN_APSA_20200918.docx,
9c33ee73-4b45-534f-92de-bc8dfebaf1f5,"Director, Infrastructure Services,",2,1,Information Technology Services,False,,False,0,4,False,aligned,0,near_duplicate,0.9923,,20131101_00114504_Director_Infrastructure_Services.docx,
9cabdc6b-2af2-5ac4-a437-9662cb5c9d41,"Manager, Course Production",2,1,,False,apsa,False,0,3,False,aligned,0,near_duplicate|role_equivalent,0.8728,,20191001_00126173_JDFN_APSA_20191125.docx,
9ce57011-d57f-52b0-a1fd-2bdec5a71fa1,Untitled Position,2,1,School of Engineering,False,cupe,False,,,False,aligned,0,near_duplicate|role_equivalent,1.0000,,20100901_00108157_Technician.doc,
9d6ec2aa-5de7-5de6-87ac-3623de9b36a1,"Curator, SFU Galleries",2,1,Art Galleries,False,,False,,,False,aligned,0,near_duplicate,0.9947,,20121221_00112732_Curator.doc,
9d70c325-7bd3-56ac-b7d9-dc890da8c4a8,"Manager, Budgets & Administration",2,1,Athletics & Recreation,False,,False,0,3,False,aligned,0,near_duplicate,1.0000,,20120504_00111328_Mgr_Budgets_Admn.doc,
9d96d084-5be1-5794-8c99-e1ba3d2f0b12,"Supervisor, Facilities Client Services",2,1,Facilities Services,False,apsa,False,0,3,False,aligned,0,near_duplicate|role_equivalent,1.0000,,20190109_00103331_Supervisor_Facilities_Client_Services.docx,
9dbd9c07-fd35-5771-b87e-01de76dd9a74,Associate Admissions Coordinator,2,1,Student Services - Admissions,False,,False,0,1,False,aligned,0,exact,1.0000,,20161221_00120394_Assoc_Admissions_Coord.docx,
9ddcb955-0be9-5b93-b1d2-852dd31cfe78,Financial Analyst,2,2,"Budget Office, Finance",False,,False,,,False,aligned,0,near_duplicate,0.8968,,20140410_00115198_Financial_Analyst.docx,
9e50edd4-0616-5a0f-9434-09ae38de728e,Media Relations,2,1,Recreation & Athletics,False,,False,,,False,aligned,0,near_duplicate,1.0000,,20071212_103257_Final.doc,
9e8e69d8-2f71-50aa-bcb0-825bc9a5be00,Project Manager,2,2,,False,apsa,False,0,3,False,aligned,0,role_equivalent,0.9938,,20210929_00131382_JDFN_APSA_20210929.docx,
9e9dc5a2-55b2-5986-8e7e-eb4c194f87bf,Untitled Position,2,1,,False,cupe,False,,,False,aligned,0,near_duplicate,1.0000,,20061024_00101310Clerk.doc,
9eac7b8d-601f-533e-87f6-74da23690dca,"Administrative Coordinator, Indigenous Perspectives",2,1,,False,apsa,False,,,False,aligned,0,near_duplicate|role_equivalent,0.8739,,20250221_00136821_JDFN_APSA_20250221_(1).docx,
9eb961e5-480a-54cd-ad21-562329d29d98,Special Collections Assistant,2,1,Library Special Collections,False,cupe,False,0,0,False,aligned,0,near_duplicate|role_equivalent,0.9850,,20170913_00001094_Library_Assistant.docx,
9ecdf65b-6be0-5eb5-861b-de249bece1d5,Untitled Position,2,1,,False,cupe,False,,,False,aligned,0,near_duplicate,1.0000,,19941206_00030374Technician.doc,
9ed2b0cf-faf8-57dc-8549-b37f8cdda8f4,Untitled Position,2,1,,False,cupe,False,,,False,aligned,0,near_duplicate,1.0000,,20000405_00030591Library_assistant.doc,
9ee763de-2b3b-582d-9147-f041e899c3ae,Business Intelligence Analyst,2,2,,False,apsa,False,,,False,aligned,0,near_duplicate|role_equivalent,0.9292,,20230719_00110589_JDFN_APSA_20230719.docx,
9fc0ddc6-768c-59ac-b167-8aacfb681012,"Director, Student Financials",2,1,Student Services – Registrar Services,False,,False,0,4,False,aligned,0,near_duplicate,0.9348,,20120904_00096600_Dir_Student_Financials.doc,
9fe7bec1-1a63-5caf-b66e-093d1572bf1b,"Development Coordinator, Donor Relations",2,1,,False,apsa,False,,,False,aligned,0,near_duplicate|role_equivalent,1.0000,,20200323_00128027_JDFN_APSA_20200323_(3).docx,
a01281f1-299a-52ba-9b93-e21d83035fc8,Junior Business Analyst,2,2,,False,apsa,False,,,False,aligned,0,role_equivalent,0.9454,,20201110_00129724_JDFN_APSA_20201102_(1).docx,
a053effa-bac7-5970-be8a-e347d15ad99e,"Manager, Centre for English Language Learning, Teaching and Research (CELLTR)",2,1,Faculty of Education,False,,False,0,3,False,aligned,0,near_duplicate,1.0000,,20160914_00119874_Manager_CELLTR.docx,
a05dee62-7765-5c05-aa4c-bf3fe1855d02,Program Assistant,2,1,Beedie School of Business,False,cupe,False,0,0,False,aligned,0,near_duplicate|role_equivalent,0.9603,,20170823_00122005_Clerk.docx,
a066fadc-c6d1-5fc5-93ca-ff02ac5e49a3,Registered Psychiatric Nurse,2,2,Health and Counselling Services,False,,False,,,False,aligned,0,near_duplicate,0.8969,,20151222_00111739_Rgstrd_Psychiatric_Nurse.docx,
a0da1f56-0bbe-54aa-8291-0854b79675fc,"Director, Strategic Projects and Analysis",2,1,Vice-President Academic Office,False,apex,False,0,4,False,aligned,0,near_duplicate|role_equivalent,1.0000,,20180320_00123280_Dir_Strategic_Projects_And_Analysis.docx,
a0e8fd7d-1c5e-52e2-b6a3-075e04aa0721,"Manager, Schedules",2,1,"Information, Records &",False,,False,0,3,False,aligned,0,near_duplicate,0.9926,,20140321_00001091_Manager_Schedules.doc,
a16c8e42-eb8f-528b-829d-f4b0b784fda0,Learning Technology Analyst,2,1,Teaching and Learning Centre,False,,False,,,False,aligned,0,near_duplicate,0.9367,,20110704_00109825_Learning_Tech_Analyst.docx,
a17a1e80-f05a-57ca-ba29-f64edf83a3a9,"Program Manager, Graduate Programs",2,1,"Faculty of Education, Graduate Programs",False,,False,0,3,False,aligned,0,near_duplicate,0.9567,,"20080924_00076036_Program_Mgr,_Grad_Programs.doc",
a1e9b359-204b-5daf-b4e9-b84b10b28fc0,"Manager, Finance and Admin",2,1,IT Services,False,apsa,False,0,3,False,aligned,0,near_duplicate|role_equivalent,1.0000,,20180101_00100214_Manager_Finance_Admin.docx,
a1fd8cc4-8597-5286-95f0-56d6120e5ab4,Co-op Education Coordinator,2,1,Surrey Co-operative Education,False,,False,,,False,aligned,0,near_duplicate,0.9730,,20150402_00001540_Coop_Educ_Coord.docx,
a28056ea-56df-5dc1-8233-cff1f3cb0379,"Director, Recruitment and Alumni Engagement",2,1,"Faculty of Communication, Art and Technology",False,apsa,False,0,4,False,aligned,0,exact|role_equivalent,1.0000,,20180902_00124239_Dir_Recruitment_and_Alumni_Engagement.docx,
a28c240d-f2b9-5ad1-97cd-5dda321f789c,"Library Advancement, Communications and",2,2,Library,False,,False,,,False,aligned,0,near_duplicate,0.9413,,20060303_00096313Advancmt_off_lib_spcl_proj.doc,
a2ac89ad-cc24-5376-8c3f-be9646bd89df,Building Automation System Manager,2,2,,False,apsa,False,0,3,False,aligned,0,role_equivalent,0.9113,,20240409_00126620_JDFN_APSA_20240626.docx,
a342a931-5d1b-522d-925c-bffae3275188,06642,2,1,,False,,False,,,False,aligned,0,near_duplicate|role_equivalent,0.8889,,19881101_00006642Intermediate_analyst.doc,
a34d41b4-fdc9-50b3-a574-f385663aaf76,Untitled Position,2,1,Business,False,cupe,False,,,False,aligned,0,near_duplicate|role_equivalent,0.9817,,20100510_00030662_Secretary.doc,
a357edbd-6579-5e71-bf98-728e27724e4f,"Assistant to the Vice-President, Research",2,1,"Office of the Vice President, Research",False,,False,0,0,False,aligned,0,near_duplicate,0.9092,,20080724_00030125_Conf_Admin_Prof_III.doc,
a431b2f7-c41c-52ab-a51e-54496bcb4f68,Research Technology Manager,2,2,,False,apsa,False,0,3,False,aligned,0,role_equivalent,0.8775,,20210324_00130336_JDFN_APSA_20210317.docx,
a497a65c-d42d-59aa-bb74-cee1595391ce,Budget Coordinator,2,2,,False,apsa,False,,,False,aligned,0,near_duplicate|role_equivalent,0.8596,,20201028_00100214_JDFN_APSA_20190925.docx,
a4f03ba1-050a-5dec-aabb-45a492392ce0,"Director, Finance",2,2,,False,apsa,False,0,4,False,aligned,0,role_equivalent,0.8949,,20230809_00134553_JDFN_APSA_20230711.docx,
a5152884-2be6-5bbf-83d8-6bcfbf4bce50,"Coordinator, Experiential Education Project",2,1,Vice-President Academic’s Office,False,,False,,,False,aligned,0,near_duplicate,0.9913,,20120802_00112022_Coord_Experiential_Educ_Proj.docx,
a551373b-7de9-5db6-92b9-354ba3a21c80,"Program Manager, EHRS (Chemical Safety & Hazardous Waste)",2,1,Environmental Health & Research Safety,False,,False,0,3,False,aligned,0,near_duplicate,1.0000,,20150126_00113589_Program_Manager_EHRS.docx,
a5a008b0-c4db-5122-9c23-2cd144055fb9,"Associate Director, Centre for Dialogue",2,1,"Morris J. Wosk, Centre for Dialogue",False,apsa,False,0,3,False,aligned,0,near_duplicate|role_equivalent,0.9700,,20190719_00101586_Associate_Director_Centre_For_Dialogue.docx,
a5e5a364-4974-5fb4-80ca-6a8c7cead43e,"Senior Associate Director, Donor Relations",2,1,University Advancement,False,apsa,False,0,3,False,aligned,0,near_duplicate|role_equivalent,1.0000,,20170908_00122178_Senior_Assoc_Dir_Donor_Rltns.docx,
a68a95f6-89c1-53e9-b30b-71576cdeccba,Untitled Position,2,1,,False,cupe,False,,,False,aligned,0,exact|role_equivalent,0.9850,,20060609_00031625Program__Assistant.doc,
a69fa83d-7f49-51f3-b214-f11fef465f72,"Manager Instructional, Research and Administrative",2,1,School of Engineering Science,False,apsa,False,0,3,False,aligned,0,near_duplicate,0.9399,,20050613_00098373Mgr_instr_research_ad_comp.doc,
a6dc69b4-9af2-5cbf-a978-d3104eae279e,Systems Consultant I,2,1,Education Dean’s Office,False,,False,,,False,aligned,0,near_duplicate,0.9627,,20040121_00001791Systems_consultantI.doc,
a6e30c93-a031-56d4-a039-b78d82fb4517,Untitled Position,2,1,,False,cupe,False,,,False,aligned,0,near_duplicate|role_equivalent,0.9351,,19970522_00001084Word_processing_operator.doc,
a75a322d-076f-5d17-bb83-567834488389,Untitled Position,2,1,,False,,False,,,False,aligned,0,exact,1.0000,,20180322_00006812.docx,
a79869e2-9bdb-5297-b4ce-fd2bed07b813,Untitled Position,2,1,,False,cupe,False,,,False,aligned,0,near_duplicate,0.8768,,19990113_00030218Clerk_Typist.doc,
a899724d-9add-5503-84d5-6c471ccdc296,Senior Business Analyst,2,1,IT Services,False,apsa,False,,,False,aligned,0,near_duplicate|role_equivalent,0.9700,,20171109_00122508_Senior_Business_Analyst.docx,
a8dca40c-0eac-5dac-93f7-a11c22586f5c,"Coordinator, Student Experience & Development",2,1,,False,apsa,False,,,False,aligned,0,near_duplicate|role_equivalent,1.0000,,20240515_132429_119885_123174_131489_131179__JDFN_APSA_20240903.docx,
a9740c75-5e4b-5818-b465-c63f87f4c92f,Graduate Secretary,2,1,Geography,False,cupe,False,,,False,aligned,0,near_duplicate|role_equivalent,0.9637,,20151029_00000146_Secretary.docx,
aa0146bb-93ad-5508-97a8-165c1c972a9f,"Coordinator, Facilities Services",2,1,Facilities Management,False,,False,,,False,aligned,0,near_duplicate,0.9812,,20100111_00001547_Coord_Facilities_Serv.doc,
aa1226d0-49a8-5a8d-b02a-a67330296edb,"Senior Associate Director, Advancement",2,1,Morris J. Wosk Centre for Dialogue,False,apsa,False,0,3,False,aligned,0,near_duplicate|role_equivalent,0.9700,,20190609_00126260_Snr_Associate_Director_Advancement.docx,
aa1f45d8-cad8-552d-a4cd-5c8ac1bbb895,Administrator,2,1,Student Recruitment and Transition,False,,False,,,False,aligned,0,near_duplicate,0.9148,,20150206_00116691_Administrator.docx,
aa31d7ee-d449-5499-b28b-6e72a3d2e934,"Manager, Academic and Administrative Services",2,1,FNEP Language Instruction,False,,False,0,3,False,aligned,0,near_duplicate,0.9948,,20180513_00123682_Mgr_Acdmc_and_Admin.docx,
aa5d4bd3-e685-5fae-a287-3c09b7168058,"Project Manager, Program Redesign",2,1,Beedie School of Business,False,apsa,False,0,3,False,aligned,0,near_duplicate|role_equivalent,1.0000,,20171106_00122044__Project_Mgr_Pgrm_Redesign.docx,
aaba6463-410b-546d-9727-129295b21731,Undergraduate Program Clerk,2,2,Beedie School of Business,False,cupe,False,,,False,aligned,0,role_equivalent,0.9784,,20140714_00031257_Secretary.docx,
ab07c03b-793d-5cbb-81f7-8b49eb7d81fc,Systems & Web Developer,2,1,,False,apsa,False,,,False,aligned,0,exact|role_equivalent,1.0000,,20200928_00100906_JDFN_APSA_20190524_.docx,
ab293b0d-9179-5bfc-b720-853625b4abcf,Untitled Position,2,1,,False,cupe,False,,,False,aligned,0,near_duplicate,0.9573,,20040329_00000915Secretary.doc,
ab3b1dbd-4a3b-5454-8952-7df14ac9feb1,Program Assistant,2,2,University Advancement (UA),False,cupe,False,0,0,False,aligned,0,near_duplicate|role_equivalent,0.9248,,20150121_00116630_Secretary.docx,
ab75e233-f536-5529-be89-31586d0df756,Wellbeing and Mental Health Advisor,2,1,Health and Counselling Services (HCS),False,,False,,,False,aligned,0,near_duplicate,0.9932,,"20140502_00115274,_Wellbeing_Mental_Hlth_Advsr.docx",
ac2c1318-1c30-5d3f-b4fd-9bc743b5e50a,"Manager, Budgets & Financial Analysis",2,1,"Office of the Dean, Faculty of Health Sciences (FHS)",False,,False,0,3,False,aligned,0,near_duplicate,1.0000,,20160401_00099527_Manager.docx,
ac2d4bcc-4933-5149-b2c5-f35e3ccf61e9,"Manager, Procurement Services",2,1,Procurement Services,False,apsa,False,0,3,False,aligned,0,near_duplicate|role_equivalent,1.0000,,20180819_00123538_Mgr_Procurement_Svcs.docx,
ace3aa26-4de1-54b6-9253-f25853590b68,"Manager, Admissions Processing",2,2,University Admissions,False,cupe,False,0,3,False,aligned,0,near_duplicate,0.9804,,20080411_00001077_Manager_Admissions_Processing.docx,
ad4e4dbb-5c34-5c15-bb35-e526255bc27a,"Director, Community Engagement and Outreach",2,1,"Vice-President, External Relations",False,,False,0,4,False,aligned,0,near_duplicate,0.9770,,20150511_00117126_Dir_Cmmnty_Eng_Outreach.docx,
ad869ac1-3aea-5443-9b94-edd59a3e11e3,"Associate Director, Technical & Facilities Operations",2,1,,False,apsa,False,0,3,False,aligned,0,role_equivalent,0.9952,,20201201_00097680_JDFN_APSA_20201219.docx,
adf5197d-b13c-5057-b7a8-07126f44f6c0,Communications Officer,2,1,Surrey Marketing & External Affairs,False,,False,,,False,aligned,0,near_duplicate,0.9267,,20111021_00098622_Cmns_Officer.docx,
adfb6cf3-cc3b-5ef7-bcfd-55f6615e60a6,Sales Representative,2,1,,False,apsa,False,0,1,False,aligned,0,near_duplicate|role_equivalent,0.8766,,20230127_00103133_00098399_00064748_JDFN_APSA_20230127.docx,
ae0b21bb-c0cc-5146-b938-a89ceaaeab68,"Manager, Bank & Accounts Receivable",2,1,Financial Services,False,,False,0,3,False,aligned,0,near_duplicate,1.0000,,20140324_00001891_Manager.docx,
ae370dbf-847a-5760-b6a8-2f73859f53e8,Service Desk Team Lead,2,1,"Client Services, IT Services",False,apsa,False,0,2,False,aligned,0,near_duplicate|role_equivalent,1.0000,,20170822_00121860_Service_Desk_Team_Lead.docx,
ae3c23ac-bbdb-5ae7-a43d-e8ee79e48cc4,"Assistant Director, Buildings & Grounds",2,1,Facilities Services,False,,False,0,4,False,aligned,0,near_duplicate,1.0000,,20150115_00118286_Asst_Dir_Building_Grounds.docx,
ae4f54c4-6d81-5924-9caa-425b6f4e9144,"Manager, Student Learning and Leadership",2,1,Office of Sustainability,False,apsa,False,0,3,False,aligned,0,near_duplicate|role_equivalent,1.0000,,20171004_00121126_Manager_Student_Learning_and_Leadership.docx,
ae7cc63b-f3e0-5342-ae51-f5e2336f0589,"Manager, Academic & Administrative Services",2,1,Philosophy,False,,False,0,3,False,aligned,0,near_duplicate,1.0000,,20120313_00000449_Mgr_Academic_Admn_Srvcs.doc,
af9ae69a-e738-52f8-b9f9-701c71668b12,Receptionist-Financial Clerk,2,1,School of Interactive Arts and Technology,False,cupe,False,,,False,aligned,0,near_duplicate|role_equivalent,0.9837,,20110401_00109295_Clerk.docx,
afb7f68e-0f3f-5889-9219-153ab2489bcd,Administrative Assistant,2,2,Office of the President,False,apex,False,0,0,False,aligned,0,near_duplicate,0.9666,,20190204_00031151_Administrative_Budget_Coordinator.docx,
b059a9f5-43b3-5dbd-a862-96b017a500f9,"Director, Projects",2,1,,False,apsa,False,0,4,False,aligned,0,near_duplicate|role_equivalent,0.9756,,20210701_00130738_JDFN_APSA_20210611.docx,
b0638e47-92c2-5ab2-af8a-e9a3b6c08c6d,Co-op Education Coordinator - Fac. of Arts,2,2,Co-operative Education,False,,False,,,False,aligned,0,near_duplicate,0.9881,,20060327_00031441Coop_educ_coordinator.doc,
b09afd48-3240-57fd-b4e3-39029b12a411,Budget Operations Coordinator,2,1,Budget Office,False,apsa,False,,,False,aligned,0,near_duplicate|role_equivalent,1.0000,,20190428_00115198__Budget_Operations_Coordinator.docx,
b0f81e10-6506-572c-bbbf-e5a01bfcf993,Systems Analyst/Application Developer,2,1,,False,apsa,False,,,False,aligned,0,near_duplicate|role_equivalent,0.9817,,20200925_00099529_JDFN_ASPA_20200728.docx,
b1605225-a7c0-537e-b812-fca4957c74a6,"Director, Faculty Information Technical Solutions",2,1,CIO Office,False,apsa,False,0,4,False,aligned,0,near_duplicate|role_equivalent,1.0000,,20180117_00123052_Dir_Faculty_Info_Tech_Solutions.docx,
b18e79a9-4e05-58ec-84d6-a3918d9b141e,Assistant Dean,2,1,Beedie School of Business,False,apex,False,0,0,False,aligned,0,near_duplicate|role_equivalent,0.9700,,20181014_00108879_Assistant_Dean.docx,
b2330fbf-d867-5e87-8fa8-4cac41f23026,"Director, University Curriculum & Institutional",2,1,"Office of the Vice-President, Academic",False,,False,0,4,False,aligned,0,near_duplicate,0.9926,,20131118_00096952_Dir_Unvrsty_Crclm___Instnl_Lsn.doc,
b2463d6a-2ec0-5e47-b426-69dfda740ddc,EHS Coordinator (Biosafety & Occupational Hygiene),2,1,Environmental Health & Safety,False,,False,,,False,aligned,0,near_duplicate,0.9385,,20090519_00104900_EHS_Coordinator.doc,
b2bdebdb-9b97-5362-8484-2122148cef09,Untitled Position,2,1,,False,cupe,False,,,False,aligned,0,near_duplicate,1.0000,,20001219_00064798Clerk.doc,
b2fad6ff-1016-5483-954d-d9d83a3240f6,Untitled Position,2,1,,False,cupe,False,,,False,aligned,0,near_duplicate,0.9678,,20060322_00064814Technician.doc,
b31afc7f-8541-582a-a62c-02eec8f5d8f9,Administrative Coordinator,2,1,,False,apsa,False,,,False,aligned,0,near_duplicate|role_equivalent,0.9480,,20200323_00128267_JDFN_APSA_20200320.docx,
b35bc923-26c2-526e-9dcb-5b90bbca30dc,Untitled Position,2,1,Library Cataloguing,False,cupe,False,,,False,aligned,0,role_equivalent,0.8673,,"20070118_00872,_Library_Assistant_Gr6.doc",
b3e2d526-7bef-52f7-bf10-784c537aa492,"Officer, Accreditation",2,1,,False,apsa,False,,,False,aligned,0,role_equivalent,0.9042,,20240122_00135358_JDFN_APSA_20240122.docx,
b4727509-c4c1-5d1c-b733-bba13bb88ced,"Coordinator, Marketing & Communications",2,1,Lifelong Learning,False,,False,,,False,aligned,0,near_duplicate,0.9796,,20161103_00110740_Coord_Mrktng_and_Cmns.docx,
b4e001f0-d382-57bd-91f3-772d9b4ec6b7,"Coordinator, Residence Facilities",2,1,Residence & Housing,False,,False,,,False,aligned,0,near_duplicate,0.9892,,20140207_20140207_00114790_Coord_Residence_Facilities.docx,
b51d1918-c6f4-5364-9b7b-4635239aad32,"Manager, Academic & Administrative Services",2,1,Urban Studies,False,,False,0,3,False,aligned,0,near_duplicate,1.0000,,20160125_00001685_Manager.docx,
b567f3df-1d4e-54d8-86e2-8aa53898457f,"Manager, Academic & Administrative Services",2,1,Criminology,False,,False,0,3,False,aligned,0,exact,1.0000,,20140207_00114911_Manager_Academic___Administrative_Services.docx,
b570a438-1f90-500e-9bda-1a7ad8835339,"Coordinator, Varsity Sport Reporting",2,1,,False,apsa,False,,,False,aligned,0,near_duplicate|role_equivalent,0.9695,,20240709_00135638_JDFN_APSA_20240709.docx,
b60b79fa-c011-5667-b239-0e313f891891,"Executive Assistant to the Associate Vice-President, Academic",2,2,"Office of the Vice-President, Academic",False,,False,0,0,False,aligned,0,near_duplicate,0.9511,,20190227_00124089_Executive_Secretary.docx,
b62543bd-ce8a-5365-b9c3-fde5561a05d7,"Associate Director, Admissions Processing",2,1,Undergraduate Admissions,False,cupe,False,0,3,False,aligned,0,near_duplicate,1.0000,,20160324_00001077_Assc_Dir_Admssns_Prcssng.docx,
b6400216-bc55-52fd-bf2d-2fe59eb78a03,"Coordinator, Curricular Experiential Learning",2,1,Beedie School of Business – Undergraduate Programs,False,,False,,,False,aligned,0,near_duplicate,0.9299,,20160809_00119617_Coordinator.docx,
b6418f2f-0dbf-55f5-a013-848ccbc6b6b8,Untitled Position,2,1,,False,cupe,False,,,False,aligned,0,near_duplicate,0.9578,,20061106_00101138_Student_Services_Assistant_I.doc,
b663e2cd-f469-5616-80cb-d72fe68625aa,Network and Systems Administrator,2,1,Network Operations,False,apsa,False,,,False,aligned,0,near_duplicate,0.9046,,20170421_00119031_Network_and_Systems_Admnstrtr.docx,
b664da8a-ea98-5634-9280-bdc8442c132e,"Business Manager, Social Enterprise",2,1,Morris J. Wosk Centre for Dialogue,False,apsa,False,0,3,False,aligned,0,near_duplicate|role_equivalent,1.0000,,20180810_00124258_Business_Manager.docx,
b6dbefe3-5f13-5c5a-8529-a26477218f1e,Untitled Position,2,1,Residence and Housing,False,cupe,False,,,False,aligned,0,near_duplicate|role_equivalent,0.9947,,20080331_00099145_Clerk.doc,
b6e7f421-b050-550c-a6cc-719637bef110,"Manager, SFU Bookstore/Spirit Shop",2,1,,False,apsa,False,0,3,False,aligned,0,role_equivalent,0.9048,,20200601_00064289_JDFN_ASPA_20200601.docx,
b71f0638-fd89-503b-99b7-52eba2075cb0,"Research Safety Coordinator, EHRS",2,1,,False,apsa,False,,,False,aligned,0,role_equivalent,0.9999,,20161102_00119960_JDFN_APSA_20230113.docx,
b7416679-30cc-56ff-b4dd-f270811e7ce8,Desktop Support Analyst,2,1,,False,apsa,False,,,False,aligned,0,near_duplicate|role_equivalent,0.8522,,20230502_00134293_JDFN_APSA_20230505.docx,
b7503234-a541-5295-87f0-10423e469c6c,"Associate Director, Operations, Quality Assurance & Strategic Planning",2,1,Teaching & Learning Centre Administration,False,,False,0,3,False,aligned,0,near_duplicate,0.9407,,20170905_00121953_JDFN.docx,
b7a72248-598e-56c0-9034-67d918fa9d26,Untitled Position,2,1,,False,cupe,False,,,False,aligned,0,near_duplicate,0.9705,,20061129_00001555Clerk.doc,
b8909043-b2c9-5087-a2b3-33ae06c26e2d,Executive Assistant,2,1,Office of the Provost and Vice-President Academic,False,,False,0,0,False,aligned,0,exact,1.0000,,20220923_00124089_00133519_00133520_JDFN_APSA_20220923.docx,
b8982097-8951-58a4-b771-65332755675b,"Producer, Videography",2,1,Creative Studio,False,,False,,,False,aligned,0,near_duplicate,0.9842,,20170309_00116226_Producer_Videography.docx,
b934dcf0-f18f-573e-b669-35fc8c7cc4c4,Functional Analyst,2,1,Ceremonies & Events,False,,False,,,False,aligned,0,near_duplicate,1.0000,,20140127_00114960_Functional_Analyst.docx,
ba50b336-a21a-5c32-a37e-95a68b964d54,Project Coordinator,2,1,"Faculty of Art, Communication and Technology",False,apsa,False,,,False,aligned,0,near_duplicate|role_equivalent,1.0000,,20180328_00123467_Project_Coordinator.docx,
ba9b28da-87c6-5a86-bc46-9d078ea1095d,"Associate Director, Financial Systems and Reporting",2,1,Financial Services,False,,False,0,3,False,aligned,0,near_duplicate,1.0000,,20160330_00001634_Associate_Director.docx,
bafd7830-eafb-539d-b709-cddfae876593,"Director, Special Projects",2,1,Vice-President Academic Office,False,apsa,False,0,4,False,aligned,0,near_duplicate|role_equivalent,1.0000,,20190616_00126300_Director_Special_Projects.docx,
bb4cc4d4-24d8-5597-8880-3bdf29ad82c5,"Manager, Academic and Administrative Services",2,1,Chemistry,False,cupe,False,0,3,False,aligned,0,exact,1.0000,,"20130305_00031501,_Mgr,_Academic___Admin_Services.docx",
bb4ea4f1-1640-5733-aa53-9889e8c5a199,Untitled Position,2,1,,False,cupe,False,,,False,aligned,0,role_equivalent,0.9591,,20001018_00001100Clerk.doc,
bba58661-406d-5869-8e57-10daa778afe1,"Student Recruiter, French Language Programs",2,1,Office of Francophone and Francophile Affairs (OFFA),False,,False,,,False,aligned,0,exact,1.0000,,20170608_00119398_Student_Recruiter.docx,
bbbea3f7-554b-5a55-afab-f98f07b3a6e5,"Manager, President’s Portfolio Administration",2,1,Office of the President,False,apsa,False,0,3,False,aligned,0,near_duplicate|role_equivalent,1.0000,,20180115_00122791_Manager_Presidents_Portfolio_Admin.docx,
bbd7e761-2afa-55e2-8abc-e20b68784f4b,Strategic Business Analyst,2,1,Planning & Analysis,False,apsa,False,,,False,aligned,0,near_duplicate|role_equivalent,1.0000,,20190303_00110689_Strategic_Business_Analyst.docx,
bc6a0a17-a46f-5903-b876-5c5fe2f5dc5f,"Director, Occupational Health & Trades Safety",2,1,Environmental Health & Research Safety,False,,False,0,4,False,aligned,0,near_duplicate,0.9439,,20150126_00098831_Director_OHTS.docx,
bc6aa771-1e04-5b05-952c-873d47eb362d,Confidential Secretary/Event Assistant,2,1,Faculty of Health Science,False,cupe,False,0,0,False,aligned,0,role_equivalent,0.9514,,20190409_00099563_Secretary.docx,
bc8d33e7-fb01-5a78-9196-ff2df33d46fa,Program Assistant,2,1,Faculty of Education,False,cupe,False,0,0,False,aligned,0,role_equivalent,0.9237,,20101124_00063323_Program_Assistant.docx,
bc9b8bca-ba91-558f-beb6-02f2dc00c813,Physical Infrastructure Coordinator,2,2,,False,apsa,False,,,False,aligned,0,role_equivalent,0.9999,,20210217_00103075_JDFN_APSA_20190827.docx,
bd0d35e9-989a-55ef-8ce3-e0174d6833bb,"Program Coordinator, Indigenous Languages Program",2,1,,False,apsa,False,,,False,aligned,0,exact|role_equivalent,1.0000,,20210714_00125527_JDFN_APSA_20210721.docx,
bd114cf8-cb91-5051-a29c-6160f0288c36,"Associate Director, Operations",2,2,,False,apsa,False,0,3,False,aligned,0,near_duplicate|role_equivalent,0.9679,,20200617_00001418_JDFN_APSA_20200925.docx,
bd3e79f1-5254-525b-8611-eaa3e99b0a60,"Director, Education Programs",2,1,Faculty of Health Sciences,False,apsa,False,0,4,False,aligned,0,near_duplicate|role_equivalent,1.0000,,20170110_00120650_Director_Education_Programs.docx,
bd8426e5-c957-529a-9a2f-5105b251bfbd,"Director, Statistical Consulting Services, Surrey",2,1,Statistics and Actuarial Science,False,,False,0,4,False,aligned,0,near_duplicate,1.0000,,20060810_Dir_Stat_Consulting_Svc.doc,
bd9bc419-91f1-5468-8498-078ead3095cf,"Manager, Information Technology & Facility Operations",2,1,Faculty of Health Sciences,False,,False,0,3,False,aligned,0,near_duplicate,0.9958,,20141020_00097680_Mgr_Info_Tech_Fclty_Ops.docx,
bdc6081e-a55c-5f11-b28f-685e34cb2947,"Director, Strategic Awards",2,1,"Institutional Strategic Awards Office, VPR",False,apsa,False,0,4,False,aligned,0,near_duplicate|role_equivalent,1.0000,,20180508_00123771_Director_Strategic_Awards.docx,
be05e771-92bc-550c-a05c-842b02e2b07a,"Analyst, Applied Research in Teaching and Learning (ARTL)",2,1,Teaching and Learning Centre,False,,False,,,False,aligned,0,near_duplicate,0.9245,,20170815_00114600_JDFN.docx,
bea69144-8338-5959-a2a9-9bf96a85b6e8,"Working under the guidance of the Director, the Program Manager, EHRS administers SFU’s Ergonomics Program and manages the Safety Management System (SMS). The incumbent provides consultation, advice, ",2,1,,False,,False,0,3,False,aligned,0,near_duplicate|role_equivalent,1.0000,,20190614_00031305_Program_Manager_EHRS.docx,
bebe79eb-f0e3-51dd-8260-b1492b6333c8,Computer Systems Administrator,2,1,Psychology,False,,False,,,False,aligned,0,near_duplicate,0.9784,,20030325_00001607Computer_systems_admin.doc,
bec3fcca-c476-5e6d-bdb2-28008aca3511,Systems Consultant I,2,1,Centre for Online and Distance Education,False,cupe,False,,,False,aligned,0,near_duplicate,0.8557,,20070622_00000699_Sys_Cons_I_Jun07_Edit.doc,
bf415556-5723-53a1-9b93-2a1c896185e1,Junior Business Analyst,2,1,,False,apsa,False,,,False,aligned,0,role_equivalent,0.9360,,"20200925_00126785,_00128819_JDFN_APSA_20190728.docx",
bf646576-eea0-59cd-9349-50e4d436f4b1,"Associate Director, Sustainability Office",2,1,Office of Sustainability,False,apsa,False,0,3,False,aligned,0,near_duplicate|role_equivalent,1.0000,,20170307_00106294_Associate_Director_Sustainability_Office.docx,
bf6d1b20-b949-5b72-a95b-83107d0282b1,"Associate Director, Health Promotion",2,1,Health and Counselling Services,False,apsa,False,0,3,False,aligned,0,near_duplicate|role_equivalent,1.0000,,20180708_00030634_Assc_Dir_Health_Promotion.docx,
bfcf77d8-0ec6-50bd-85f5-cd8cb93ecc29,"Director, Program Development",2,1,,False,apsa,False,0,4,False,aligned,0,role_equivalent,0.9893,,20200317_00128326_JDFN_APSA_20200316_(1).docx,
c0331cc8-670e-5676-80cb-b8bfb1229460,"Analyst, Knowledge & Practice",2,1,,False,apsa,False,,,False,aligned,0,exact|role_equivalent,1.0000,,20221109_00128140_00133694_JDFN_APSA_20221215.docx,
c03f07b4-c351-5d12-940e-6e579451a311,Manager of Records and Business Liaison,2,1,Graduate and Postdoctoral Studies,False,apsa,False,0,3,False,aligned,0,near_duplicate|role_equivalent,1.0000,,20190923_00126918_Manager_Records_Business_Liaison.docx,
c124f221-a4ac-5687-99b0-e9793558a428,Untitled Position,2,1,,False,cupe,False,,,False,aligned,0,near_duplicate,0.9323,,19920513_00076040Computer_operator.doc,
c154893f-8bfd-562e-8020-70c5af5fea6b,Confidential Administrative Professional III (Executive Coordinator),2,1,"Faculty of Applied Sciences, Office of the Dean",False,apsa,False,,,False,aligned,0,near_duplicate|role_equivalent,0.9700,,20190523_00126297_Conf_Admin_Prof_III.docx,
c1c627a9-07d2-5ed5-894d-8fb4052f15eb,"Director, Graduate Admissions,",2,2,Dean of Graduate Studies Office,False,,False,0,4,False,aligned,0,near_duplicate,0.9136,,20091215_00001072_Director_Grad_Admissions.doc,
c1d0bc0d-a104-510c-b211-cd85e88c0ace,"Manager, Indigenous Education Office",2,1,Faculty of Education,False,,False,0,3,False,aligned,0,near_duplicate,0.9817,,20120420_00111207_Manager.doc,
c1f111a6-9c01-562e-8f11-19646a331959,Information Technology Professional III,2,1,"Network Services Operations Position Reports To (Title): Director, Infrastructure Services",False,apsa,False,,,False,aligned,0,near_duplicate|role_equivalent,0.9869,,20160810_00119652_ITPIII.docx,
c1fe5eeb-77ee-5ffb-b336-8792d761d34c,"Coordinator, Undergraduate Research",2,1,,False,apsa,False,,,False,aligned,0,role_equivalent,0.9083,,20250825_00137300_JDFN_APSA_20250821.docx,
c214c0e5-a2ac-5952-89b1-1b3d33b4b212,Web Services Developer,2,1,Teaching and Learning Centre Administration,False,,False,,,False,aligned,0,exact,1.0000,,20180813_00124330_Web_Services_Developer.docx,
c2579198-0c14-5878-abf9-1efae169b8ba,Untitled Position,2,1,,False,cupe,False,,,False,aligned,0,near_duplicate,0.8776,,20010101_00031000Financial_aid_advisor.doc,
c264583b-842e-5e69-8230-9fe132babcc4,"Manager, Academic & Administrative Services",2,1,Humanities,False,,False,0,3,False,aligned,0,near_duplicate,0.9745,,20141105_00030446_Mgr_Acdmc_Admn_Services.docx,
c2656882-97e6-5419-8c3f-3117e6930824,Untitled Position,2,1,,False,cupe,False,,,False,aligned,0,near_duplicate,0.8811,,"20060526_00001765_Clerk_Typis,_Gr_5.doc",
c293f2c4-647a-5177-94c1-b486cf4b222d,"Associate Director, Teaching and Learning Centre",2,1,Teaching and Learning Centre,False,,False,0,3,False,aligned,0,near_duplicate,0.8940,,20120821_00098911_Assoc_Dir_TLC.docx,
c2f88a0c-4ad2-59e5-b3f5-42101731d103,"Student Recruiter, French Language Programs",2,1,,False,apsa,False,,,False,aligned,0,near_duplicate|role_equivalent,0.9363,,20230501_00119398_00119399_JDFN_APSA_20230508.docx,
c30df306-b80b-5450-825d-e7b3f59a7f5f,Secretary/Budget Clerk,2,1,Woodward’s Cultural Unit (WCU),False,cupe,False,,,False,aligned,0,near_duplicate|role_equivalent,0.9423,,20100830_00107020_Secretary.docx,
c3328b1d-2626-5f68-850b-5ed1d0d6a8f9,"Application Administrator, Microsoft SharePoint",2,1,"IT Services, Learning and Community Systems",False,apsa,False,,,False,aligned,0,near_duplicate|role_equivalent,0.9700,,20190517_00001252_Application_Administrator.docx,
c33793f8-4e7a-5bea-a590-45c9cf5c14d5,Building Technologist,2,1,"Client Services, Facilities Services",False,cupe,False,,,False,aligned,0,near_duplicate|role_equivalent,0.9850,,20130410_00001009_Building_Tech.docx,
c484575f-a953-5b15-b288-5e2cd4e5b2dc,"Coordinator, Graduate Curriculum",2,1,Office of the Dean of Graduate Studies & Postdoctoral Fellows,False,,False,,,False,aligned,0,near_duplicate,1.0000,,20190807_0018398_Coord_Graduate_Curriculum.docx,
c48cc04f-462e-59ae-b129-766d537bceaf,Communications Associate,2,1,"Faculty of Communication, Art and Technology",False,,False,0,1,False,aligned,0,near_duplicate,1.0000,,20151127_00118271_Communications_Associate.docx,
c4905def-d26a-590f-853d-7f74e98f9186,______________________________,2,1,,False,cupe,False,,,False,aligned,0,near_duplicate,0.9761,,20050601_00098240Clerk_.doc,
c4d24282-ad30-5681-a31d-0d263cf6a13c,Untitled Position,2,1,,False,cupe,False,,,False,aligned,0,near_duplicate,0.9890,,"20060612_Clerk,_gr_7,_64368,_Res___Housing.doc",
c4f105b8-baf8-5b24-9641-a845f161124c,Video Journalist,2,1,"Creative Studio, External Relations Communications and Marketing",False,,False,,,False,aligned,0,near_duplicate,0.9759,,20170310_00116227_Video_Journalist.docx,
c533de15-ac41-593d-a11b-9d1e3e22dc98,"Coordinator, Special Projects",2,1,Vice-President Academic Office (VPA),False,,False,,,False,aligned,0,near_duplicate,0.9845,,20191001_20191001_00127428_Coordinator_Special_Projects.docx,
c543cef9-f627-550a-8d6c-5347f9ea73df,"Program Manager, Sustainable Energy Engineering Co-operative Education",2,1,AVPSI Work Integrated Learning Central Operations,False,apsa,False,0,3,False,aligned,0,near_duplicate|role_equivalent,1.0000,,20190303_00125642_Program_Mgr_Coop_Edu_Prgrms.docx,
c556ba4b-80eb-540c-a7ec-9eb8ee0fe15c,"Associate Director, Student Recruitment & Transition",2,1,Student Recruitment and Transition,False,,False,0,3,False,aligned,0,exact,1.0000,,20170704_00001120_JDFN.docx,
c5d534df-dc91-50a4-8a11-3ced23fa5e4c,Co-op Education Coordinator -,2,1,Co-operative Education,False,,False,,,False,aligned,0,near_duplicate,0.9819,,20150410_00030351_Coop_Educ_Coordiniator.docx,
c5fc1e7a-dcd2-50d8-9bf0-de0552ef9755,Network Architect,2,1,,False,apsa,False,,,False,aligned,0,near_duplicate|role_equivalent,0.8873,,20210217_00006923_JDFN_APSA_20190829.docx,
c60cc981-f223-5673-969b-8b4386eb9790,"Coordinator, Residence Facilities",2,1,Residence & Housing,False,,False,,,False,aligned,0,near_duplicate,1.0000,,20160212_00114790_Coord_Res_Facilities.docx,
c699f1cb-3ed1-583a-b9bc-d05f6b8586b1,Community Engagement Associate,2,1,Community Engagement,False,apsa,False,0,1,False,aligned,0,near_duplicate|role_equivalent,0.9700,,20180722_00123297_Community_Engagement_Associate.docx,
c722f3a6-e0a7-5092-b087-8a5f226d54e7,Untitled Position,2,2,Library Loans,False,cupe,False,,,False,aligned,0,role_equivalent,0.7991,,20070620_00006849Library_Assistant.doc,
c73b9100-59fc-58c1-92ba-81d78c3a5418,Correspondence Specialist,2,1,University Advancement,False,cupe,False,,,False,aligned,0,near_duplicate|role_equivalent,0.9010,,20150323_00116902_Secretary.docx,
c745111c-a83d-523c-aea8-4930b6f4e65a,Executive Assistant,2,1,Finance,False,apsa,False,0,0,False,aligned,0,near_duplicate|role_equivalent,1.0000,,20190411_00125699_Executive_Assistant.docx,
c7d49d67-1de0-59b4-8e82-4755a879f677,"Director, Employer Relations and Graduate Career Management Centre",2,1,Graduate Career Managerment Centre – Beedie School of Business,False,cupe,False,0,4,False,aligned,0,near_duplicate,0.9827,,20160426_00117004_Dir_Emplyr_Rltns_and_Grad_CMC.docx,
c7f21709-4d91-5e1c-bddb-6c43498bbc3c,Untitled Position,2,1,Secretary,False,cupe,False,,,False,aligned,0,near_duplicate|role_equivalent,1.0000,,20070726_Secretary__00569.doc,
c8713837-fc59-526e-8825-59a85275326f,Computer Systems Administrator (Engineering Applications Specialist),2,1,School of Engineering Science,False,,False,,,False,aligned,0,near_duplicate,0.9782,,20150225_00114576_Computer_Systems_Admin.docx,
c8c8eef5-1e35-51a5-9477-b0c775221444,Untitled Position,2,1,,False,cupe,False,,,False,aligned,0,exact,1.0000,,20120827_Pos_112172_Faculty_of_Education_Aug_24_2012.doc.docx,
c960aea3-f6ce-5f80-bdbf-7664237a4693,Communications Associate,2,1,,False,apsa,False,0,1,False,aligned,0,near_duplicate|role_equivalent,1.0000,,20200518_00119612_JDFN_APSA_20200713.docx,
c97a7be4-1adb-567d-92cb-ad60a02bc518,"Associate Director, Internal Audit",2,1,,False,apex,False,0,3,False,aligned,0,role_equivalent,0.8913,,20230215_00128925_JDFN_APEX_20230320.docx,
c9bd3637-5843-5c92-b7ed-416cdd83859a,Untitled Position,2,1,,False,cupe,False,,,False,aligned,0,near_duplicate|role_equivalent,0.9747,,20020602_00000350Clerk_June2002.doc,
c9ce358d-1192-5eb9-a4aa-ff2a87c4ca29,"Manager, Budgets & Financial Analysis",2,1,"Strategic Services, IT Services",False,,False,0,3,False,aligned,0,near_duplicate,1.0000,,20160809_00031224_Manager.docx,
ca34ee73-92ba-5bd7-bf37-ecb077388462,Associate Communications Assistant,2,1,"Communications & Marketing, External Relations",False,,False,0,0,False,aligned,0,exact,1.0000,,20150821_00117702_Associate_Comunications_Assistant.docx,
ca36a514-1732-5232-9f90-40e5a313cf0f,Budget Clerk,2,2,First Nations Studies,False,cupe,False,,,False,aligned,0,role_equivalent,0.8292,,20130501_00111395_Clerk.docx,
ca3f8d43-8ae7-5e51-87b7-329a3ea95202,"Associate Director, Post-Award",2,1,"Institutional Strategic Awards Office, VPR",False,apsa,False,0,3,False,aligned,0,near_duplicate|role_equivalent,1.0000,,20190103_00122291__Associate_Director_Post_Awards.docx,
ca79961d-7ab1-5206-99b8-bba736518b6b,"Manager, MBA Careers",2,1,Career Management Centre (CMC),False,apsa,False,0,3,False,aligned,0,near_duplicate,0.9354,,20091109_00101778_Mgr_MBA_Careers_9Nov09.doc,
ca7b3e2d-7789-5cb6-bef2-da1143778ee1,"Confidential Secretary, Temporary, Part Time",2,1,Academic Relations,False,apsa,False,,,False,aligned,0,exact,1.0000,,20100826_00107934_Confidential_Admin_Professional__II.docx,
ca85cb52-024b-540b-afcf-de624c39f128,Program Assistant,2,1,External Relations –,False,cupe,False,0,0,False,aligned,0,role_equivalent,0.8632,,20131105_00114463_Program_Assistant.docx,
caac67b1-f508-5a45-a42e-f926f8843c16,"Information Technology Professional III,",2,1,ESPM Enterprise Systems B48300 Enterprise Sys &,False,,False,,,False,aligned,0,near_duplicate,0.9881,,20120914_00112169_ITP_III.doc,
cacba632-0db2-55dd-a08a-2e0d24ad9cae,"Manager, Back on Track Program",2,1,"Student Services, Academic Advising",False,,False,0,3,False,aligned,0,near_duplicate,0.9452,,20101115_107242_Mgr_Back_on_Track_Prgm.docx,
cae54299-15b9-5f19-af86-a370b213e1c4,"Events and Marketing Coordinator,",2,1,Beedie School of Business,False,,False,,,False,aligned,0,near_duplicate,0.8597,,20110620_00109903_Events_Mrktng_Coord.doc,
cb29619d-f8be-5c42-9909-8497b0240451,"Retail Supervisor, SFU Bookstore/Spirit Shop",2,1,Bookstore/Spirit Shop,False,,False,0,3,False,aligned,0,near_duplicate,0.9648,,20170529_00111448_Retail_Supervisor.docx,
cb73e45c-4f56-5711-a9d4-2c732945e00b,"Coordinator, Communications, Marketing, and Student Recruitment",2,1,Office of Francophone and Francophile Affairs (OFFA),False,apsa,False,,,False,aligned,0,near_duplicate,0.8580,,20160601_00118237_Coord_Comm_Marketing___Stu_Recruit_OFFA.docx,
cba4a632-2ea4-50b8-83ac-03c16e430af9,Network and Systems Administrator,2,1,,False,apsa,False,,,False,aligned,0,role_equivalent,0.8931,,20210217_00125369_JDFN_APSA_20200616.docx,
cba7566b-2fa9-5159-9e87-1ddea146ed6a,Event and Marketing Coordinator,2,1,Faculty of Applied Sciences,False,,False,,,False,aligned,0,exact,1.0000,,20171026_00120033_Event_and_Marketing_Coordinator.docx,
cba90bc0-089e-5739-9b8f-5eba56be450d,Untitled Position,2,1,,False,cupe,False,,,False,aligned,0,near_duplicate,0.9942,,20010917_00031115Secretary.doc,
cbbeb8ec-dfe3-580d-be0f-c25d62dc57a4,Untitled Position,2,1,,False,cupe,False,,,False,aligned,0,near_duplicate,0.9171,,20081001_00001656_UA_Records_Asst_CU_1_Oct_2008.doc,
cbead369-28e2-510c-b95e-3d5d4272bcc5,"Senior Director, Education Operations",2,2,,False,apex,False,0,4,False,aligned,0,near_duplicate|role_equivalent,0.9495,,20240917_00136250_JDFN_APEX_SFUMS_20240917.docx,
cbed3bbe-b0aa-5131-9c1d-d436cd2f1f01,Untitled Position,2,1,,False,cupe,False,,,False,aligned,0,near_duplicate,1.0000,,20080814_00000758_Technician.doc,
cc7e4f04-575e-5f85-8218-5fada13413e3,ADMINISTRATIVE & PROFESSIONAL JOB DESCRIPTION,2,1,Reports to:,False,apsa,False,,,False,aligned,0,near_duplicate|role_equivalent,0.9620,,20190815_00123772_Awards_Specialist_Strategic_Awards.docx,
ccb583e2-5fac-5f2c-be9c-a1de771a6a4b,"Assistant Manager, Payroll",2,1,Financial Services,False,,False,0,3,False,aligned,0,near_duplicate,1.0000,,20160112_00102932_Asst_Mgr_Payroll.docx,
cd2d14a3-f6a7-5487-af6a-b82f39c5929d,"Director, Technology and IP",2,1,,False,apex,False,0,4,False,aligned,0,near_duplicate|role_equivalent,0.9653,,20200203_00128109_JDFN_APEX_20191127.docx,
cdf44ef5-edfc-5a4f-a7df-8728a92ce092,"Manager, Facilities Services",2,1,,False,apsa,False,0,3,False,aligned,0,near_duplicate|role_equivalent,0.9410,,20220713_00112842_JDFN_APSA_20220707_(1).docx,
ce918ed2-c9d6-507d-83bb-631fd12796a5,"Manager, Operations and Financial Analysis",2,1,Beedie School of Business,False,apsa,False,0,3,False,aligned,0,near_duplicate|role_equivalent,1.0000,,20170719_00112741_Mgr_Ops_Fin_Analysis.docx,
cf4e1e5c-43a9-5de7-b67b-f71723849e36,Communications Officer,2,1,,False,apex,False,,,False,aligned,0,near_duplicate|role_equivalent,0.9138,,20221102_00129230_JDFN_APEX_20221102.docx,
cf63ac2d-668a-51c1-8df2-0fd309ea6a2f,Computer Systems Administrator I,2,1,Academic Computing Services,False,,False,,,False,aligned,0,near_duplicate|role_equivalent,0.9909,,19990506_00030312Systems_consultantII.doc,
cfb55e6a-ca44-59b4-a920-5125f4356de4,Systems Consultant I (Desktop & Network Support),2,1,Science - IT Services,False,,False,,,False,aligned,0,near_duplicate,1.0000,,20130530_00113326_System_Consultant_I.docx,
cfcfbc11-8753-57e2-be9a-4078f106d03e,Advancement Records Assistant,2,1,University Advancement,False,cupe,False,0,0,False,aligned,0,near_duplicate|role_equivalent,0.9850,,20150323_00116827_Clerk_Typist.docx,
cfd64cc4-3cb0-5cce-aabc-f7c33987ea56,"Director, Treasury",2,1,Treasury,False,excluded,False,0,4,False,aligned,0,near_duplicate,0.9864,,20120119_00030941_Director_Treasury.doc,
cfe73781-0387-5f95-a6ed-755a04c795f9,Student Affairs Coordinator,2,1,Faculty of Applied Sciences,False,,False,,,False,aligned,0,near_duplicate,0.9019,,20101215_00097328_Student_Affairs_Coord.docx,
d057fa31-c11a-55a6-ad85-eedb0bdcac05,Graphics Artist,2,1,"Centre for Online and Distance Education, Lifelong Learning",False,cupe,False,,,False,aligned,0,near_duplicate|role_equivalent,0.9338,,20140908_00030775_Technician.docx,
d1282cc8-d2dd-50ad-82f0-97342d4c87f7,"Manager, Digital Strategy and Web Communications",2,1,Communication Services,False,,False,0,3,False,aligned,0,near_duplicate,1.0000,,20160412_00096729_Mgr_Digital_Strtgy_Web_Cmns.docx,
d1bd4179-47b7-568a-a088-dc7f7a0efdb7,"Coordinator, Residence Facilities Projects",2,1,Residence & Housing,False,,False,,,False,aligned,0,near_duplicate,1.0000,,20160212_00105804_Coord_Res_Facilities_Proj.docx,
d1cb5ccd-b6ee-524c-96df-03871920ad71,"Associate Director, Admissions & Records",2,2,,False,apsa,False,0,3,False,aligned,0,role_equivalent,0.8397,,20210521_00001072_JDFN_APSA_20210521_(1).docx,
d1fadea4-c5c1-5e1a-8476-2dce634b57a2,"Coordinator, Space Management Planning",2,1,Planning Services,False,apsa,False,,,False,aligned,0,near_duplicate|role_equivalent,1.0000,,20190714_00126299_Coord_Space_Mgmt_Planning.docx,
d260c73d-6eb6-587a-acd7-e270cb26fdd8,Marketing Coordinator,2,2,,False,apsa,False,,,False,aligned,0,role_equivalent,0.8477,,20230116_00120870_00131129_JDFN_APSA_20230116.docx,
d290b771-46c3-5ce5-a705-e5e7b35710ec,Senior Budget Advisor,2,1,Budget,False,,False,,,False,aligned,0,near_duplicate,0.8624,,20041220_00000898Senior_budget_advisor.doc,
d2e4558e-d017-5e9a-b8a4-811e9a108f2e,"Coordinator, Emergency & Continuity Planning",2,1,Safety & Risk Services,False,,False,,,False,aligned,0,near_duplicate,0.9025,,20150530_00104809_Coord_Emrgncy_Cntnty_Plng.docx,
d2e77589-d4e6-518b-b91c-fabbae503cf0,"Coordinator, Refugee and New Canadian Support Programs",2,1,"International Services for Students (ISS), Student Services",False,,False,,,False,aligned,0,near_duplicate,0.9569,,20160405_00118958_Coord.docx,
d3047db1-4613-50d2-b6e6-1de1c06c73d3,"Intermediate Analyst, Student Services",2,1,Business Analysis & Assessment,False,apsa,False,,,False,aligned,0,near_duplicate|role_equivalent,1.0000,,20180109_00122813_Intermediate_Analyst_Student_Services.docx,
d4f521cc-7997-5f3a-a155-eb531e583fbc,"Assistant Director, Internal Communications",2,1,Media and Public Relations,False,,False,0,4,False,aligned,0,near_duplicate,0.9896,,20060407_00000665Asst_dir_int_cmns.doc,
d533c3e4-e92b-58c1-b6b4-51e5838db8d5,Energy Specialist,2,1,Energy Management (Facilities Services),False,,False,,,False,aligned,0,near_duplicate,0.9810,,20170803_00117245_Energy_Specialist.docx,
d54969dd-f7da-553b-b3c1-aaf44ff34e8b,Student & Faculty Engagement Coordinator,2,1,Centre for Dialogue,False,apsa,False,,,False,aligned,0,near_duplicate|role_equivalent,1.0000,,20190113_00125367_Coord_Student_Faculty_Engagement.docx,
d58ff0e9-fbe6-5853-a78d-1a6f995abf07,"Coordinator, Facilities Services",2,1,,False,,False,,,False,aligned,0,exact,1.0000,,20210830_00001547_JDFN_APSA_20210908.doc,
d5b31a01-f3e7-5859-827c-d666409df183,"Coordinator, Graduate Career Management Centre",2,1,"Beedie School of Business, Career Management Centre",False,apsa,False,,,False,aligned,0,near_duplicate|role_equivalent,1.0000,,20180406_00123508_Coord_Grad_Career_Management_Centre.docx,
d6b10a00-d16e-53bc-85ad-ca3276b20f62,"Manager, Educational Media",2,1,Division of Learning and Teaching Technology,False,apsa,False,0,3,False,aligned,0,near_duplicate|role_equivalent,1.0000,,20190715_00111695_Mgr_Educational_Media.docx,
d72ea8dc-9f33-5683-a13b-dbee37a14193,"Manager, Logistics &Technical Operations",2,1,,False,cupe,False,0,3,False,aligned,0,near_duplicate,1.0000,,20130821_00113798_Manager_Logistics___Technical_Operations.docx,
d75e378e-bf83-5715-8be2-97792c5a522a,"Coordinator, Research & Reporting",2,1,Government Relations (VP External Relations Office),False,,False,,,False,aligned,0,near_duplicate,0.9664,,20150413_00116772_Coord_Rsrch_Reporting.docx,
d7697638-a4a5-5870-8bdd-b51f6e979cc0,Untitled Position,2,1,"Office of the Dean,",False,cupe,False,,,False,aligned,0,near_duplicate|role_equivalent,1.0000,,20070427_00001805_Secretary.doc,
d7a055e4-dbab-59f4-8a2f-1e4e1dd289aa,Communications Associate,2,1,"VP Finance and Administration, Human Resources",False,apex,False,0,1,False,aligned,0,near_duplicate|role_equivalent,1.0000,,20181125_00124410_Communications_Associate.docx,
d7a07eeb-9826-5ee3-af7f-d09b1ca8315d,IT Incident Management Specialist,2,1,,False,apsa,False,,,False,aligned,0,near_duplicate|role_equivalent,0.9700,,20251106_00137776_JDFN_APSA_20251106.docx,
d7c70d5d-f792-59f8-b7f8-7544b30abf69,Untitled Position,2,1,,False,cupe,False,,,False,aligned,0,near_duplicate|role_equivalent,0.9500,,20020404_00000964Technician.doc,
d7d4c7a5-1f6e-52af-9726-00581fa8294b,Development Coordinator,2,1,VP Advancement & Alumni Engagement,False,apsa,False,,,False,aligned,0,near_duplicate|role_equivalent,1.0000,,20190305_00125761_Development_Coordinator.docx,
d835d905-47e1-54ed-8cae-854286b6c2f6,Learning Services Associate,2,1,"Library, Student Learning Commons",False,,False,0,1,False,aligned,0,near_duplicate,0.9743,,20150709_00114510_Learning_Services_Associate.docx,
d8c5713b-6d1a-54c7-bca1-720d0e139bf1,"Lab Scientist Fabrication & Prototyping, Team Lead",2,2,4D Labs,False,cupe,False,0,2,False,aligned,0,near_duplicate|role_equivalent,0.8172,,20171015_00122576_JDFN_CUPE_20200604.docx,
d8eeb577-b8e7-5d0f-b88f-eedcfa0f62a0,Untitled Position,2,1,,False,cupe,False,,,False,aligned,0,near_duplicate|role_equivalent,0.9815,,20040909_00064763Clerk.doc,
d8f8269a-a638-542a-9a09-08f450416f50,"Director, Ceremonies & Events",2,1,Ceremonies & Events,False,,False,0,4,False,aligned,0,near_duplicate,0.9638,,20161020_00031160_Director_Ceremonies_and_Events.docx,
d9323f76-f32f-5d27-9c47-ac6369183f1f,"Director, Work Integrated Learning",2,1,Work Integrated Learning,False,cupe,False,0,4,False,aligned,0,exact,1.0000,,"20060809_Director,Work_Integrated_learning.doc",
d9a3e4f5-59e9-5876-933a-a68881d2483a,Undergraduate Advisor & Recruiter,2,1,"Dean’s Office, Faculty of Science",False,,False,,,False,aligned,0,near_duplicate,0.9688,,20160707_00099504_Ugrad_Advisor_and_Rcrtr.docx,
d9a71a0e-2bf8-5e06-9297-19bbb0f38955,Office Coordinator,2,1,FCAT Office,False,apsa,False,,,False,aligned,0,near_duplicate|role_equivalent,0.9700,,20190310_00125693_Office_Coordinator.docx,
d9fda62a-d2b7-5243-9a8d-0af016337c5e,Untitled Position,2,1,,False,cupe,False,,,False,aligned,0,near_duplicate,0.9125,,20041122_00000659Clerk_Typist.doc,
da146bc5-b7aa-57b6-8c5c-5d1679426757,"● We are a leading research university, advancing an inclusive and",2,1,,False,,False,,,False,aligned,0,near_duplicate|role_equivalent,0.9557,,20250521_00137137^00137139_JDFN_APSA_20250521.doc,
da21ba0f-ca83-59f5-94ac-e75d4acceb4d,Untitled Position,2,1,,False,cupe,False,,,False,aligned,0,near_duplicate,0.9312,,19960201_00001111Secretary.doc,
dac264c6-c371-5f0d-81e7-3a5f897290ae,"Manager, Payroll",2,1,Financial Services,False,,False,0,3,False,aligned,0,near_duplicate,1.0000,,"20070924_00030599_Manager,_Payroll.doc",
dad4b0b0-8bcd-5773-bb76-00b7c4ca34b7,"Coordinator, Graduate Studies Promotion",2,1,Faculty of Education,False,,False,,,False,aligned,0,near_duplicate,0.9684,,20130307_00108929_Coord_Grad_Studies_Promotion.doc,
dae2c260-641c-556e-8085-5e9f9999aa8a,"Coordinator, Facilities Services",2,1,"Facilities Services, Vancouver Campus",False,,False,,,False,aligned,0,near_duplicate,0.9660,,20170227_00106029_Coord_Facilities_Serv.docx,
db5b6ded-e92b-5f10-8731-8669588427bc,Untitled Position,2,1,Education Graduate,False,cupe,False,,,False,aligned,0,near_duplicate|role_equivalent,0.9784,,20180619_00110789_Technician.doc,
db7c8735-842b-5e05-a761-685d2ac58fc0,"Associate Director, Research Computing",2,1,,False,apsa,False,0,3,False,aligned,0,near_duplicate|role_equivalent,1.0000,,20210810_00130955_JDFN_APSA_20210713.docx,
dbb582a0-07b0-50a0-b34e-99d2496248c5,"Manager, Corporate Engagement",2,1,"Career Management Centre (CMC), Beedie School of Business",False,,False,0,3,False,aligned,0,near_duplicate,0.9297,,20160620_00118975_Mgr_Corporate_Engagement.docx,
dbeaf35e-c1d6-521a-ae45-d3ee1e268a25,"Associate Director, Training and Awards",2,1,Graduate Studies and Postdoctoral Fellows,False,apsa,False,0,3,False,aligned,0,near_duplicate|role_equivalent,1.0000,,20170426_00121276_Assoc_Director.docx,
dbf6ecf8-11c5-5ecf-83a1-6a60a5fec79f,"Manager, Academic & Administrative Services",2,1,Faculty of Arts & Social Sciences,False,,False,0,3,False,aligned,0,exact,1.0000,,20190724_00099543_JDFN_APSA_20180119_(11).docx,
dbfa5a52-3165-52ed-bfa1-215d38fa154e,Program/Partnership Assistant,2,1,"Cultural Programs Unit,",False,cupe,False,0,0,False,aligned,0,role_equivalent,0.9344,,20150323_00110631_Secretary.docx,
dc068d50-5a6b-583b-a15e-569044f39ee1,Senior Functional Analyst,2,1,Beedie School of Business,False,,False,,,False,aligned,0,near_duplicate,0.9354,,20170117_00120713_Senior_Functional_Anlayst.docx,
dccdf7f6-4b3d-5d2b-b8f3-e5d0681d4e35,Learning Systems Designer & Developer,2,1,Media Production,False,,False,,,False,aligned,0,near_duplicate,0.9719,,20050715_00097426Learning_systems_designer_dev.doc,
dcd9b04c-8050-5f2c-9790-802b31c3581d,Development Planner,2,1,Facilities,False,apsa,False,,,False,aligned,0,near_duplicate|role_equivalent,1.0000,,20190106_00001713_Development_Planner.docx,
dcec3f11-c4be-5e9a-95a2-f69b1b5e3581,"Student Recruiter, French Cohort Program",2,1,Office of Francophone and Francophile Affairs,False,,False,,,False,aligned,0,near_duplicate,0.9613,,20130527_00100993_Student_Recruiter.doc,
dd42f4f8-4c1b-5e1e-9019-a09ae2d0eca2,SCA Technician,2,2,School of Contemporary Arts,False,cupe,False,,,False,aligned,0,role_equivalent,0.8663,,20171201_00122158_Technician.docx,
dd574624-dc67-5feb-8f4e-e101ef7e08ec,Undergraduate Advisor,2,1,School of Criminology,False,,False,,,False,aligned,0,near_duplicate,0.9754,,20190425_00031855_Undergraduate_Advisor.docx,
de94df21-e727-58a9-8b8e-125ee450ff77,Assistant Director (External Communications),2,1,Public Affairs & Media Relations (PAMR),False,,False,0,4,False,aligned,0,exact,1.0000,,20100907_00006986_Asst_Director.docx,
de9d0f6d-99c2-5b11-a709-b79ecf541ce2,"Manager, Science and Environment Co-operative",2,1,Co-operative Education,False,cupe,False,0,3,False,aligned,0,near_duplicate,0.8993,,20000601_00031203Mgr_sci_enviro_coop_educ.doc,
debea368-e524-5253-bba7-34e66701fe73,"Manager, Academic & Administrative Services FASS",2,1,"Dean’s Office, Faculty of Arts & Social Sciences (FASS)",False,apsa,False,0,3,False,aligned,0,near_duplicate,1.0000,,20151221_00116286_Mgr_Acdmc_Admn_Srvcs.docx,
deea96b7-6924-53c4-b53f-4ef3dd68544b,"Coordinator, Curriculum Development",2,1,Economics,False,apsa,False,,,False,aligned,0,near_duplicate|role_equivalent,1.0000,,20190428_00125784_Coordinator_Curriculum_Development.docx,
deef593c-e362-5d0c-85a4-1a9267451f44,"Student Recruiter, French Cohort Program",2,1,Office of Francophone and Francophile Affairs (OFFA) Administration,False,,False,,,False,aligned,0,near_duplicate,0.9756,,20150713_00117524_Student_Recruiter.docx,
df3e9255-3e72-59b4-b174-c4225dad11fa,Untitled Position,2,1,,False,cupe,False,,,False,aligned,0,exact|role_equivalent,0.9850,,20021205_00001444Clerk_Typist_.doc,
dfc96891-d82e-504b-b9f6-bd50aa17776d,"Superintendent, Mechanical Services",2,1,Facilities Management,False,,False,,,False,aligned,0,near_duplicate,0.9137,,20090903_00001013_Superintendent_Mech_Svcs_3Sep09.doc,
dfe569e8-dc89-5755-80f6-23f9ce4d8b66,Program Administrator,2,1,Centre for Accessible Learning,False,cupe,False,,,False,aligned,0,exact|role_equivalent,0.9700,,20210406_00000915_JDFN_CUPE_20210618.docx,
e0320526-d79b-5b42-a242-4d77a8ba0910,"Director, Administration",2,1,The IRMACS Centre,False,,False,0,4,False,aligned,0,near_duplicate,0.9937,,20121030_00112094_Dir_Administration.docx,
e0618d1e-e6ed-5f5e-9b5a-9cdc4e46c188,Benefits Assistant,2,2,,False,apsa,False,0,0,False,aligned,0,role_equivalent,0.9519,,20230619_00134421_JDFN_APSA_20230619.docx,
e0fdca4f-e962-5467-8747-bc6524ac3a6c,Untitled Position,2,2,,False,cupe,False,,,False,aligned,0,near_duplicate,0.9026,,20090609_00063740_Technician_9Jun09.doc,
e11cabc0-0b58-54d6-ac3d-03919582228e,Student Life Educator,2,1,"Student Engagement and Retention, Student Success",False,,False,,,False,aligned,0,near_duplicate,0.9449,,20121203_00097115_Student_Life_Educator.docx,
e1f39870-9185-5ab8-9f9c-ace1a62c609f,Software Developer,2,1,,False,apsa,False,,,False,aligned,0,near_duplicate|role_equivalent,1.0000,,"20200218_00127682,_00127683_JDFN_APSA_20200317.docx",
e23b52ba-e11c-595e-9f66-c3978d3a3999,Disabilities Services Officer Position #:,2,1,Centre for Students with Disabilities,False,,False,,,False,aligned,0,near_duplicate,0.9227,,20060222_31480.doc,
e2dd3ed9-e4d6-566b-8c14-1796cdf3d16b,"Associate Director, Alumni & Community Engagement",2,1,FCAT Dean’s Office,False,apsa,False,0,3,False,aligned,0,near_duplicate|role_equivalent,1.0000,,20190113_00125270_Assoc_Dir_Alumni_Community_Engagement.docx,
e2e3bcc6-d58b-565a-94a7-535624fae061,"Coordinator, MBA Student Relations & Career Programs",2,1,"Career Management Centre (CMC), Beedie School of Business",False,,False,,,False,aligned,0,near_duplicate,0.9960,,20141215_00114462_Coordinator_MBA.docx,
e374250f-6eb5-5a72-90ea-2706ddbf1d56,Systems Consultant I,2,1,Faculty of Applied Sciences,False,,False,,,False,aligned,0,near_duplicate,0.9925,,20141216_00097160__Systems_Consultant.docx,
e4aafe77-23f9-52c9-b680-af65bb874506,Administrative Coordinator,2,1,University Advancement,False,apsa,False,,,False,aligned,0,near_duplicate|role_equivalent,0.9700,,20190303_00125586_Administrative_Coordinator.docx,
e52dbaaf-369c-5c46-beb5-eb6193d8b9a1,"Director, Information, Records and Registration Services",2,1,AVPSI Registration and Information Services,False,apsa,False,0,4,False,aligned,0,near_duplicate|role_equivalent,1.0000,,20190428_00125870_Director_IRR_Services.docx,
e5994aec-cf2f-5217-8e67-f941270c075b,Confidential Executive,2,1,,False,cupe,False,,,False,aligned,0,near_duplicate,0.9486,,20060503_00100165Secretary.doc,
e5b30084-ec15-5049-ac49-1dff13b3c1cc,"Director, Donations Administration & Strategic Projects",2,1,,False,apsa,False,0,4,False,aligned,0,near_duplicate|role_equivalent,0.9889,,20210318_00130316_JDFN_APSA_20210311.docx,
e64f1cfa-7e37-570f-9589-d7d1f3fc4691,Associate Student Recruiter,2,1,"New Student Enrolment & Transition, Student",False,,False,0,1,False,aligned,0,exact,1.0000,,20180118_00123117_Associate_Student_Recruiter.doc,
e68bc17b-fbfd-5b16-b2cf-8c7d8912c9cb,Untitled Position,2,1,,False,cupe,False,,,False,aligned,0,near_duplicate,1.0000,,20080318_00000823_Library_Assistant.doc,
e7107bf1-ee1f-560c-88fa-f63dd3a40f7b,"Manager, Real Estate & Customer Services",2,1,Real Estate Services,False,apsa,False,0,3,False,aligned,0,near_duplicate|role_equivalent,1.0000,,20170607_00111327_Mgr_Real_Estate_Customer_Srvs.docx,
e72dd563-ee5c-5424-989c-4277cc5b5336,"AV Coordinator, SFU’s Big Data Hub",2,1,"IT Services, Audio Visual",False,apsa,False,,,False,aligned,0,near_duplicate|role_equivalent,1.0000,,20171103_00122505_AV_Coordinator_SFU_Big_Data_Hub.docx,
e79ca9a3-84d1-534c-b14a-c740aabab286,Software Engineer,2,1,"IT Services, Security and Compliance",False,apsa,False,,,False,aligned,0,near_duplicate|role_equivalent,1.0000,,20170623_00112430_Software_Engineer.docx,
e7ccffef-c026-5717-b34c-c80b76053434,Project Assistant,2,1,Lifelong Learning,False,cupe,False,0,0,False,aligned,0,near_duplicate|role_equivalent,0.9595,,20160309_00118746_Program_Assistant.docx,
e7d7c3cd-6166-51cd-9d63-2531300eeb00,"Director, Digital Transformation Office",2,1,CIO Office,False,apsa,False,0,4,False,aligned,0,near_duplicate|role_equivalent,1.0000,,20180710_00123780_Director_Digital_Transformation.docx,
e80e94c4-a6af-5f1e-bf44-504a6bc51fc3,Systems Support Analyst,2,1,,False,apsa,False,,,False,aligned,0,role_equivalent,1.0000,,"20210208_00119405,_00122947,_00122748_JDFN_APSA_20190809.docx",
e82fb394-24ce-59c1-aa99-2cd8b9d7c8e5,Untitled Position,2,1,,False,cupe,False,,,False,aligned,0,role_equivalent,0.8632,,20030716_00001431Program_Assistant_Feb2004.doc,
e92d810f-b8c4-5af4-a324-f5cc3b60b1c7,Untitled Position,2,1,Enterprise,False,cupe,False,,,False,aligned,0,near_duplicate|role_equivalent,0.8534,,20080305_00103650_Clerk.doc,
e99c9c43-6bb5-55a9-84a5-9ea3f77b014d,Co-op Education Coordinator - Computing Science,2,1,Co-operative Education,False,apsa,False,,,False,aligned,0,near_duplicate,0.8873,,20010401_00030704Coop_educ_coordinator.doc,
e9f126e0-ceb7-5be2-9947-109e5d869ea3,Instructional Support Technician,2,1,Teaching & Learning Centre,False,cupe,False,,,False,aligned,0,near_duplicate|role_equivalent,0.9655,,20120327_00001812_Technician.docx,
e9f44f9f-59d6-5e8a-8856-222504ff4344,"Manager, Client Services, SFU Surrey Campus",2,1,"Information Technology Services, SFU Surrey Campus",False,,False,0,3,False,aligned,0,near_duplicate,1.0000,,20160712_00001390_Mgr_Client_Srvcs_SFU_Surrey.docx,
e9fba66a-1420-51fd-b51a-2bdb1c9289d6,Untitled Position,2,1,,False,cupe,False,,,False,aligned,0,near_duplicate|role_equivalent,0.9666,,20050421_00098131Receptionist.doc,
ea21f8dc-8cd0-5130-b087-a8620a86cb05,Systems & Web Developer,2,1,Centre for Online & Distance Education (CODE),False,,False,,,False,aligned,0,near_duplicate,0.9928,,20140908_00104324_Systems_Web_Dvlpr.docx,
ea2423ac-9b65-50a6-93c0-28102006020e,"Manager, Graduate Awards",2,1,Dean of Graduate Studies Office,False,,False,0,3,False,aligned,0,near_duplicate,0.8785,,20080903_00102815_Manager_Graduate_Awards.doc,
ea3a3360-9f7f-5485-8dac-30b0759d0bd3,"Coordinator, Recruitment & Admissions",2,1,,False,apsa,False,,,False,aligned,0,exact|role_equivalent,1.0000,,20250903_00120894^00134116_JDFN_APSA_20251223.docx,
eade6b24-d60b-5930-9052-9d23a1c98946,"Director, RADIUS SFU Program",2,1,Beedie School of Business,False,,False,0,4,False,aligned,0,near_duplicate,0.8659,,20170320_00119316_Director_Radius.docx,
eba2aeb4-2b2a-59cf-b306-6a15c18133fd,"Manager, Intellectual Property",2,1,"Industry Engagement, VPR Innovation Office",False,apsa,False,0,3,False,aligned,0,near_duplicate|role_equivalent,1.0000,,20170501_00106480_Manager_Intellectual_Property.docx,
ec004404-39d6-5ccb-a062-b66a08e06361,Student Awards Officer (University Administered Needs-Based Programs),2,1,Financial Aid and Awards – Student Services,False,,False,,,False,aligned,0,near_duplicate,0.8693,,20140403_00110552_Student_Awards_Officer.docx,
ec136c72-bafe-574e-a911-c0d08e41f0ce,"Senior Director, Enterprise Risk and Resilience",2,1,,False,apex,False,0,4,False,aligned,0,role_equivalent,0.9430,,20210908_00122479_JDFN_APEX_202100928.docx,
ec222cc7-0dde-5445-bd85-a84f93ef750b,Technologist/Engineering Assistant,2,1,Faculty of Applied Science,False,cupe,False,0,0,False,aligned,0,near_duplicate|role_equivalent,0.9850,,20200430_00128400_JDFN_CUPE_20200429.docx,
ec2357a2-5f65-578a-b0d7-9581bb7f21ff,"Manager, Service Management Applications",2,1,CIO Office,False,,False,0,3,False,aligned,0,near_duplicate,1.0000,,20130503_00113380_Manager_Service_Management_Applications.docx,
eca7e608-70d7-5b58-bace-0d5bc9dcfb85,Director’s Assistant,2,2,SIAT - Interact Arts and Tech,False,cupe,False,0,4,False,aligned,0,role_equivalent,0.9484,,20260511_1430_JDFN_CUPE_20260609.docx,
ecd67daa-3a76-5689-82c3-4bee05130a29,Compensation Consultant,2,1,Human Resources,False,apsa,False,,,False,aligned,0,exact,1.0000,,20120104_00102104_Compensation_Consltnt.docx,
ed2735c7-eb57-5504-9a70-e4c94f5ecd0e,Academic Advisor,2,2,Student Services – Student Engagement & Retention,False,,False,,,False,aligned,0,near_duplicate,0.8912,,20160919_00118378_Academic_Advisor.docx,
ed5ed328-29ce-569a-adda-b43df91d2a9f,Production and Events Manager,2,2,,False,apsa,False,0,3,False,aligned,0,role_equivalent,0.9869,,20210630_00130403_JDFN_APSA_20210618.docx,
edb04496-dd85-5695-8712-86c2c8eb4f65,Administrative Manager,2,2,,False,apsa,False,0,3,False,aligned,0,role_equivalent,0.7501,,20220803_00133063_JDFN_APSA_20220719_(1).docx,
edc6552a-10e6-5ea4-9852-fd4883bc634d,Information Technology Professional II,2,1,Application Services,False,apsa,False,,,False,aligned,0,near_duplicate,0.9764,,20150330_00116850_ITP_II.docx,
edf9118c-53e2-565c-b878-9629520de53c,"Associate Director, Talent Acquisition & Recruitment",2,2,,False,apex,False,1,3|4,False,aligned,0,near_duplicate|role_equivalent,0.9045,,20231004_00133714_JDFN_APEX_20231004_(1).docx,
ee0d255d-c4fe-5c13-bd6f-555ec1105195,"Associate Director, Residence Ancillary Services",2,1,Residence & Housing,False,,False,0,3,False,aligned,0,near_duplicate,1.0000,,20150126_00118181_Assoc_Dir_Res_Ancillary_Srvs.docx,
ee34407a-d2e7-5459-8f9b-874cd0361003,"Manager, Access & Physical Security Solutions",2,1,Campus Safety & Security Services,False,,False,0,3,False,aligned,0,near_duplicate,1.0000,,20150515_00111761_Mgr_Access.docx,
ee79b0f3-9746-589b-81b4-0d21d3c5a2e0,Program and Budget Coordinator,2,1,"Faculty of Environment, Office of the Dean",False,apsa,False,,,False,aligned,0,near_duplicate|role_equivalent,1.0000,,20190303_00125618_Program_Budget_Coordinator.docx,
ee7bddb6-a5ff-5709-bac0-bda1f9312d02,Untitled Position,2,1,,False,cupe,False,,,False,aligned,0,near_duplicate|role_equivalent,0.9850,,"20070517_Clerk,_gr_7,_30985,_Budget_Assistant.doc",
eeff3d1d-b8b1-5842-840d-740905a70789,"Manager, Academic & Administrative Services",2,1,Gerontology,False,apsa,False,0,3,False,aligned,0,near_duplicate,1.0000,,20160215_00000258_Manager.docx,
f006f48c-aaeb-522e-af74-a8f6642ab195,"Manager,",2,1,,False,cupe,False,0,3,False,aligned,0,near_duplicate|role_equivalent,0.8994,,20070501_101713Maintenance_Coordinator.doc,
f021fa55-48b6-532b-9817-5f5822641313,Board Assistant (Excluded),2,1,President’s Office,False,excluded,False,0,0,False,aligned,0,near_duplicate,0.8930,,20150902_00123134_Board_Assistant.docx,
f06f9605-60bd-5c3d-9656-59d3f1946a18,Executive Secretary to the Chief Information Officer,2,1,ITS Administration,False,,False,,,False,aligned,0,near_duplicate,0.9923,,20190317_00102374_Conf_Admin_Professional_III.docx,
f09d7211-dc99-5f06-8bc5-18ff3fadaccc,Untitled Position,2,1,Bookstore,False,cupe,False,,,False,aligned,0,near_duplicate|role_equivalent,0.9559,,20110225_00109173_Clerk.doc,
f11535a5-6678-5ee1-a309-e7958feefd76,Technician,2,1,Education Central - Faculty of Education,False,cupe,False,,,False,aligned,0,near_duplicate|role_equivalent,0.9776,,20131201_00114993_Technician.docx,
f129c19c-8d84-5056-af83-c70f841e0e6a,"Manager, Ceremonies and Events",2,1,Ceremonies and Events,False,apsa,False,0,3,False,aligned,0,near_duplicate|role_equivalent,1.0000,,20170712_00121807_Mgr_Ceremonies_and_Events.docx,
f13d7699-7851-5edb-96ed-d829295f8162,"Manager, Communications and Public Relations",2,1,Hellenic Studies,False,,False,0,3,False,aligned,0,near_duplicate,0.9792,,20170321_00120891_Mgr_Cmns_and_Public_Rltns.docx,
f14bf804-c6b7-5b9a-b63f-0a243898e7be,Research Grants Facilitator,2,1,"Major Projects Office, Office of the Vice-",False,,False,,,False,aligned,0,exact,1.0000,,20090526_00000587_Rsch_Grants_Facilitator.doc,
f1781c88-dd60-5272-8bd0-4250555e8fae,Internal Auditor,2,1,Internal Audit,False,,False,,,False,aligned,0,near_duplicate,0.9793,,20161124_00120182_Internal_Auditor.docx,
f19303f4-a925-5bf9-b9e9-cce6e5d8d8ca,Business Intelligence Architect,2,1,"Project Portfolio Office, IT Services",False,apsa,False,,,False,aligned,0,near_duplicate|role_equivalent,1.0000,,20170614_00121469_Business_IntelligenceArchtct.docx,
f25a66e5-9a50-527f-81f6-e1449dfcea28,"Manager, Academic and Administrative Services",2,1,"Gender, Sexuality, and Women’s Studies",False,,False,0,3,False,aligned,0,near_duplicate,0.9956,,20120913_00030839_Mgr_Acdmc_Admn_Srvc.doc,
f29cb28f-090f-519e-8925-7b53427ed1ee,"Director, Research & Laboratory Safety",2,1,Environmental Health & Research Safety,False,,False,0,4,False,aligned,0,near_duplicate,0.9952,,20150126_00099033_Dir_Rsrch_Lab_Sfty.docx,
f3836dd2-f00d-5681-8135-03db542ecd59,Untitled Position,2,1,,False,cupe,False,,,False,aligned,0,near_duplicate,1.0000,,20040403_00001831Program_assistant.doc,
f3a8727a-1f1b-5e16-a167-e4e883175b0f,Career Services Advisor (WIL),2,1,Career Services,False,,False,,,False,aligned,0,near_duplicate,0.9687,,20080721_00063039_Career_Services_Advisor.doc,
f3fb8621-118e-5dbe-adc7-34e957a27751,Computer Systems Administrator,2,1,School of Computing Science,False,,False,,,False,aligned,0,exact,1.0000,,20100929_00000856_Administrator.docx,
f406a562-d616-5a52-bdb1-5bce5d32c243,"Coordinator, Student Affairs",2,1,"Faculty of Applied Sciences, Office of the Dean",False,apsa,False,,,False,aligned,0,near_duplicate|role_equivalent,1.0000,,20180307_00123313_Coordinator_Student_Affairs.docx,
f429dd2e-9627-569d-bc74-cde80bc8a91a,"Coordinator, CUC Graduate Program",2,1,School of Communication,False,,False,,,False,aligned,0,near_duplicate,0.9526,,20130121_00112763_Coord_CUC_Grad_Prgm.doc,
f46dff51-ee70-55bd-84c6-7caf2d0e5956,"Coordinator, Scheduling/Advising",2,1,Beedie School of Business,False,apsa,False,,,False,aligned,0,near_duplicate|role_equivalent,1.0000,,20171120_00122507_Coordinator_Scheduling_Advising.docx,
f5983674-52a2-52af-bdb8-f241c79b5bf1,Technical Support Specialist,2,1,"Centre for Online and Distance Education, Lifelong Learning",False,cupe,False,,,False,aligned,0,near_duplicate|role_equivalent,0.9850,,20140902_00000459_Technician.docx,
f5ff7dce-d808-5148-8637-9875b12c1bfd,"Associate Director, Assessment and Special Projects",2,1,Beedie School of Business,False,apsa,False,0,3,False,aligned,0,near_duplicate|role_equivalent,1.0000,,20180930_00124339_Associate_Director.docx,
f60200c7-6cd2-57fb-a175-176d580472af,Secretary,2,1,Faculty of Science,False,cupe,False,,,False,aligned,0,role_equivalent,0.8597,,20160707_00100702_Secretary.docx,
f646520c-d7d6-5d39-9a80-5da9ea6c5419,"We are Canada’s engaged university, defined by our dynamic integration of innovative education, cutting-edge research, and far-reaching community engagement.",2,1,,False,apsa,False,,,False,aligned,0,exact|role_equivalent,1.0000,,20230706_00126091_00134780_APSA_JDFN_20231208.docx,
f6c12a6c-06af-5eca-9a15-df3b2752bd15,"Coordinator, Employer Engagement",2,1,Beedie School of Business,False,,False,,,False,aligned,0,near_duplicate,0.9373,,20161122_00120197_Coord_Employer_Engmnt.docx,
f71d36e2-4ad6-5d77-9445-f274c40ff8c0,Assistant to the Director - Graduate Programs,2,1,Faculty of Education,False,,False,0,0,False,aligned,0,exact,1.0000,,19890120_00076036_Assistant_to_the_Director.doc,
fae7baba-90da-52c0-94b4-6627fb0a6781,Untitled Position,2,1,,False,cupe,False,,,False,aligned,0,near_duplicate,0.9398,,20050816_00001656Clerk_August2005.doc,
fbb746cb-8e1d-529c-afa3-4aa7207b65c4,Operations Manager,2,1,Beedie Executive Education Programs,False,apsa,False,0,3,False,aligned,0,near_duplicate|role_equivalent,1.0000,,20190210_00125522_Operations_Manager.docx,
fbc3c76b-b62f-5e88-82ff-6453356ee168,Summer Camp Clerk,2,1,Recreation & Athletics,False,cupe,False,,,False,aligned,0,near_duplicate|role_equivalent,0.9467,,20150423_00099951_Clerk_Typist.docx,
fbdb49c1-b87d-5523-8a93-51b383957f09,"Associate Director, English as an Additional Language Programs",2,1,"Division of Curriculum & Instruction, Centre for Educational Excellence",False,apsa,False,0,3,False,aligned,0,near_duplicate|role_equivalent,1.0000,,20190715_00125681_Associate_Director_EAL.docx,
fc0bf3fa-42d1-5094-96b0-14e32c3d073d,Untitled Position,2,1,,False,cupe,False,,,False,aligned,0,near_duplicate,0.9820,,20010903_00030683Technician.doc,
fc96aaf3-5909-5bf0-a8ce-8c11ad4d20c3,"Coordinator, PDFs and Professional Development Programs",2,1,Graduate Studies,False,,False,,,False,aligned,0,near_duplicate,0.9852,,20121127_00112552_Coord.docx,
fca07186-e975-5963-a35c-1884753f9556,Untitled Position,2,1,,False,cupe,False,,,False,aligned,0,near_duplicate,0.9941,,20011109_00031225Secretary.doc,
fca7891d-5b21-5609-a392-e26a8a676079,"Manager, International Office",2,1,Faculty of Education (FoE),False,,False,0,3,False,aligned,0,near_duplicate,0.9489,,20110706_00109742_Mgr_Intl_Office.doc,
fcf09840-02f5-52f1-a511-b12d8b00c136,Technician,2,1,Molecular Biology and Biochemistry,False,cupe,False,,,False,aligned,0,role_equivalent,0.9216,,20230303_00000150_JDFN_CUPE_20230303.docx,
fd43ee07-9d96-5f42-bb09-f664fe7fe447,Senior Analyst,2,1,,False,apsa,False,,,False,aligned,0,exact|role_equivalent,1.0000,,20220923_00105515_APSA_JDFN_20220923.docx,
fda52119-dc76-59bd-98e9-dccd3e5431b4,Financial Analyst,2,1,"Industry Engagement, Research Operations Unit",False,apsa,False,,,False,aligned,0,near_duplicate|role_equivalent,0.9700,,20171204_00122819_Financial_Analyst.docx,
fdc76cac-94be-5277-be1b-3bc1fe699b32,"Coordinator, Admissions & Recruitment",2,1,,False,apsa,False,,,False,aligned,0,exact|role_equivalent,1.0000,,20210501_00006855_JDFN_APSA_20210921.docx,
fdd3167f-3eab-5aa1-b5b3-198cad1f9262,"Coordinator, Events and Recruitment",2,2,,False,apsa,False,,,False,aligned,0,role_equivalent,0.9542,,20240918_00108929_JDFN_APSA_20241030.docx,
fdd77bfc-f82c-5025-9266-8d37b92c7471,"Administrative Coordinator, OFFA",2,2,Office of Francophone and Francophile Affairs,False,,False,0,3,False,aligned,0,near_duplicate,0.9690,,20120706_00097627_Admn_Coord.doc,
fe99810c-fde9-518e-8ee1-055f8648c525,Untitled Position,2,1,,False,cupe,False,,,False,aligned,0,near_duplicate,1.0000,,19930519_00000823Library_assistant.doc,
feaa0860-ab10-521a-b352-0c194b800044,"Project Manager, Online and Blended Learning",2,2,,False,apsa,False,0,3,False,aligned,0,role_equivalent,0.9487,,20200724_00129163_JDFN_APSA_20200806.docx,
fee45b66-e8e2-5a5c-b26e-65dc3e9c8085,"Coordinator, Communications and Marketing",2,1,"Office of the Vice-President, Research – KEY, SFU’s Big Data Initiative",False,apsa,False,,,False,aligned,0,near_duplicate|role_equivalent,1.0000,,20171213_00122898_Coordinator_Comms_Marketing.docx,
fef16c0c-ea4d-5f66-af96-ea6f0aecea29,Student Awards Officer (Entrance Scholarships and Awards),2,1,Financial Aid and Awards – Student Services,False,,False,,,False,aligned,0,near_duplicate,0.8674,,20140403_00110063_Student_Awards_Officer.docx,
ff07c38c-05fe-538e-b698-4581d845f5b7,"Coordinator, Student Recruitment and Advising",2,1,"Faculty of Arts and Social Sciences, Office of the Dean",False,apsa,False,,,False,aligned,0,near_duplicate|role_equivalent,1.0000,,20190319_00103128__Coord_Stdt_Rcrtment_Advsng.docx,
ff6ec97c-8f46-594d-93a5-35a4d85691fe,Technician,2,1,Earth Sciences,False,cupe,False,,,False,aligned,0,near_duplicate|role_equivalent,0.9303,,20180709_00006725_Technician.docx,
ff792903-407f-5825-bf90-b1eb44b4bf53,"Coordinator, IRM Program",2,1,SFU International,False,apsa,False,,,False,aligned,0,near_duplicate|role_equivalent,1.0000,,20190519_00125754_Coordinator_IRM_Program.docx,
ff7c3ec7-b5fc-53a0-abf7-0f6391499c0e,Digital Media and Sports Information Specialist,2,1,Athletics & Recreation,False,,False,,,False,aligned,0,near_duplicate,0.9764,,20161005_00119876_Digital_Media.docx,
ffa57a0e-9ed8-573f-8790-7147a87f9fee,"Manager, Academic and Administrative Services,",2,1,Urban Studies,False,,False,0,3,False,aligned,0,near_duplicate,0.9767,,"20061001_01685_Manager,_Urban_Studies.doc",
ffcde9f9-4cfd-5024-879c-bbcf028c5dd2,Educational Research Developer,2,1,,False,apsa,False,,,False,aligned,0,role_equivalent,0.9996,,20210302_00130307_JDFN_APSA_20210226.docx,
fff1eee2-748c-5436-bf7c-013dd2a96a70,Postal Clerk,2,2,Residence & Housing,False,cupe,False,,,False,aligned,0,near_duplicate|role_equivalent,0.9316,,20150721_00102621_Clerk.docx,
